instID,church_type,instName,language,instNote,placeName,region,county_orig,county_reg,city_orig,city_reg,state_orig,state_reg,latitude,longitude,attendingInstID,attendingChurch,attendingChurchFrequency,persID,persTitle,persName,persSuffix,persRole,persNote,memberType,member,affiliated,order,year,attendingPersID,attendingChurchNote,diocese,diocese_reg
﻿alb.ny.0001,﻿cathedral,﻿Cathedral of the Immaculate Conception,English,,,,,,﻿Albany City,﻿Albany,﻿NY,,42.647478,-73.759623,,,,,﻿Rt. Rev.,﻿John J. Conroy,﻿D.D.,,,,,,,1867,﻿,﻿,﻿Albany,Albany
﻿alb.ny.0001,﻿cathedral,﻿Cathedral of the Immaculate Conception,English,,,,,,﻿Albany City,﻿Albany,﻿NY,,42.647478,-73.759623,,,,,﻿Rev.,﻿E. P. Wadhams,,﻿Rector,,,,,,1867,﻿,﻿,﻿Albany,Albany
﻿alb.ny.0001,﻿cathedral,﻿Cathedral of the Immaculate Conception,English,,,,,,﻿Albany City,﻿Albany,﻿NY,,42.647478,-73.759623,,,,﻿p_ludden_001,﻿Rev.,﻿Patrick Ludden,,﻿Secretary,,,,,,1867,﻿,﻿,﻿Albany,Albany
﻿alb.ny.0001,﻿cathedral,﻿Cathedral of the Immaculate Conception,English,,,,,,﻿Albany City,﻿Albany,﻿NY,,42.647478,-73.759623,,,,,﻿Rev.,﻿Ambrose M. O'Neil,,﻿Assistant,,,,,,1867,﻿,﻿,﻿Albany,Albany
﻿alb.ny.0001,﻿cathedral,﻿Cathedral of the Immaculate Conception,English,,,,,,﻿Albany City,﻿Albany,﻿NY,,42.647478,-73.759623,,,,,﻿Rev.,﻿Thos. Doran,,,,,,,,1867,﻿,﻿,﻿Albany,Albany
﻿alb.ny.0001,﻿cathedral,﻿Cathedral of the Immaculate Conception,English,,,,,,﻿Albany City,﻿Albany,﻿NY,,42.647478,-73.759623,,,,,﻿Rev. Mr.,﻿Shields,,,﻿now at Louvain University,,,,,1867,﻿,﻿,﻿Albany,Albany
﻿alb.ny.0002,﻿church,﻿St. Joseph's,English,,,,,,﻿Albany City,﻿Albany,﻿NY,,42.6569339,-73.7514357,﻿alb.ny.0001,﻿under the immediate care of the Rt. Rev. Bishop,,,,,,,,,,,,1867,﻿,﻿,﻿Albany,Albany
﻿alb.ny.0002,﻿church,﻿St. Joseph's,English,,,,,,﻿Albany City,﻿Albany,﻿NY,,42.6569339,-73.7514357,,,,﻿tho_m_burke_001,﻿Rev.,﻿Thos. A. Burke,,,,,,,,1867,﻿,﻿,﻿Albany,Albany
﻿alb.ny.0002,﻿church,﻿St. Joseph's,English,,,,,,﻿Albany City,﻿Albany,﻿NY,,42.6569339,-73.7514357,,,,,﻿Rev.,﻿Philip Smith,,,,,,,,1867,﻿,﻿,﻿Albany,Albany
﻿alb.ny.0002,﻿church,﻿St. Joseph's,English,,,,,,﻿Albany City,﻿Albany,﻿NY,,42.6569339,-73.7514357,,,,,,,,﻿Assistants,,,,,,1867,﻿,﻿,﻿Albany,Albany
﻿alb.ny.0004,﻿church,﻿St. John's,English,,,,,,﻿Albany City,﻿Albany,﻿NY,,42.7041884,-73.7989418,,,,,﻿Rev.,﻿C. Fitzpatrick,,﻿Pastor,,,,,,1867,﻿,﻿,﻿Albany,Albany
﻿alb.ny.0004,﻿church,﻿St. John's,English,,,,,,﻿Albany City,﻿Albany,﻿NY,,42.7041884,-73.7989418,,,,,﻿Rev.,﻿C. Griffith,,﻿Assistant,,,,,,1867,﻿,﻿,﻿Albany,Albany
﻿alb.ny.0003,﻿church,﻿St. Mary's,English,"﻿new church, under roof",,,,,﻿Albany City,﻿Albany,﻿NY,,42.6518641,-73.7528084,,,,﻿c_walworth_001,﻿Rev.,﻿C. A. Walworth,,﻿Pastor,,,,,,1867,﻿,﻿,﻿Albany,Albany
﻿alb.ny.0003,﻿church,﻿St. Mary's,English,"﻿new church, under roof",,,,,﻿Albany City,﻿Albany,﻿NY,,42.6518641,-73.7528084,,,,,﻿Rev.,﻿Joseph Taney,,﻿Assistant,,,,,,1867,﻿,﻿,﻿Albany,Albany
﻿alb.ny.0005,﻿church,﻿Holy Cross,﻿German,,,,,,﻿Albany City,﻿Albany,﻿NY,,42.6525793,-73.7562317,,,,,﻿Rev.,﻿Theodore Noethen,,﻿Pastor,,,,,,1867,﻿,﻿,﻿Albany,Albany
﻿alb.ny.0008,﻿church,not recorded,﻿German,"﻿New German Church, about to be built in the Bowery",﻿Bowery,,,,﻿Albany City,﻿Albany,﻿NY,,42.706944,-73.8161747,,,,,﻿Rev.,﻿Francis Neubauer,﻿O.M.C.,,,,,,,1867,﻿,﻿,﻿Albany,Albany
﻿alb.ny.0006,﻿church,﻿St. Patrick's,English,﻿new church in process of erection,,,,,﻿Albany City,﻿Albany,﻿NY,,42.6525793,-73.7562317,,,,,﻿Rev.,﻿Felix McGinn,,﻿Pastor,,,,,,1867,﻿,﻿,﻿Albany,Albany
﻿alb.ny.0334,﻿chapel,﻿Chapel of the Sacred Heart,English,,,,,,﻿Albany City,﻿Kenwood (Albany),,,42.6236907,-73.7731769,,,,,﻿Rev.,﻿P. Ludden,,,,,,,,1867,﻿,﻿,﻿Albany,Albany
﻿alb.ny.0012,﻿chapel,﻿Boys Asylum,English,,,,,,﻿Albany City,﻿Albany,﻿NY,,42.6525793,-73.7562317,,,,,﻿Rev.,﻿A. Manahan,﻿D.D.,,,,,,,1867,﻿,﻿,﻿Albany,Albany
﻿alb.ny.0013,﻿hospital,﻿Hospital,English,,,,,,﻿Albany City,﻿Albany,﻿NY,,42.6525793,-73.7562317,,,,,﻿Rev.,﻿A. Manahan,﻿D.D.,,,,,,,1867,﻿,﻿,﻿Albany,Albany
﻿alb.ny.0015,﻿house,﻿Poorhouse,English,,,,,,﻿Albany City,﻿Albany,﻿NY,,42.64840519,-73.78034623,,,,,﻿Rev.,﻿A. Manahan,﻿D.D.,,,,,,,1867,﻿,﻿,﻿Albany,Albany
﻿alb.ny.0016,﻿church,﻿St. John's Church,English,,,,,,﻿East Albany,﻿Albany,﻿NY,,42.7041884,-73.7989418,,,,,﻿Rev.,﻿E. Bayard,,,,,,,,1867,﻿,﻿,﻿Albany,Albany
﻿alb.ny.0020,﻿church,not recorded,English,,,,﻿Oneida County,﻿Oneida County,﻿Alder Creek,﻿Alder Creek,﻿NY,,43.4234022,-75.2279451,﻿alb.ny.0082,﻿attended from Constableville,,,,,,,,,,,,1867,﻿,﻿,﻿Albany,Albany
﻿alb.ny.0022,﻿church,﻿St. Mary's,English,,,,﻿Montgomery County,﻿Montgomery County,﻿Amsterdam,﻿Amsterdam,﻿NY,,42.9377453,-74.190356,,,,,﻿Rev.,﻿Philip Keveny,,,,,,,,1867,﻿,﻿,﻿Albany,Albany
﻿alb.ny.0023,﻿church,not recorded,English,,,,﻿Oneida County,﻿Oneida County,﻿Annsville,﻿Annsville,﻿NY,,43.320996,-75.6440842,﻿alb.ny.0113,﻿attended from Florence,,,,,,,,,,,,1867,﻿,﻿,﻿Albany,Albany
﻿alb.ny.0024,﻿church,﻿St. Michael's,English,,,,﻿Jefferson County,﻿Jefferson County,﻿Antwerp,﻿Antwerp,﻿NY,,44.1992272,-75.6068791,﻿alb.ny.0072,﻿attended from Clayton,,,,,,,,,,,,1867,﻿,﻿,﻿Albany,Albany
﻿alb.ny.0025,﻿church,﻿St. Patrick's,English,,,,﻿Greene County,﻿Greene County,﻿Ashland,﻿Ashland,﻿NY,,42.3036956,-74.3334789,﻿alb.ny.0060,﻿attended from Catskill,,,,,,,,,,,,1867,﻿,﻿,﻿Albany,Albany
﻿alb.ny.0026,﻿church,﻿—,English,,,,﻿Greene County,﻿Greene County,﻿Athens,﻿Athens,﻿NY,,42.2780372,-73.8654295,﻿alb.ny.0144,﻿attended from Hudson,,,,,,,,,,,,1867,﻿,﻿,﻿Albany,Albany
﻿alb.ny.0027,﻿church,﻿Holy Name,English,,,,﻿Clinton County,﻿Clinton County,﻿Ausable Forks,﻿Au Sable Forks,﻿NY,,44.439685,-73.678554,﻿alb.ny.0155,﻿attended from Keeseville,,,,,,,,,,,,1867,﻿,﻿,﻿Albany,Albany
﻿alb.ny.0028,﻿church,﻿St. Mary's,English,,,,﻿Onondaga County,﻿Onondaga County,﻿Baldwinsville,﻿Baldwinsville,﻿NY,,43.1586786,-76.3327095,﻿alb.ny.0122,﻿attended from Fulton,,,,,,,,,,,,1867,﻿,﻿,﻿Albany,Albany
﻿alb.ny.0029,﻿church,﻿St. Peter's,English,,,,﻿Saratoga County,﻿Saratoga County,﻿Ballston,﻿Ballston,﻿NY,,42.9653961,-73.8654295,﻿alb.ny.0245,﻿attended from Saratoga,,,,,,,,,,,,1867,﻿,﻿,﻿Albany,Albany
﻿alb.ny.0030,﻿church,not recorded,English,,,,﻿Rensselaer County,,﻿Bangall,,﻿NY,,42.91047726,-73.43380448,﻿alb.ny.0182,﻿attended from Mechanicsville,,,,,,,,,,,,1867,﻿,﻿,﻿Albany,Albany
﻿alb.ny.0037,﻿church,not recorded,English,,,,﻿Lewis County,,﻿Belleville,,﻿NY,,43.840112,-75.4344727,﻿alb.ny.0082,﻿attended from Constableville,,,,,,,,,,,,1867,﻿,﻿,﻿Albany,Albany
﻿alb.ny.0038,﻿church,not recorded,English,,,,﻿Lewis County,,﻿Belford,﻿Belfort,﻿NY,,43.9281238,-75.3321316,﻿alb.ny.0088,﻿attended from Croghan,,,,,,,,,,,,1867,﻿,﻿,﻿Albany,Albany
﻿alb.ny.0039,﻿church,﻿St. John's,English,,,,﻿Broome County,﻿Broome County,﻿Binghamton,﻿Binghamton,﻿NY,,42.0986867,-75.9179738,,,,,﻿Rev.,﻿James Hourigan,,,,,,,,1867,﻿,﻿,﻿Albany,Albany
﻿alb.ny.0381,﻿church,not recorded,English,,,,﻿Clinton County,,﻿Blackbrook,,﻿NY,,,,﻿alb.ny.0155,﻿attended from Keeseville,,,,,,,,,,,,1867,﻿,﻿,﻿Albany,Albany
﻿alb.ny.0040,﻿church,not recorded,English,,,,﻿Fulton County,﻿Fulton County,﻿Bleecker,﻿Bleecker,﻿NY,,43.1197942,-74.3676371,,"﻿attended from St. John's, Utica",,,,,,,,,,,,1867,﻿,﻿,﻿Albany,Albany
﻿alb.ny.0041,﻿church,not recorded,English,,,,﻿Oneida County,﻿Oneida County,﻿Booneville,﻿Boonville,﻿NY,,43.4836801,-75.3365607,﻿alb.ny.0082,﻿attended from Constableville,,,,,,,,,,,,1867,﻿,﻿,﻿Albany,Albany
﻿alb.ny.0042,﻿church,not recorded,English,,,,﻿Franklin County,﻿St. Lawrence County,﻿Brazier Falls,﻿Brasher,﻿NY,,44.8071678,-74.7768851,,,,,﻿Rev.,﻿John McDermott,,,,,,,,1867,﻿,﻿,﻿Albany,Albany
﻿alb.ny.0043,﻿church,not recorded,English,,,,﻿Franklin County,,﻿Brush's Mills,,﻿NY,,44.5926135,-74.3387798,﻿alb.ny.0042,﻿attended from Brazier Falls,,,,,,,,,,,,1867,﻿,﻿,﻿Albany,Albany
﻿alb.ny.0044,﻿church,not recorded,English,,,,﻿Rensselaer County,﻿Rensselaer County,﻿Buskirk's Bridge,﻿Buskirk,﻿NY,,42.9532966,-73.4328842,﻿alb.ny.0053,﻿attended from Cambridge,,,,,,,,,,,,1867,﻿,﻿,﻿Albany,Albany
﻿alb.ny.0051,﻿church,not recorded,English,,,,﻿Clinton County,﻿Clinton County,﻿Cadysville,﻿Cadysville,﻿NY,,44.6980977,-73.631528,,,,﻿ric_j_maloney_001,﻿Rev.,﻿Richard I. Molony,﻿O.M.I.,,,,,,,1867,﻿,﻿,﻿Albany,Albany
﻿alb.ny.0052,﻿church,not recorded,English,,,,﻿Oswego County,﻿Oswego County,﻿Colosse,﻿Colosse,﻿NY,,43.4203473,-76.1588146,﻿alb.ny.0273,"﻿attended from Franciscan Convent, Syracuse",,,,,,,,,,,,1867,﻿,﻿,﻿Albany,Albany
﻿alb.ny.0053,﻿church,﻿St. Mary's,English,,,,﻿Washinton County,﻿Washington County,﻿Cambridge,﻿Cambridge,﻿NY,,43.0281329,-73.3812231,,,,,﻿Rev.,﻿E. A. Daily,﻿O.S.A.,,,,,,,1867,﻿,﻿,﻿Albany,Albany
﻿alb.ny.0053,﻿church,﻿St. Mary's,English,,,,﻿Washinton County,﻿Washington County,﻿Cambridge,﻿Cambridge,﻿NY,,43.0281329,-73.3812231,,,,,﻿Rev.,﻿E. J. Donnelly,﻿O.S.A.,,,,,,,1867,﻿,﻿,﻿Albany,Albany
﻿alb.ny.0054,﻿church,﻿St. John's,English,,,,﻿Oneida County,﻿Oneida County,﻿Camden,﻿Camden,﻿NY,,43.3387364,-75.7836589,﻿alb.ny.0113,﻿attended from Florence,,,,,,,,,,,,1867,﻿,﻿,﻿Albany,Albany
﻿alb.ny.0055,﻿church,﻿St. Mary's,English,,,,﻿Onondaga County,﻿Onondaga County,﻿Camillus,﻿Camillus,﻿NY,,43.0407857,-76.2810848,,,,﻿fra_purcell_001,﻿Rev.,﻿Francis J. Purcell,,,,,,,,1867,﻿,﻿,﻿Albany,Albany
﻿alb.ny.0055,﻿church,﻿St. Mary's,English,,,,﻿Onondaga County,﻿Onondaga County,﻿Camillus,﻿Camillus,﻿NY,,43.0407857,-76.2810848,,,,,﻿Rev.,﻿Eug. Carroll,,,,,,,,1867,﻿,﻿,﻿Albany,Albany
﻿alb.ny.0056,﻿church,not recorded,English,,,,﻿Montgomery County,﻿Montgomery County,﻿Canajoharie,﻿Canajoharie,﻿NY,,42.9056288,-74.5718073,,,,,﻿Rev.,﻿J. J. Brennan,,,,,,,,1867,﻿,﻿,﻿Albany,Albany
﻿alb.ny.0057,﻿church,not recorded,English,,,,﻿St. Lawrence County,﻿St. Lawrence County,﻿Canton,﻿Canton,﻿NY,,44.5971465,-75.2054607,﻿alb.ny.0228,﻿attended from Potsdam,,,,,,,,,,,,1867,﻿,﻿,﻿Albany,Albany
﻿alb.ny.0058,﻿church,not recorded,English,,,,﻿Jefferson County,﻿Jefferson County,﻿Cape Vincent,﻿Cape Vincent,﻿NY,,44.1278299,-76.3330006,,,,,﻿Rev.,﻿C. F. Turgeon,,,,,,,,1867,﻿,﻿,﻿Albany,Albany
﻿alb.ny.0059,﻿church,﻿St. James',English,,,,﻿Jefferson County,﻿Jefferson County,﻿Carthage,﻿Carthage,﻿NY,,43.9781236,-75.6093591,,,,,﻿Rev.,﻿Michael Barry,,,,,,,,1867,﻿,﻿,﻿Albany,Albany
﻿alb.ny.0060,﻿church,﻿St. Patrick's,English,,,,﻿Greene County,﻿Greene County,﻿Catskill,﻿Catskill,﻿NY,,42.2173102,-73.8645734,,,,,﻿Rev.,﻿J. H. W. Maeyers,,,,,,,,1867,﻿,﻿,﻿Albany,Albany
﻿alb.ny.0062,﻿church,﻿St. James',English,,,,﻿Madison County,﻿Madison County,﻿Cazenovia,﻿Cazenovia,﻿NY,,42.9300668,-75.8526915,,,,,﻿Rev.,﻿P. Brady,﻿.,,,,,,,1867,﻿,﻿,﻿Albany,Albany
﻿alb.ny.0063,﻿church,﻿St. Anne's,English,,,,﻿Clinton County,﻿Clinton County,﻿Centreville,﻿Mooers Forks,﻿NY,,44.9580936,-73.6406994,﻿alb.ny.0064,﻿attended from Champlain,,,,,,,,,,,,1867,﻿,﻿,﻿Albany,Albany
﻿alb.ny.0064,﻿church,﻿St. Mary's,English,,,,﻿Clinton County,﻿Clinton County,﻿Champlain,﻿Champlain,﻿NY,,44.9864273,-73.4465251,,,,,﻿Rev.,﻿O. La Salle,,,,,,,,1867,﻿,﻿,﻿Albany,Albany
﻿alb.ny.0065,﻿church,﻿St. Patrick's,English,,,,﻿Franklin County,﻿Franklin County,﻿Chateaugay,﻿Chateaugay,﻿NY,,44.9259589,-74.0812346,,,,﻿edm_de-pauw_001,﻿Rev.,﻿Edward de Pauw,﻿O.M.C.,,,,,,,1867,﻿,﻿,﻿Albany,Albany
﻿alb.ny.0065,﻿church,﻿St. Patrick's,English,,,,﻿Franklin County,﻿Franklin County,﻿Chateaugay,﻿Chateaugay,﻿NY,,44.9259589,-74.0812346,,,,,﻿Rev.,﻿B. Corney,﻿O.M.C.,,,,,,,1867,﻿,﻿,﻿Albany,Albany
﻿alb.ny.0066,﻿church,not recorded,English,,,,,,﻿Chatham Centre,﻿Chatham Center,﻿NY,,42.4181391,-73.6140058,﻿alb.ny.0086,﻿attended from Coxsackie,,,,,,,,,,,,1867,﻿,﻿,﻿Albany,Albany
﻿alb.ny.0067,﻿church,﻿St. Patrick's,English,,,,﻿Columbia County,﻿Columbia County,﻿Chatham Four Corners,﻿Chatham,﻿NY,,42.3642516,-73.5948391,﻿alb.ny.0144,﻿attended from Hudson,,,,,,,,,,,,1867,﻿,﻿,﻿Albany,Albany
﻿alb.ny.0069,﻿church,not recorded,English,,,,,,﻿Cherry Valley,,﻿NY,,42.67097444,-74.51295598,﻿alb.ny.0083,﻿attended from Cooperstown,,,,,,,,,,,,1867,﻿,﻿,﻿Albany,Albany
﻿alb.ny.0070,﻿church,not recorded,English,,,,﻿Clinton County,﻿Clinton County,﻿Chazy,﻿Chazy,﻿NY,,44.8895329,-73.4360334,﻿alb.ny.0084,﻿attended from Corbeau,,,,,,,,,,,,1867,﻿,﻿,﻿Albany,Albany
﻿alb.ny.0071,﻿church,not recorded,English,,,,,﻿Madison County,﻿Chittenango,﻿Chittenango,﻿NY,,43.0495999,-75.904525,﻿alb.ny.0062,﻿attended from Cazenovia,,,,,,,,,,,,1867,﻿,﻿,﻿Albany,Albany
﻿alb.ny.0072,﻿church,﻿St. Mary's,English,,"﻿Clayton, or French Creek, Jefferson Co.,",,﻿Jefferson County,﻿Jefferson County,"﻿Clayton, or French Creek",﻿Clayton,﻿NY,,44.239491,-76.0857759,,,,﻿jam_j_sherry_001,﻿Rev.,﻿James J. Sherry,,,,,,,,1867,﻿,﻿,﻿Albany,Albany
﻿alb.ny.0073,﻿church,not recorded,English,,,,﻿Oneida County,﻿Oneida County,﻿Clayville,﻿Clayville,﻿NY,,42.98007,-75.2509965,﻿alb.ny.0075,﻿attended from Clinton,,,,,,,,,,,,1867,﻿,﻿,﻿Albany,Albany
﻿alb.ny.0393,﻿church,not recorded,English,,,,﻿Oswego County,,﻿Cleveland,,﻿NY,,,,,﻿attended from ____,,,,,,,,,,,,1867,﻿,﻿,﻿Albany,Albany
﻿alb.ny.0075,﻿church,﻿St. Mary's,English,,,,﻿Oneida County,﻿Oneida County,﻿Clinton,﻿Clinton,﻿NY,,43.0484029,-75.3785034,,,,,﻿Rev.,﻿P. O'Reilly,,,,,,,,1867,﻿,﻿,﻿Albany,Albany
﻿alb.ny.0076,﻿church,not recorded,English,,,,﻿Clinton County,﻿Clinton County,﻿Clintonville,﻿Clintonville,﻿NY,,44.4656034,-73.5826369,﻿alb.ny.0155,﻿attended from Keeseville,,,,,,,,,,,,1867,﻿,﻿,﻿Albany,Albany
﻿alb.ny.0077,﻿church,not recorded,English,,,,﻿Albany County,﻿Albany County,﻿Coeymans,﻿Coeymans,﻿NY,,42.4739705,-73.7923456,﻿alb.ny.0086,﻿attended from Coxsackie,,,,,,,,,,,,1867,﻿,﻿,﻿Albany,Albany
﻿alb.ny.0078,﻿church,﻿St. Bernard's,English,,,,﻿Albany County,﻿Albany County,﻿Cohoes,﻿Cohoes,﻿NY,,42.7742446,-73.7001187,,,,,﻿Rev.,﻿Thomas Keveny,,﻿Pastor,,,,,,1867,﻿,﻿,﻿Albany,Albany
﻿alb.ny.0078,﻿church,﻿St. Bernard's,English,,,,﻿Albany County,﻿Albany County,﻿Cohoes,﻿Cohoes,﻿NY,,42.7742446,-73.7001187,,,,,﻿Rev.,﻿Barth. Grattan,,,,,,,,1867,﻿,﻿,﻿Albany,Albany
﻿alb.ny.0167,﻿church,not recorded,English,,,,﻿Oswego County,﻿Oswego County,﻿Little France,﻿Little France,﻿NY,,43.3478471,-76.0965894,﻿alb.ny.0167,"﻿attended from Franciscan Convent, Syracuse",,,,,,,,,,,,1867,﻿,﻿,﻿Albany,Albany
﻿alb.ny.0080,﻿church,﻿St. Patrick's,English,,,,﻿Otsego County,﻿Otsego County,﻿Constantia,﻿Constantia,﻿NY,,42.5779779,-75.0611147,﻿alb.ny.0234,﻿attended from Rome,,,,,,,,,,,,1867,﻿,﻿,﻿Albany,Albany
﻿alb.ny.0082,﻿church,﻿St. Mary's,English,,,,﻿Lewis County,﻿Lewis County,﻿Constableville,﻿Constableville,﻿NY,,43.566736,-75.4285106,,,,,﻿Rev.,﻿William Howard,,,,,,,,1867,﻿,﻿,﻿Albany,Albany
﻿alb.ny.0388,﻿church,﻿St. Michael's,﻿German,,,,﻿Lewis County,﻿Lewis County,﻿Constableville,﻿Constableville,﻿NY,,43.566736,-75.4285106,,,,,﻿Rev.,﻿Bernard Teutenberg,﻿O.M.C.,,,,,,,1867,﻿,﻿,﻿Albany,Albany
﻿alb.ny.0083,﻿church,not recorded,English,,,,﻿Otsego County,﻿Otsego County,﻿Cooperstown,﻿Cooperstown,﻿NY,,42.7006303,-74.924321,,,,,,,,,,,,,,1867,﻿,﻿,﻿Albany,Albany
﻿alb.ny.0084,﻿church,﻿St. Joseph's,English,,,,﻿Clinton County,﻿Clinton County,﻿Corbeau,﻿Coopersville,﻿NY,,44.9430949,-73.4079125,,,,,﻿Rev.,﻿Louis Lapic,,,,,,,,1867,﻿,﻿,﻿Albany,Albany
﻿alb.ny.0085,﻿church,not recorded,English,,,,﻿Cortland County,﻿Cortland County,﻿Cortland,﻿Cortland,﻿NY,,42.6062596,-76.1600408,,,,,﻿Rev.,﻿Edward Coleman,,﻿Pastor,,,,,,1867,﻿,﻿,﻿Albany,Albany
﻿alb.ny.0086,﻿church,﻿----,English,,,,﻿Greene County,﻿Greene County,﻿Coxsackie,﻿Coxsackie,﻿NY,,42.3533814,-73.8044957,,,,,﻿Rev.,﻿M. Roche,,,,,,,,1867,﻿,﻿,﻿Albany,Albany
﻿alb.ny.0394,﻿church,﻿St. Stephen's,English,,,,﻿Louis County,,﻿Croghan,,﻿NY,,,,,,,,﻿Rev.,﻿Clement Moutsaers,﻿O.M.C.,,,,,,,1867,﻿,﻿,﻿Albany,Albany
﻿alb.ny.0089,﻿church,not recorded,English,,,,﻿Essex County,﻿Essex County,﻿Crownpoint,﻿Crown Point,﻿NY,,43.9503352,-73.4370667,﻿alb.ny.0226,﻿attended from Port Henry,,,,,,,,,,,,1867,﻿,﻿,﻿Albany,Albany
﻿alb.ny.0094,﻿church,﻿—,English,,,,﻿Lewis County,,﻿Daynesville,,﻿NY,,43.90319176,-75.49323367,﻿alb.ny.0088,﻿attended from Croghan,,,,,,,,,,,,1867,﻿,﻿,﻿Albany,Albany
﻿alb.ny.0095,﻿church,﻿Holy Cross,English,,,,﻿Oneida County,﻿Oneida County,﻿Deerfield,﻿Deerfield,﻿NY,,43.1894938,-75.1428632,﻿alb.ny.0196,﻿attended from Newport,,,,,,,,,,,,1867,﻿,﻿,﻿Albany,Albany
﻿alb.ny.0098,﻿church,﻿St. Joseph's,English,,,,﻿Broome County,﻿Delaware County,﻿Deposit,﻿Deposit,﻿NY,,42.0616669,-75.4254077,,,,,﻿Rev.,﻿E. McGeugh,,,,,,,,1867,﻿,﻿,﻿Albany,Albany
﻿alb.ny.0099,﻿church,not recorded,English,,,,﻿Oneida County,﻿Oneida County,﻿Durhamville,﻿Durhamville,﻿NY,,43.1221234,-75.6700373,﻿alb.ny.0234,﻿attended from Rome,,,,,,,,,,,,1867,﻿,﻿,﻿Albany,Albany
﻿alb.ny.0382,﻿church,not recorded,English,,,,﻿Franklin County,﻿Clinton County,﻿Ellenburgh Centre,﻿Ellenburg,﻿NY,,44.8939294,-73.8365371,﻿alb.ny.0065,﻿attended from Chateaugay,,,,,,,,,,,,1867,﻿,﻿,﻿Albany,Albany
﻿alb.ny.0395,﻿church,not recorded,English,,,,,,﻿Elder Creek,,﻿NY,,,,﻿alb.ny.0065,﻿attended from Chateaugay,,,,,,,,,,,,1867,﻿,﻿,﻿Albany,Albany
﻿alb.ny.0389,﻿church,not recorded,English,,,,﻿Jefferson County,﻿Jefferson County,﻿Evans' Mills,,﻿NY,,,,﻿alb.ny.0306,﻿attended from Cape Vincent,,,,,,,,,,,,1867,﻿,﻿,﻿Albany,Albany
﻿alb.ny.0390,﻿church,not recorded,English,,,,,,﻿Fayette,,﻿NY,,,,﻿alb.ny.0062,﻿attended from Cazenovia,,,,,,,,,,,,1867,﻿,﻿,﻿Albany,Albany
﻿alb.ny.0111,﻿church,not recorded,English,,,,﻿Fulton County,,﻿Fish House,,﻿NY,,43.1458366,-74.13015987,﻿alb.ny.0022,﻿attended from Amsterdam,,,,,,,,,,,,1867,﻿,﻿,﻿Albany,Albany
﻿alb.ny.0113,﻿church,﻿St. Mary's,English,,,,﻿Oneida County,﻿Oneida County,﻿Florence,﻿Florence,﻿NY,,43.4384032,-75.7493533,,,,,﻿Rev.,﻿John Ludden,,,,,,,,1867,﻿,﻿,﻿Albany,Albany
﻿alb.ny.0114,﻿church,not recorded,English,,,,﻿Montgomery County,﻿Montgomery County,﻿Fonda,﻿Fonda,﻿NY,,42.9545179,-74.3765241,﻿alb.ny.0022,﻿attended from Amsterdam,,,,,,,,,,,,1867,﻿,﻿,﻿Albany,Albany
﻿alb.ny.0115,﻿church,not recorded,English,,,,﻿Broome County,﻿Broome County,﻿Forks,﻿Chenango Forks?,﻿NY,,42.2366636,-75.8477951,﻿alb.ny.0039,﻿attended from —,,,,,,,,,,,,1867,﻿,﻿,﻿Albany,Albany
﻿alb.ny.0116,﻿church,not recorded,English,,,,﻿Washington County,﻿Washington County,﻿Fort Ann,﻿Fort Ann,﻿NY,,43.4142449,-73.4876959,﻿alb.ny.0312,﻿attended from Whitehall,,,,,,,,,,,,1867,﻿,﻿,﻿Albany,Albany
﻿alb.ny.0117,﻿church,not recorded,English,,,,﻿Franklin County,﻿Franklin County,﻿Fort Covington,﻿Fort Covington,﻿NY,,44.988444,-74.49651,﻿alb.ny.0142,﻿attended from Hogansburgh,,,,,,,,,,,,1867,﻿,﻿,﻿Albany,Albany
﻿alb.ny.0118,﻿church,not recorded,English,,,,﻿Washington County,﻿Washington County,﻿Fort Edward,﻿Fort Edward,﻿NY,,43.2670175,-73.5845597,﻿alb.ny.0129,﻿attended from Glenn's Falls,,,,,,,,,,,,1867,﻿,﻿,﻿Albany,Albany
﻿alb.ny.0119,﻿church,not recorded,English,,,,﻿Montgomery County,﻿Montgomery County,﻿Fort Plain,﻿Fort Plain,﻿NY,,42.9314616,-74.6226425,﻿alb.ny.0056,﻿attended from Canajoharie,,,,,,,,,,,,1867,﻿,﻿,﻿Albany,Albany
﻿alb.ny.0120,﻿church,not recorded,English,,,,﻿Herkimer County,﻿Herkimer County,﻿Frankfort,﻿Frankfort,﻿NY,,43.038959,-75.070436,﻿alb.ny.0149,﻿attended from Ilion,,,,,,,,,,,,1867,﻿,﻿,﻿Albany,Albany
﻿alb.ny.0122,﻿church,﻿—,English,,,,﻿Oswego County,﻿Oswego County,﻿Fulton,﻿Fulton,﻿NY,,43.3228462,-76.4171585,,,,,﻿Rev.,﻿James Smith,,,,,,,,1867,﻿,﻿,﻿Albany,Albany
﻿alb.ny.0124,﻿church,﻿—,English,,,,﻿Saratoga County,﻿Saratoga County,﻿Galway,﻿Galway,﻿NY,,43.0186858,-74.0315162,﻿alb.ny.0245,﻿attended from Saratoga,,,,,,,,,,,,1867,﻿,﻿,﻿Albany,Albany
﻿alb.ny.0128,﻿church,﻿St. Mary's,English,,,,﻿Warren County,﻿Warren County,﻿Glenn's Falls,﻿Glens Falls,﻿NY,,43.3095164,-73.6440058,,,,,﻿Rev.,﻿James McDermot,,,,,,,,1867,﻿,﻿,﻿Albany,Albany
﻿alb.ny.0129,﻿church,﻿St. —,﻿French,,,,﻿Warren County,﻿Warren County,﻿Glenn's Falls,﻿Glens Falls,﻿NY,,43.3095164,-73.6440058,,,,,﻿Rev.,﻿H. Theberge,,,﻿French,,,,,1867,﻿,﻿,﻿Albany,Albany
﻿alb.ny.0130,﻿church,not recorded,English,,,,﻿St. Lawrence County,﻿St. Lawrence County,﻿Gouverneur,﻿Gouverneur,﻿NY,,44.3367281,-75.462993,﻿alb.ny.0228,﻿attended from Potsdam,,,,,,,,,,,,1867,﻿,﻿,﻿Albany,Albany
﻿alb.ny.0131,﻿church,not recorded,English,,,,﻿Washington County,﻿Washington County,﻿Granville,﻿Granville,﻿NY,,43.4078495,-73.259553,﻿alb.ny.0312,﻿attended from Whitehall,,,,,,,,,,,,1867,﻿,﻿,﻿Albany,Albany
﻿alb.ny.0132,﻿church,not recorded,English,,,,﻿Chenango County,﻿Chenango County,﻿Greene,﻿Greene,﻿NY,,42.3292408,-75.7699147,﻿alb.ny.0200,﻿attended from Norwich,,,,,,,,,,,,1867,﻿,﻿,﻿Albany,Albany
﻿alb.ny.0396,﻿church,not recorded,English,,﻿East-Albany,,﻿Rensselaer County,,﻿Greenbush,,﻿NY,,,,,,,,﻿Rev.,﻿E. Bayard,,,,,,,,1867,﻿,﻿,﻿Albany,Albany
﻿alb.ny.0133,﻿church,﻿--,English,,,,﻿Columbia County,,﻿Greenfield,,﻿NY,,42.31404598,-73.74542533,﻿alb.ny.0086,﻿attended from Coxsackie,,,,,,,,,,,,1867,﻿,﻿,﻿Albany,Albany
﻿alb.ny.0135,﻿church,not recorded,English,,,,﻿Fulton County,﻿Fulton County,﻿Gloversville,﻿Gloversville,﻿NY,,43.0528506,-74.3437467,﻿alb.ny.0022,﻿attended from Amsterdam,,,,,,,,,,,,1867,﻿,﻿,﻿Albany,Albany
﻿alb.ny.0139,﻿church,not recorded,English,,,,﻿Madison County,﻿Madison County,﻿Hamilton,﻿Hamilton,﻿NY,,42.8270136,-75.5446238,﻿alb.ny.0200,﻿attended from Norwich,,,,,,,,,,,,1867,﻿,﻿,﻿Albany,Albany
﻿alb.ny.0140,﻿church,﻿St. Patrick's,English,,,,﻿Lewis County,﻿Lewis County,﻿Harrisburgh,﻿Harrisburg,﻿NY,,43.8109024,-75.6440842,﻿alb.ny.0168,﻿attended from Lowville,,,,,,,,,,,,1867,﻿,﻿,﻿Albany,Albany
﻿alb.ny.0141,﻿church,not recorded,English,,,,﻿Herkimer County,﻿Herkimer County,﻿Herkimer,﻿Herkimer,﻿NY,,43.0256259,-74.9859889,﻿alb.ny.0149,﻿attended from Ilion,,,,,,,,,,,,1867,﻿,﻿,﻿Albany,Albany
﻿alb.ny.0142,﻿church,﻿St. Mary's,English,,,,﻿Franklin County,﻿Franklin County,﻿Hogansburgh,﻿Hogansburg,﻿NY,,44.9743028,-74.6667878,,,,,﻿Rev.,﻿Joseph de Luca,﻿D.D.,,,,,,,1867,﻿,﻿,﻿Albany,Albany
﻿alb.ny.0143,﻿church,﻿Immaculate Conception,English,,,,﻿Rensselaer County,﻿Rensselaer County,﻿Hoosick Falls,﻿Hoosick Falls,﻿NY,,42.9011892,-73.3515001,﻿alb.ny.0053,﻿attended from Cambridge,,,,,,,,,,,,1867,﻿,﻿,﻿Albany,Albany
﻿alb.ny.0144,﻿church,﻿St. Mary's,English,,,,﻿Columbia County,﻿Columbia County,﻿Hudson,﻿Hudson,﻿NY,,42.3678759,-73.5594128,,,,,﻿Rev.,﻿James S. O'Sullivan,,,,,,,,1867,﻿,﻿,﻿Albany,Albany
﻿alb.ny.0144,﻿church,﻿St. Mary's,English,,,,﻿Columbia County,﻿Columbia County,﻿Hudson,﻿Hudson,﻿NY,,42.3678759,-73.5594128,,,,,﻿Rev.,﻿J. J. Moriarty,,﻿Assistant,,,,,,1867,﻿,﻿,﻿Albany,Albany
﻿alb.ny.0145,﻿church,not recorded,English,,,,﻿Greene County,﻿Greene County,﻿Hunter,﻿Hunter,﻿NY,,,,﻿alb.ny.0060,﻿attended from Catskill,,,,,,,,,,,,1867,﻿,﻿,﻿Albany,Albany
﻿alb.ny.0149,﻿church,not recorded,English,,,,﻿Herkimer County,﻿Herkimer County,﻿Ilion,﻿Ilion,﻿NY,,43.0150703,-75.0354347,,,,,﻿Rev.,﻿-----,,,,,,,,1867,﻿,﻿,﻿Albany,Albany
﻿alb.ny.0151,﻿church,not recorded,English,,,,﻿Montgomery County,,﻿Johnstown,﻿Johnstown,﻿NY,,43.0067399,-74.3676356,﻿alb.ny.0022,﻿attended from Amsterdam,,,,,,,,,,,,1867,﻿,﻿,﻿Albany,Albany
﻿alb.ny.0152,﻿church,not recorded,English,,,,﻿Onondaga County,﻿Onondaga County,﻿Jordan,﻿Jordan,﻿NY,,43.0653441,-76.4729927,﻿alb.ny.0055,﻿attended from Camillus,,,,,,,,,,,,1867,﻿,﻿,﻿Albany,Albany
﻿alb.ny.0153,﻿church,not recorded,English,,,,,,﻿Junction,,﻿NY,,43.01158964,-76.45725664,﻿alb.ny.0055,﻿attended from Camillus,,,,,,,,,,,,1867,﻿,﻿,﻿Albany,Albany
﻿alb.ny.0155,﻿church,﻿Immaculate Conception,English,,,,﻿Essex County,﻿Essex County,﻿Keeseville,﻿Keeseville,﻿NY,,44.5050479,-73.4801348,,,,,﻿Rev.,﻿John McDonald,,,,,,,,1867,﻿,﻿,﻿Albany,Albany
﻿alb.ny.0156,﻿church,﻿St. John the Baptist,English,,,,﻿Essex County,﻿Essex County,﻿Keeseville,﻿Keeseville,﻿NY,,44.5050479,-73.4801348,,,,﻿j_b_le-grand_001,﻿Rev. Mr.,﻿Legrand,,,,,,,,1867,﻿,﻿,﻿Albany,Albany
﻿alb.ny.0158,﻿church,﻿St. John's,English,,,,﻿Jefferson County,﻿Jefferson County,﻿Lafargeville,﻿La Fargeville,﻿NY,,44.1947726,-75.9660514,﻿alb.ny.0072,﻿attended from Clayton,,,,,,,,,,,,1867,﻿,﻿,﻿Albany,Albany
﻿alb.ny.0159,﻿church,﻿St. John the Baptist,English,,,,﻿Rensselaer County,﻿Rensselaer County,﻿Lansingburgh,﻿Lansingburgh,﻿NY,,42.7845222,-73.6695624,,,,﻿tho_galberry_001,﻿Rev.,﻿Thos. Galberry,﻿O.S.A.,,,,,,,1867,﻿,﻿,﻿Albany,Albany
﻿alb.ny.0397,﻿church,﻿St. Mary's,English,,,,﻿Columbia County,,﻿Lebanon Springs,,﻿NY,,,,﻿alb.ny.0086,﻿attended from Coxsackie,,,,,,,,,,,,1867,﻿,﻿,﻿Albany,Albany
﻿alb.ny.0398,﻿church,not recorded,English,,,,﻿Jefferson County,,﻿Le Raysville,,﻿NY,,,,,﻿attended from,,,,,,,,,,,,1867,﻿,﻿,﻿Albany,Albany
﻿alb.ny.0399,﻿church,not recorded,English,,,,﻿Lewis County,,﻿Lewisburgh,,﻿NY,,,,﻿alb.ny.0059,﻿attended from Carthage,,,,,,,,,,,,1867,﻿,﻿,﻿Albany,Albany
﻿alb.ny.0166,﻿church,not recorded,English,"﻿church burnt down, to be rebuilt",,,﻿Herkimer County,﻿Herkimer County,﻿Little Falls,﻿Little Falls,﻿NY,,43.0434039,-74.8595957,,,,﻿b_f_mcloghlin_001,﻿Rev.,﻿B. F. McLoughlin,,,,,,,,1867,﻿,﻿,﻿Albany,Albany
﻿alb.ny.0168,﻿church,not recorded,English,,,,﻿Lewis County,﻿Lewis County,﻿Lowville,﻿Lowville,﻿NY,,43.786736,-75.4918505,,,,﻿n_u_herbst_001,﻿Rev.,﻿J. Herbst,,,,,,,,1867,﻿,﻿,﻿Albany,Albany
﻿alb.ny.0171,﻿church,not recorded,English,,,,﻿Oneida County,﻿Oneida County,﻿McConnellsville,﻿McConnellsville,﻿NY,,43.2723805,-75.694317,﻿alb.ny.0113,﻿attended from Florence,,,,,,,,,,,,1867,﻿,﻿,﻿Albany,Albany
﻿alb.ny.0172,﻿church,not recorded,English,,,,﻿Columbia County,﻿Columbia County,﻿Malden,﻿Malden,﻿NY,,42.3678759,-73.5594128,﻿alb.ny.0086,﻿attended from Coxsackie,,,,,,,,,,,,1867,﻿,﻿,﻿Albany,Albany
﻿alb.ny.0173,﻿church,﻿St. Joseph's,English,,,,﻿Franklin County,﻿Franklin County,﻿Malone,﻿Malone,﻿NY,,44.8483135,-74.2993623,,,,﻿edw_f_van-campenhoudt_001,﻿Rev.,﻿Edward Van Campenhoudt,,,,,,,,1867,﻿,﻿,﻿Albany,Albany
﻿alb.ny.0175,﻿church,﻿St. Mary's,﻿German,,,,﻿Onondaga County,﻿Onondaga County,﻿Manlius,﻿Manlius,﻿NY,,43.0575765,-75.9692855,,,,,﻿Rev.,﻿M. Ramsauer,﻿O.S.B.,,,,,,,1867,﻿,﻿,﻿Albany,Albany
﻿alb.ny.0177,﻿church,not recorded,English,,,,﻿Lewis County,﻿Lewis County,﻿Maple Ridge,,﻿NY,,43.81008622,-75.49016386,﻿alb.ny.0168,﻿attended from Lowville,,,,,,,,,,,,1867,﻿,﻿,﻿Albany,Albany
﻿alb.ny.0179,﻿church,not recorded,English,,,,﻿—,﻿Cortland County,﻿Marathon,﻿Marathon,﻿NY,,42.441739,-76.0321474,﻿alb.ny.0085,﻿attended from Cortland,,,,,,,,,,,,1867,﻿,﻿,﻿Albany,Albany
﻿alb.ny.0180,﻿church,not recorded,English,,,,,﻿Onondaga County,﻿Marcellus,﻿Marcellus,﻿NY,,42.9828438,-76.3404867,﻿alb.ny.0055,﻿attended from Camillus.,,,,,,,,,,,,1867,﻿,﻿,﻿Albany,Albany
﻿alb.ny.0181,﻿church,not recorded,English,,,,﻿St. Lawrence County,﻿St. Lawrence County,﻿Massena,﻿Massena,﻿NY,,44.9281049,-74.891865,﻿alb.ny.0302,﻿attended from Waddington,,,,,,,,,,,,1867,﻿,﻿,﻿Albany,Albany
﻿alb.ny.0182,﻿church,﻿St. Mary's,English,,,,﻿Saratoga County,﻿Saratoga County,﻿Mechanicsville,﻿Mechanicville,﻿NY,,42.9028547,-73.6873405,,,,,﻿Rev.,﻿T. A. Darrah,﻿O.S.A.,,,,,,,1867,﻿,﻿,﻿Albany,Albany
﻿alb.ny.0183,﻿church,not recorded,English,,,,﻿Essex County,﻿Essex County,﻿Minerva,﻿Minerva,﻿NY,,43.7914527,-73.984302,﻿alb.ny.0128,﻿attended from Glenn's Falls,,,,,,,,,,,,1867,﻿,﻿,﻿Albany,Albany
﻿alb.ny.0383,﻿church,not recorded,English,,,,﻿Herkimer County,﻿Herkimer County,﻿Mohawk,,﻿NY,,,,﻿alb.ny.0149,﻿attended from Ilion,,,,,,,,,,,,1867,﻿,﻿,﻿Albany,Albany
﻿alb.ny.0185,﻿church,﻿St. Peter and Paul,English,,,,﻿Lewis County,﻿Lewis County,﻿Montague,﻿Montague,﻿NY,,43.7042161,-75.6906241,﻿alb.ny.0168,﻿attended from Lowville,,,,,,,,,,,,1867,﻿,﻿,﻿Albany,Albany
﻿alb.ny.0186,﻿church,﻿Immaculate Conception,English,,,,﻿Hamilton County,﻿Hamilton County,﻿Morehouseville,﻿Morehouseville,﻿NY,,43.3909017,-74.7737668,﻿alb.ny.0196,﻿attended from Newport,,,,,,,,,,,,1867,﻿,﻿,﻿Albany,Albany
﻿alb.ny.0188,﻿church,not recorded,English,,,,﻿Columbia County,,﻿Mossy Hill,,﻿NY,,42.3678759,-73.5594128,﻿alb.ny.0086,﻿attended from Coxsackie,,,,,,,,,,,,1867,﻿,﻿,﻿Albany,Albany
﻿alb.ny.0192,﻿church,not recorded,English,,,,﻿Rensselaer County,﻿Rensselaer County,﻿Nassau,﻿Nassau,﻿NY,,42.5159145,-73.6101159,﻿alb.ny.0195,﻿attended from Albany,,,,,,,,,,,,1867,﻿,﻿,﻿Albany,Albany
﻿alb.ny.0196,﻿church,not recorded,English,,,,﻿Herkimer County,﻿Herkimer County,﻿Newport,﻿Newport,﻿NY,,43.1859025,-75.0143244,,,,﻿wil_fitzgerald_002,﻿Rev.,﻿W. Fitzgerald,,,,,,,,1867,﻿,﻿,﻿Albany,Albany
﻿alb.ny.0400,﻿church,﻿St. Mary's,English,,,,,,﻿North White Creek,,﻿NY,,,,,,,,﻿Rev.,﻿_____,﻿O.S.A.,,,,,,,1867,﻿,﻿,﻿Albany,Albany
﻿alb.ny.0198,﻿church,not recorded,English,,,,﻿Oneida County,﻿Oneida County,﻿North Bay,﻿North Bay,﻿NY,,43.2300689,-75.7482415,﻿alb.ny.0234,﻿attended from Rome,,,,,,,,,,,,1867,﻿,﻿,﻿Albany,Albany
﻿alb.ny.0200,﻿church,﻿St. Patrick's,English,,,,﻿Chenango County,﻿Chenango County,﻿Norwich,﻿Norwich,﻿NY,,42.531184,-75.5235149,﻿alb.ny.0213,﻿attended from Oxford,,,,,,,,,,,,1867,﻿,﻿,﻿Albany,Albany
﻿alb.ny.0202,﻿church,﻿St. Mary's,English,,,,﻿St. Lawrence County,﻿St. Lawrence County,﻿Ogdensburg,﻿Ogdensburg,﻿NY,,44.6942291,-75.4863364,,,,,﻿Rev.,﻿James Mackey,,,,,,,,1867,﻿,﻿,﻿Albany,Albany
﻿alb.ny.0203,﻿church,not recorded,﻿French,,,,﻿St. Lawrence County,﻿St. Lawrence County,﻿Ogdensburg,﻿Ogdensburg,﻿NY,,44.6942291,-75.4863364,,,,﻿lou_griffia_001,﻿Rev.,﻿L. Giffa,,,,,,,,1867,﻿,﻿,﻿Albany,Albany
﻿alb.ny.0204,﻿church,﻿St. Patrick's,English,,,,﻿Madison County,﻿Madison County,﻿Oneida,﻿Oneida,﻿NY,,43.0925684,-75.6512931,,,,,﻿Rev.,﻿William F. Sheehan,,,,,,,,1867,﻿,﻿,﻿Albany,Albany
﻿alb.ny.0205,﻿church,﻿St. Paul's,English,,,,﻿Oswego County,﻿Oswego County,﻿Oswego,﻿Oswego,﻿NY,,43.4553461,-76.5104973,,,,,﻿Rev.,﻿Michael Kelly,,,,,,,,1867,﻿,﻿,﻿Albany,Albany
﻿alb.ny.0206,﻿church,﻿St. Mary's,English,,,,﻿Oswego County,﻿Oswego County,﻿Oswego,﻿Oswego,﻿NY,,43.4567628,-76.5177757,,,,,﻿Rev.,﻿Joseph Guerdet,,,,,,,,1867,﻿,﻿,﻿Albany,Albany
﻿alb.ny.0206,﻿church,﻿St. Mary's,English,,,,﻿Oswego County,﻿Oswego County,﻿Oswego,﻿Oswego,﻿NY,,43.4567628,-76.5177757,,,,,﻿Rev.,﻿J. B. Harrigan,,,,,,,,1867,﻿,﻿,﻿Albany,Albany
﻿alb.ny.0207,﻿church,﻿St. Peter's,﻿German,,,,﻿Oswego County,﻿Oswego County,﻿Oswego,﻿Oswego,﻿NY,,43.4547032,-76.4984428,,,,,﻿Rev.,﻿Leopold B. M. Moczygemba,"﻿D.D., O.M.C.",,,,,,,1867,﻿,﻿,﻿Albany,Albany
﻿alb.ny.0209,﻿church,not recorded,English,,,,﻿Onondagao County,﻿Onondaga County,﻿Otisco,﻿Otisco,﻿NY,,42.8600671,-76.2179832,﻿alb.ny.0055,﻿attended from Camillus,,,,,,,,,,,,1867,﻿,﻿,﻿Albany,Albany
﻿alb.ny.0210,﻿church,not recorded,English,,,,﻿Otsego County,﻿Otsego County,﻿Oneonta,﻿Oneonta,﻿NY,,42.4528571,-75.0637746,﻿alb.ny.0083,﻿attended from Cooperstown,,,,,,,,,,,,1867,﻿,﻿,﻿Albany,Albany
﻿alb.ny.0213,﻿church,not recorded,English,,,,﻿Chenango County,﻿Chenango County,﻿Oxford,﻿Oxford,﻿NY,,42.4420181,-75.5976855,,,,,﻿Rev.,﻿P. McNulty,,,,,,,,1867,﻿,﻿,﻿Albany,Albany
﻿alb.ny.0214,﻿church,not recorded,English,,,,﻿Clinton County,﻿Clinton County,﻿Patent,,﻿NY,,44.62940994,-73.44739374,﻿alb.ny.0155,﻿attended from Keeseville,,,,,,,,,,,,1867,﻿,﻿,﻿Albany,Albany
﻿alb.ny.0220,﻿church,not recorded,English,,,,﻿Clinton County,﻿Clinton County,﻿Peru Villiage,,﻿NY,,,,﻿alb.ny.0155,﻿attended from Keeseville,,,,,,,,,,,,1867,﻿,﻿,﻿Albany,Albany
﻿alb.ny.0221,﻿church,not recorded,English,,,,﻿Onondaga County,﻿Oswego County,﻿Pheonix,﻿Phoenix,﻿NY,,43.026819,-76.1783739,﻿alb.ny.0028,﻿attended from Baldwinsville,,,,,,,,,,,,1867,﻿,﻿,﻿Albany,Albany
﻿alb.ny.0223,﻿church,﻿St. John the Baptist,English,,,,﻿Clinton County,﻿Clinton County,﻿Plattsburgh,﻿Plattsburgh,﻿NY,,44.6994873,-73.4529124,,,,,﻿Rev.,﻿C. F. M. Salaz,,﻿Superior,,,,,,1867,﻿,﻿,﻿Albany,Albany
﻿alb.ny.0223,﻿church,﻿St. John the Baptist,English,,,,﻿Clinton County,﻿Clinton County,﻿Plattsburgh,﻿Plattsburgh,﻿NY,,44.6994873,-73.4529124,,,,﻿ric_j_maloney_001,﻿Rev.,﻿R. I. Malony,﻿O.M.I.,,,,,,,1867,﻿,﻿,﻿Albany,Albany
﻿alb.ny.0223,﻿church,﻿St. John the Baptist,English,,,,﻿Clinton County,﻿Clinton County,﻿Plattsburgh,﻿Plattsburgh,﻿NY,,44.6994873,-73.4529124,,,,﻿i_n_laverlochere_001,﻿Rev.,﻿I. N. Laverlochere,﻿O.M.I.,,,,,,,1867,﻿,﻿,﻿Albany,Albany
﻿alb.ny.0224,﻿church,﻿St. Peter's,English,,,,﻿Clinton County,﻿Clinton County,﻿Plattsburgh,﻿Plattsburgh,﻿NY,,44.6994873,-73.4529124,,,,,﻿Rev.,﻿T. P. Bernard,﻿O.M.I.,,,,,,,1867,﻿,﻿,﻿Albany,Albany
﻿alb.ny.0225,﻿church,not recorded,English,,,,﻿Onondaga County,﻿Onondaga County,﻿Pompey,﻿Pompey,﻿NY,,42.8989556,-76.0160326,﻿alb.ny.0062,﻿attended from Cazenovia,,,,,,,,,,,,1867,﻿,﻿,﻿Albany,Albany
﻿alb.ny.0226,﻿church,not recorded,English,,,,﻿Essex County,﻿Essex County,﻿Port Henry,﻿Port Henry,﻿NY,,44.0483884,-73.4598473,,,,,﻿Rev.,﻿Luke Harney,,,,,,,,1867,﻿,﻿,﻿Albany,Albany
﻿alb.ny.0227,﻿church,﻿Immaculate Conception,English,,,,,﻿Essex County,﻿Port Kent,﻿Port Kent,﻿NY,,44.5265409,-73.4090087,﻿alb.ny.0155,﻿attended from Keeseville,,,,,,,,,,,,1867,﻿,﻿,﻿Albany,Albany
﻿alb.ny.0228,﻿church,﻿St. —,English,,,,﻿St. Lawrence County,﻿St. Lawrence County,﻿Potsdam,﻿Potsdam,﻿NY,,44.6697805,-74.9813084,,,,,﻿Rev.,﻿P. J. McGlynn,,,,,,,,1867,﻿,﻿,﻿Albany,Albany
﻿alb.ny.0391,﻿church,﻿St. Joseph's,English,,,,﻿Clinton County,,﻿Redford,,﻿NY,,,,,,,,﻿Rev.,﻿--------,,,,,,,,1867,﻿,﻿,﻿Albany,Albany
﻿alb.ny.0232,﻿church,﻿St. Francis Xavier,English,,,,﻿Jefferson County,﻿Jefferson County,﻿Redwood,﻿Redwood,﻿NY,,44.2988689,-75.7996703,﻿alb.ny.0072,﻿attended from Clayton,,,,,,,,,,,,1867,﻿,﻿,﻿Albany,Albany
﻿alb.ny.0234,﻿church,﻿St. Peter's,English,,,,﻿Oneida County,﻿Oneida County,﻿Rome,﻿Rome,﻿NY,,43.2128473,-75.4557303,,,,﻿wil_beacham_001,﻿Rev.,﻿William Beecham,,﻿Pastor,,,,,,1867,﻿,﻿,﻿Albany,Albany
﻿alb.ny.0234,﻿church,﻿St. Peter's,English,,,,﻿Oneida County,﻿Oneida County,﻿Rome,﻿Rome,﻿NY,,43.2128473,-75.4557303,,,,﻿dav_oconnell_001,﻿Rev.,﻿Daniel O'Connell,,﻿Assistant,,,,,,1867,﻿,﻿,﻿Albany,Albany
﻿alb.ny.0235,﻿church,﻿Church of the Assumption,﻿German,,,,﻿Oneida County,﻿Oneida County,﻿Rome,﻿Rome,﻿NY,,43.2128473,-75.4557303,,,,,﻿Rev.,﻿Francis Neubauer,﻿O.M.C.,,,,,,,1867,﻿,﻿,﻿Albany,Albany
﻿alb.ny.0236,﻿church,not recorded,﻿German and French,,,,﻿Jefferson County,﻿Jefferson County,﻿Rosiere,﻿Cape Vincent,﻿NY,,44.1278299,-76.3330006,,,,,﻿Rev.,﻿M. Turgeon,,,,,,,,1867,﻿,﻿,﻿Albany,Albany
﻿alb.ny.0237,﻿church,﻿St. Patrick's,English,,,,﻿Jefferson County,﻿St. Lawrence County,﻿Rossie,﻿Rossie,﻿NY,,44.0607421,-75.9927652,﻿alb.ny.0072,﻿attended from Clayton,,,,,,,,,,,,1867,﻿,﻿,﻿Albany,Albany
﻿alb.ny.0238,﻿church,not recorded,English,,,,﻿Clinton County,﻿Clinton County,﻿Rouse's Point,﻿Rouses Point,﻿NY,,44.9939279,-73.3648557,,,,﻿lou_lapic_001,﻿Rev.,﻿L. Lapic,,,,,,,,1867,﻿,﻿,﻿Albany,Albany
﻿alb.ny.0241,﻿church,not recorded,English,,,,﻿Jefferson County,﻿Jefferson County,﻿Sackett's Harbor,﻿Sackets Harbor,﻿NY,,43.9461707,-76.1190929,﻿alb.ny.0304,﻿attended from Watertown,,,,,,,,,,,,1867,﻿,﻿,﻿Albany,Albany
﻿alb.ny.0242,﻿church,﻿Holy Cross,English,,,,,﻿Washington County,﻿Salem,﻿Salem,﻿NY,,43.1761529,-73.3283601,﻿alb.ny.0053,﻿attended from Cambridge,,,,,,,,,,,,1867,﻿,﻿,﻿Albany,Albany
﻿alb.ny.0244,﻿church,﻿St. Mary's,English,,,,﻿Washington County,﻿Washington County,﻿Sandy Hill,﻿Hudson Falls,﻿NY,,43.3006281,-73.5859487,﻿alb.ny.0128,﻿attended from Glenn's Falls,,,,,,,,,,,,1867,﻿,﻿,﻿Albany,Albany
﻿alb.ny.0245,﻿church,﻿St. Peter's,English,,,,﻿Saratoga County,﻿Saratoga County,"﻿Saratoga Springs,",﻿Saratoga Springs,﻿NY,,43.0831301,-73.7845651,,,,,﻿Rev.,﻿D. Cull,,﻿Pastor,,,,,,1867,﻿,﻿,﻿Albany,Albany
﻿alb.ny.0245,﻿church,﻿St. Peter's,English,,,,﻿Saratoga County,﻿Saratoga County,"﻿Saratoga Springs,",﻿Saratoga Springs,﻿NY,,43.0831301,-73.7845651,,,,﻿mau_sheehan_001,﻿Rev.,﻿M. Sheehan,,,,,,,,1867,﻿,﻿,﻿Albany,Albany
﻿alb.ny.0246,﻿church,not recorded,English,,,,﻿Rensselaer County,﻿Rensselaer County,﻿Schaghticoke,﻿Schaghticoke,﻿NY,,42.9000773,-73.5853939,﻿alb.ny.0182,﻿attended from Mechanicsville,,,,,,,,,,,,1867,﻿,﻿,﻿Albany,Albany
﻿alb.ny.0247,﻿church,﻿St. John's,English,,,,﻿Schenectady County,﻿Schenectady County,﻿Schenectady,﻿Schenectady,﻿NY,,42.8585929,-73.9071752,,,,,﻿Rev.,﻿Michael Clarke,,,,,,,,1867,﻿,﻿,﻿Albany,Albany
﻿alb.ny.0248,﻿church,﻿St. Joseph's,English,,,,﻿Schenectady County,﻿Schenectady County,﻿Schenectady,﻿Schenectady,﻿NY,,42.8110524,-73.9400693,,,,,﻿Rev.,﻿Pius Kotterger,﻿O.M.I.,,,,,,,1867,﻿,﻿,﻿Albany,Albany
﻿alb.ny.0254,﻿church,﻿Church of the Visitation,English,,,,﻿Saratoga County,﻿Saratoga County,﻿Schuylerville,﻿Schuylerville,﻿NY,,43.1000755,-73.5817825,,,,,﻿Rev.,﻿H. B. Finnegan,,,,,,,,1867,﻿,﻿,﻿Albany,Albany
﻿alb.ny.0255,﻿church,not recorded,English,,,,﻿Schoharie County,﻿Schoharie County,﻿Sharon Springs,﻿Sharon Springs,﻿NY,,42.7957246,-74.6149518,﻿alb.ny.0056,﻿attended from Canajoharie,,,,,,,,,,,,1867,﻿,﻿,﻿Albany,Albany
﻿alb.ny.0256,﻿church,not recorded,English,,,,﻿Chenango County,﻿Chenango County,﻿Sherburne,﻿Sherburne,﻿NY,,42.6781266,-75.4985123,﻿alb.ny.0200,﻿attended from Norwich,,,,,,,,,,,,1867,﻿,﻿,﻿Albany,Albany
﻿alb.ny.0257,﻿church,not recorded,English,,,,﻿Onondaga County,﻿Onondaga County,﻿Skaneateles,﻿Skaneateles,﻿NY,,42.9509459,-76.4314998,﻿alb.ny.0055,﻿attended from Camillus,,,,,,,,,,,,1867,﻿,﻿,﻿Albany,Albany
﻿alb.ny.0258,﻿church,not recorded,English,,,,﻿Cortland County,﻿Cortland County,﻿Solon,﻿Solon,﻿NY,,42.5970144,-76.0168688,﻿alb.ny.0085,﻿attended from Cortland,,,,,,,,,,,,1867,﻿,﻿,﻿Albany,Albany
﻿alb.ny.0260,﻿church,not recorded,English,,,,﻿Rensselaer County,﻿Rensselaer County,﻿South Sand Lake,﻿Sand Lake,﻿NY,,42.6373017,-73.5406697,﻿alb.ny.0005,"﻿attended from Holy Cross, Albany",,,,,,,,,,,,1867,﻿,﻿,﻿Albany,Albany
﻿alb.ny.0261,﻿church,not recorded,English,,,,﻿Onondaga County,﻿Onondaga County,﻿Split Rock,﻿Split Rock,﻿NY,,43.0242329,-76.22326,﻿alb.ny.0273,﻿attended from Syracuse,,,,,,,,,,,,1867,﻿,﻿,﻿Albany,Albany
﻿alb.ny.0262,﻿church,not recorded,English,,,,﻿Montgomery County,﻿Montgomery County,﻿Spraker's Basin,﻿Sprakers,﻿NY,,42.8911129,-74.5136948,﻿alb.ny.0022,﻿attended from Amsterdam,,,,,,,,,,,,1867,﻿,﻿,﻿Albany,Albany
﻿alb.ny.0263,﻿church,not recorded,English,,,,﻿Jefferson County,﻿Jefferson County,﻿Sterlingville,﻿Sterlingville,﻿NY,,44.1031182,-75.6871509,﻿alb.ny.0059,﻿attended from Carthage,,,,,,,,,,,,1867,﻿,﻿,﻿Albany,Albany
﻿alb.ny.0264,﻿church,not recorded,English,,,,﻿Montgomery County,﻿Montgomery County,﻿St. Johnsville,﻿St. Johnsville,﻿NY,,43.0012346,-74.6781003,﻿alb.ny.0056,﻿attended from Canajoharie,,,,,,,,,,,,1867,﻿,﻿,﻿Albany,Albany
﻿alb.ny.0267,﻿church,not recorded,English,,,,﻿Broome County,,﻿Summit,,﻿NY,,42.1791865,-75.8533954,﻿alb.ny.0039,﻿attended from Binghamton,,,,,,,,,,,,1867,﻿,﻿,﻿Albany,Albany
﻿alb.ny.0273,﻿church,﻿St. Mary's,English,,,,﻿Onondaga County,﻿Onondaga County,﻿Syracuse,﻿Syracuse,﻿NY,,43.0799752,-76.1473443,,,,,﻿Rev.,﻿James O'Hara,,,,,,,,1867,﻿,﻿,﻿Albany,Albany
﻿alb.ny.0273,﻿church,﻿St. Mary's,English,,,,﻿Onondaga County,﻿Onondaga County,﻿Syracuse,﻿Syracuse,﻿NY,,43.0799752,-76.1473443,,,,﻿wil_carroll_001,﻿Rev.,﻿Wm. Carroll,,,,,,,,1867,﻿,﻿,﻿Albany,Albany
﻿alb.ny.0274,﻿church,﻿St. John's,English,,,,﻿Onondaga County,﻿Onondaga County,﻿Syracuse,﻿Syracuse,﻿NY,,43.0683999,-76.1563136,,,,,﻿Rev.,﻿John McMenomy,,,,,,,,1867,﻿,﻿,﻿Albany,Albany
﻿alb.ny.0274,﻿church,﻿St. John's,English,,,,﻿Onondaga County,﻿Onondaga County,﻿Syracuse,﻿Syracuse,﻿NY,,43.0683999,-76.1563136,,,,,﻿Rev.,﻿Bernard McManus,,,,,,,,1867,﻿,﻿,﻿Albany,Albany
﻿alb.ny.0275,﻿church,﻿Church of the Assumption,English,,,,﻿Onondaga County,﻿Onondaga County,﻿Syracuse,﻿Syracuse,﻿NY,,43.062549,-76.154036,,,,﻿nor_stoller_001,﻿Rev.,﻿Norbert Stoller,﻿O.M.C.,,,,,﻿Fathers of the Convent,,1867,﻿,﻿,﻿Albany,Albany
﻿alb.ny.0277,﻿church,﻿St. John's,English,,,,﻿Onondaga County,﻿Onondaga County,﻿Salina,﻿Salina,﻿NY,,43.1071537,-76.1762045,,,,﻿jam_duffy_001,﻿Rev.,﻿James E. Duffy,,,,,,,,1867,﻿,﻿,﻿Albany,Albany
﻿alb.ny.0263,﻿church,﻿St. Mary's,English,,,,﻿Jefferson County,﻿Jefferson County,﻿Sterlingville,﻿Sterlingville,﻿NY,,44.1031182,-75.6871509,﻿alb.ny.0059,﻿attended from Carthage,,,,,,,,,,,,1867,﻿,﻿,﻿Albany,Albany
﻿alb.ny.0278,﻿church,not recorded,English,,,,﻿Oneida County,﻿Oneida County,﻿Taberg,﻿Taberg,﻿NY,,43.3036805,-75.616848,﻿alb.ny.0113,﻿attended from Florence,,,,,,,,,,,,1867,﻿,﻿,﻿Albany,Albany
﻿alb.ny.0279,﻿church,﻿St. Mary's,English,,,,﻿Essex County,﻿Essex County,﻿Ticonderoga,﻿Ticonderoga,﻿NY,,43.8486707,-73.4234531,﻿alb.ny.0226,﻿attended from Port Henry,,,,,,,,,,,,1867,﻿,﻿,﻿Albany,Albany
﻿alb.ny.0280,﻿church,﻿St. Mary's,English,,﻿Troy (East),,﻿Rensselaer County,﻿Rensselaer County,﻿Troy,﻿Troy,﻿NY,,42.7284117,-73.6917851,,,,﻿pet_havermans_001,﻿Rev.,﻿Peter Havermanns,,,,,,,,1867,﻿,﻿,﻿Albany,Albany
﻿alb.ny.0281,﻿church,﻿St. Joseph's,English,,﻿Troy (East),,﻿Rensselaer County,﻿Rensselaer County,﻿Troy,﻿Troy,﻿NY,,42.723515,-73.689427,,,,,﻿Rev.,﻿Aug. J. Thebaud,﻿S.J.,,,,,,,1867,﻿,﻿,﻿Albany,Albany
﻿alb.ny.0281,﻿church,﻿St. Joseph's,English,,﻿Troy (East),,﻿Rensselaer County,﻿Rensselaer County,﻿Troy,﻿Troy,﻿NY,,42.723515,-73.689427,,,,,﻿Rev.,﻿A. Regnier,﻿S.J.,,,,,,,1867,﻿,﻿,﻿Albany,Albany
﻿alb.ny.0281,﻿church,﻿St. Joseph's,English,,﻿Troy (East),,﻿Rensselaer County,﻿Rensselaer County,﻿Troy,﻿Troy,﻿NY,,42.723515,-73.689427,,,,,﻿Rev.,﻿J. Sherlock,﻿S.J.,,,,,,,1867,﻿,﻿,﻿Albany,Albany
﻿alb.ny.0282,﻿church,﻿St. Peter's,English,,﻿Troy (East),,﻿Rensselaer County,,﻿Troy,﻿Troy,﻿NY,,42.7232146,-73.6888745,,,,,﻿Rev.,﻿James Keveny,,﻿Pastor,,,,,,1867,﻿,﻿,﻿Albany,Albany
﻿alb.ny.0282,﻿church,﻿St. Peter's,English,,﻿Troy (East),,﻿Rensselaer County,,﻿Troy,﻿Troy,﻿NY,,42.7232146,-73.6888745,,,,﻿joh_j_swift_001,﻿Rev.,﻿John Swift,,,,,,,,1867,﻿,﻿,﻿Albany,Albany
﻿alb.ny.0283,﻿church,﻿St. Francis',English,,﻿Troy (East),,﻿Rensselaer County,,﻿Troy,﻿Troy,﻿NY,,42.7284117,-73.6917851,﻿alb.ny.0280,﻿attended from St. Mary's,,,,,,,,,,,,1867,﻿,﻿,﻿Albany,Albany
﻿alb.ny.0286,﻿church,﻿St. Patrick's,English,,﻿Troy (West),,﻿Albany County,﻿Albany County,﻿Troy,﻿Troy,﻿NY,,42.7284117,-73.6917851,,,,﻿wil_finnelly_001,﻿Rev.,﻿William Fennelly,,,,,,,,1867,﻿,﻿,﻿Albany,Albany
﻿alb.ny.0384,﻿church,﻿St. Bridget's,English,,﻿Troy (West),,﻿Albany County,﻿Albany County,﻿Troy,﻿Troy,﻿NY,,42.7284117,-73.6917851,,,,,﻿Rev.,﻿William Cullinan,,,,,,,,1867,﻿,﻿,﻿Albany,Albany
﻿alb.ny.0385,﻿church,not recorded,English,,,,﻿Franklin County,﻿Franklin County,﻿Trout River,﻿Trout River,﻿NY,,44.9914325,-74.3082502,﻿alb.ny.0173,﻿attended from Malone,,,,,,,,,,,,1867,﻿,﻿,﻿Albany,Albany
﻿alb.ny.0386,﻿church,not recorded,English,,,,﻿Onondaga County,﻿Cortland County,﻿Truxton,﻿Truxton,﻿NY,,43.026819,-76.1783739,﻿alb.ny.0085,﻿attended from Cortland,,,,,,,,,,,,1867,﻿,﻿,﻿Albany,Albany
﻿alb.ny.0291,﻿church,not recorded,English,,,,﻿Washington County,﻿Washington County,﻿Union Village,﻿Greenwich,﻿NY,,43.0901395,-73.4992824,﻿alb.ny.0053,﻿attended from Cambridge,,,,,,,,,,,,1867,﻿,﻿,﻿Albany,Albany
﻿alb.ny.0292,﻿church,not recorded,English,,,,﻿Clinton County,﻿Clinton County,﻿Union Falls,﻿Union Falls,﻿NY,,44.50732276,-73.91671478,﻿alb.ny.0155,﻿church attended from Keeseville,,,,,,,,,,,,1867,﻿,﻿,﻿Albany,Albany
﻿alb.ny.0293,﻿church,not recorded,English,,,,﻿Broome County,﻿Broome County,﻿Upper Lisle,﻿Upper Lisle,﻿NY,,42.3961838,-75.9571445,,,,,,,,,,,,,,1867,﻿,﻿,﻿Albany,Albany
﻿alb.ny.0295,﻿church,﻿St. John's,English,,,,﻿Oneida County,﻿Oneida County,﻿Utica,﻿Utica,﻿NY,,43.100903,-75.232664,,,,,﻿Rev.,﻿Thomas Daly,,﻿Pastor,,,,,,1867,﻿,﻿,﻿Albany,Albany
﻿alb.ny.0295,﻿church,﻿St. John's,English,,,,﻿Oneida County,﻿Oneida County,﻿Utica,﻿Utica,﻿NY,,43.100903,-75.232664,,,,,﻿Rev.,﻿P. F. Smith,,﻿Assistant,,,,,,1867,﻿,﻿,﻿Albany,Albany
﻿alb.ny.0295,﻿church,﻿St. John's,English,,,,﻿Oneida County,﻿Oneida County,﻿Utica,﻿Utica,﻿NY,,43.100903,-75.232664,,,,﻿nic_mckee_001,﻿Rev. Mr.,﻿McKee,,,,,,,,1867,﻿,﻿,﻿Albany,Albany
﻿alb.ny.0296,﻿church,﻿St. Joseph's,﻿German,,,,﻿Oneida County,﻿Oneida County,﻿Utica,﻿Utica,﻿NY,,43.100903,-75.232664,,,,,﻿Rev.,﻿Alphonsus Zoeller,﻿O.M.C.,,﻿and others,,,,,1867,﻿,﻿,﻿Albany,Albany
﻿alb.ny.0297,﻿church,﻿St. Patrick's,English,,,,﻿Oneida County,﻿Oneida County,﻿Utica,﻿Utica,﻿NY,,43.100903,-75.232664,,,,,﻿Rev.,﻿P. Caraher,,,,,,,,1867,﻿,﻿,﻿Albany,Albany
﻿alb.ny.0298,﻿church,not recorded,English,,,,﻿Clinton County,,﻿Union Falls,,﻿NY,,,,﻿alb.ny.0155,﻿attended from Keeseville,,,,,,,,,,,,1867,﻿,﻿,﻿Albany,Albany
﻿alb.ny.0299,﻿church,not recorded,English,,,,﻿Columbia County,﻿Columbia County,﻿Valatie,﻿Valatie,﻿NY,,42.4134168,-73.6731749,﻿alb.ny.0086,﻿attended from Coxsackie,,,,,,,,,,,,1867,﻿,﻿,﻿Albany,Albany
﻿alb.ny.0300,﻿church,not recorded,English,,,,﻿Oneida County,﻿Oneida County,﻿Verona,﻿Verona,﻿NY,,43.1381455,-75.5706945,﻿alb.ny.0204,﻿attended from Oneida,,,,,,,,,,,,1867,﻿,﻿,﻿Albany,Albany
﻿alb.ny.0301,﻿church,not recorded,English,,,,﻿Oneida County,﻿Oneida County,﻿Vienna,﻿Vienna,﻿NY,,43.2395135,-75.7024065,﻿alb.ny.0204,﻿attended from Oneida,,,,,,,,,,,,1867,﻿,﻿,﻿Albany,Albany
﻿alb.ny.0302,﻿church,﻿St. Mary's,English,,,,﻿St. Lawrence County,﻿St. Lawrence County,﻿Waddington,﻿Waddington,﻿NY,,44.8644999,-75.2041019,,,,﻿hen_herfkerns_001,﻿Rev.,﻿Henry Herfkins,,,,,,,,1867,﻿,﻿,﻿Albany,Albany
﻿alb.ny.0303,﻿church,﻿St. Mary's,English,,,,﻿Saratoga County,﻿Saratoga County,﻿Waterford,﻿Waterford,﻿NY,,42.7925777,-73.6812293,,,,,﻿Rev.,﻿Michael J. Collins,﻿O.S.A.,,,,,,,1867,﻿,﻿,﻿Albany,Albany
﻿alb.ny.0392,﻿church,﻿St. Patrick's,English,,,,﻿Jefferson County,﻿Jefferson County,﻿Watertown,﻿Watertown,﻿NY,,,,,,,,﻿Rev.,﻿James Hogan,,,,,,,,1867,﻿,﻿,﻿Albany,Albany
﻿alb.ny.0305,﻿church,﻿St. Mary's,﻿French,,,,﻿Jefferson County,﻿Jefferson County,﻿Watertown,﻿Watertown,﻿NY,,43.9824433,-75.9023506,﻿alb.ny.0306,﻿attended from Cape Vincent,,,,,,,,,,,,1867,﻿,﻿,﻿Albany,Albany
﻿alb.ny.0306,﻿church,﻿St. Bernard's,English,,,,﻿Oneida County,﻿Oneida County,﻿Waterville,﻿Waterville,﻿NY,,42.931181,-75.3798924,﻿alb.ny.0075,﻿attended from Clinton,,,,,,,,,,,,1867,﻿,﻿,﻿Albany,Albany
﻿alb.ny.0309,﻿church,﻿—,English,,,,﻿Essex County,﻿Essex County,﻿Westport,﻿Westport,﻿NY,,44.1833826,-73.4637448,﻿alb.ny.0226,﻿attended from Port Henry,,,,,,,,,,,,1867,﻿,﻿,﻿Albany,Albany
﻿alb.ny.0312,﻿church,﻿St. Mary's,English,,,,﻿Washington County,﻿Washington County,﻿Whitehall,﻿Whitehall,﻿NY,,43.5556231,-73.4037234,,,,,﻿Rev.,﻿Louis Desroches,,,,,,,,1867,﻿,﻿,﻿Albany,Albany
﻿alb.ny.0317,﻿seminary,﻿Provincial Seminary,English,﻿For details see Archdiocese of New York,,,,﻿Albany County,﻿Troy,﻿Troy,﻿NY,,,,,,,,,,,,,,,,,1867,﻿,﻿,﻿Albany,Albany
﻿alb.ny.0401,﻿seminary,"﻿Jesuit Fathers, St. Joseph's",English,,,,,,﻿Troy,﻿Troy,﻿NY,,,,,,,,﻿Rev.,﻿Aug. J. Thebaud,﻿S. J.,﻿Superior,,,,,,1867,﻿,﻿,﻿Albany,Albany
﻿alb.ny.0318,﻿house,﻿Augustinian House,English,﻿The Order in charge of other missions.,,,,﻿Rensselaer County,﻿Lansingburg,﻿Lansingburg,﻿NY,,42.7845222,-73.6695624,,,,﻿tho_galberry_001,﻿Rev.,﻿Thomas Galberry,,﻿Superior,,,,,,1867,﻿,﻿,﻿Albany,Albany
﻿alb.ny.0319,﻿house,﻿Oblate Fathers,English,﻿The Order in charge of other missions.,,,,﻿Clinton County,﻿Plattsburgh,﻿Plattsburg,﻿NY,,44.6994873,-73.4529124,,,,,﻿Rev.,﻿C. F. M. Sallaz,,﻿Superior,,,,,,1867,﻿,﻿,﻿Albany,Albany
﻿alb.ny.0320,﻿convent,﻿Syracuse Convent,English,,,,,﻿Onondaga County,﻿Syracuse,﻿Syracuse,﻿NY,,43.0481723,-76.0633426,,,,,﻿Very Rev.,﻿Fidelis Dehm,﻿D.D.,"﻿Franciscan Father, O.M.C.  Com. General, and Visitor of the Brothers and Sisters of the Third Order of St. Francis.",,,,,,1867,﻿,﻿,﻿Albany,Albany
﻿alb.ny.0320,﻿convent,﻿Syracuse Convent,English,,,,,﻿Onondaga County,﻿Syracuse,﻿Syracuse,﻿NY,,43.0481723,-76.0633426,,,,﻿nor_stoller_001,﻿Rev.,﻿Norbert Stoller,,﻿Superior,,﻿religious,﻿1 brother,,,1867,﻿,﻿,﻿Albany,Albany
﻿alb.ny.0320,﻿convent,﻿Syracuse Convent,English,,,,,﻿Onondaga County,﻿Syracuse,﻿Syracuse,﻿NY,,43.0481723,-76.0633426,,,,,﻿Rev.,﻿P. Tachetti,,,,﻿religious,﻿1 brother,,,1867,﻿,﻿,﻿Albany,Albany
﻿alb.ny.0320,﻿convent,﻿Syracuse Convent,English,,,,,﻿Onondaga County,﻿Syracuse,﻿Syracuse,﻿NY,,43.0481723,-76.0633426,,,,,﻿Rev.,﻿Caesar Cachiareni,,,,﻿religious,﻿1 brother,,,1867,﻿,﻿,﻿Albany,Albany
﻿alb.ny.0320,﻿convent,﻿Syracuse Convent,English,,,,,﻿Onondaga County,﻿Syracuse,﻿Syracuse,﻿NY,,43.0481723,-76.0633426,,,,,﻿Rev.,﻿O. D. C. Vogt,,,,﻿religious,﻿1 brother,,,1867,﻿,﻿,﻿Albany,Albany
﻿alb.ny.0321,﻿convent,﻿Utica Convent,English,﻿The Order in charge of other missions.,,,,﻿Oneida County,﻿Utica,﻿Utica,﻿NY,,43.100903,-75.232664,,,,﻿alp_zoeller_001,﻿Rev.,﻿Alp. M. Zoeller,﻿D.D.,﻿Superior,,﻿religious,﻿1 brother,,,1867,﻿,﻿,﻿Albany,Albany
﻿alb.ny.0321,﻿convent,﻿Utica Convent,English,﻿The Order in charge of other missions.,,,,﻿Oneida County,﻿Utica,﻿Utica,﻿NY,,43.100903,-75.232664,,,,,﻿Rev.,﻿Joseph Lesen,﻿D.D.,,,﻿religious,﻿1 brother,,,1867,﻿,﻿,﻿Albany,Albany
﻿alb.ny.0321,﻿convent,﻿Utica Convent,English,﻿The Order in charge of other missions.,,,,﻿Oneida County,﻿Utica,﻿Utica,﻿NY,,43.100903,-75.232664,,,,﻿ale_rodenburgh_001,﻿Rev.,﻿Alexius Rodenburg,,,,﻿religious,﻿1 brother,,,1867,﻿,﻿,﻿Albany,Albany
﻿alb.ny.0321,﻿convent,﻿Utica Convent,English,﻿The Order in charge of other missions.,,,,﻿Oneida County,﻿Utica,﻿Utica,﻿NY,,43.100903,-75.232664,,,,﻿c_luitz_001,﻿Rev.,﻿Clement Luitz,,,,﻿religious,﻿1 brother,,,1867,﻿,﻿,﻿Albany,Albany
﻿alb.ny.0323,﻿asylum,﻿Boys' Orphan Asylum,English,,,,,﻿Albany County,﻿Albany,﻿Albany,﻿NY,,42.6525793,-73.7562317,,,,,﻿Brother,﻿Victurnine,,﻿Director,,﻿child,﻿100 orphans,﻿Under the direction of the Christian Brothers,,1867,﻿,﻿,﻿Albany,Albany
﻿alb.ny.0324_01,﻿academy,﻿Cathedral Academy,English,,,,,﻿Albany County,﻿Albany,﻿Albany,﻿NY,,42.6525793,-73.7562317,,,,,﻿Brother,﻿Hugh,,﻿Director,,﻿student,"﻿pupils, 110",﻿Under the direction of the Christian Brothers,,1867,﻿,﻿,﻿Albany,Albany
﻿alb.ny.0324_02,﻿school,﻿Parochial School,English,,﻿at Cathedral,,,﻿Albany County,﻿Albany,﻿Albany,﻿NY,,42.6525793,-73.7562317,,,,,,,,,,﻿student,"﻿pupils, 104",﻿Under the direction of the Christian Brothers,,1867,﻿,﻿,﻿Albany,Albany
﻿alb.ny.0324_03,﻿school,﻿St. Joseph's Parochial School,English,,,,,﻿Albany County,﻿Albany,﻿Albany,﻿NY,,42.6525793,-73.7562317,,,,,,,,,,﻿student,"﻿pupils, 320",﻿Under the direction of the Christian Brothers,,1867,﻿,﻿,﻿Albany,Albany
﻿alb.ny.0325,﻿school,﻿St. John's Parochial School,English,,,,,﻿Albany County,﻿Albany,﻿Albany,﻿NY,,42.7057193,-73.7974252,,,,,,,,,,﻿student,"﻿pupils, 576",﻿Under the direction of the Christian Brothers,,1867,﻿,﻿,﻿Albany,Albany
﻿alb.ny.0326,﻿asylum,﻿Asylum,English,,,,,﻿Albany County,﻿Troy,﻿Troy,﻿NY,,42.7189253,-73.6875031,,,,,,,,,,﻿child,﻿100 orphans,﻿Under the direction of the Christian Brothers,,1867,﻿,﻿,﻿Albany,Albany
﻿alb.ny.0327,﻿school,﻿St. Mary's School,English,,,,,﻿Albany County,﻿Troy,﻿Troy,﻿NY,,43.310178,-73.6421072,,,,,,,,,,﻿child,﻿300 boys,﻿Under the direction of the Christian Brothers,,1867,﻿,﻿,﻿Albany,Albany
﻿alb.ny.0330,﻿school,﻿Academy and Parochial School,English,,,,,﻿Oneida County,﻿Utica,﻿Utica,﻿NY,,43.1038626,-75.2128996,,,,,﻿Brother,﻿Clementian,,﻿Director,,,,﻿Under the direction of the Christian Brothers,,1867,﻿,﻿,﻿Albany,Albany
﻿alb.ny.0331,﻿school,﻿Parochial School,English,,,,,﻿Albany County,﻿West Troy,﻿Troy,﻿NY,,42.7284117,-73.6917851,,,,,﻿Brother,﻿Adrian,,﻿Director,,,,﻿Under the direction of the Christian Brothers,,1867,﻿,﻿,﻿Albany,Albany
﻿alb.ny.0010,"﻿novitiate, academy",﻿Novitiate and Academy,English,,﻿Kenwood,,,﻿Albany County,,﻿Albany,﻿NY,,42.6236907,-73.7731769,,,,,﻿Madam,﻿A. Hardy,,﻿Superior and Provincial,,,,﻿Ladies of the Sacred Heart,,1867,﻿,﻿,﻿Albany,Albany
﻿alb.ny.0335,﻿academy,"﻿Academy, or City House",English,,,,,﻿Albany County,﻿Albany,﻿Albany,﻿NY,,42.6481806,-73.7522838,,,,,﻿Madam,﻿Alicia,,﻿Superior,,,,﻿Ladies of the Sacred Heart,,1867,﻿,﻿,﻿Albany,Albany
﻿alb.ny.0339,﻿asylum,﻿Female Orphan Asylum,English,,,,,﻿Albany County,﻿Albany,﻿Albany,﻿NY,,42.6525793,-73.7562317,,,,,﻿Sister,﻿Valentine,,﻿Superior,,﻿child,﻿100 orphans,﻿Under the direction of the Sisters of Charity,,1867,﻿,﻿,﻿Albany,Albany
﻿alb.ny.0339,﻿asylum,﻿Female Orphan Asylum,English,,,,,﻿Albany County,﻿Albany,﻿Albany,﻿NY,,42.6525793,-73.7562317,,,,,,,,,,﻿religious,﻿7 sisters,﻿Under the direction of the Sisters of Charity,,1867,﻿,﻿,﻿Albany,Albany
﻿alb.ny.0336_01,﻿school,﻿St. Joseph's Industrial School,English,,,,,﻿Albany County,﻿Albany,﻿Albany,﻿NY,,42.6525793,-73.7562317,,,,,﻿Sister,﻿Helen,,﻿Superior,,﻿religious,﻿3 sisters,﻿Under the direction of the Sisters of Charity,,1867,﻿,﻿,﻿Albany,Albany
﻿alb.ny.0336_02,﻿school,﻿Select and Parochial School,English,,,,,﻿Albany County,﻿Albany,﻿Albany,﻿NY,,42.6525793,-73.7562317,,,,,﻿Sister,﻿Helen,,﻿Superior,,﻿religious,﻿8 Sisters,﻿Under the direction of the Sisters of Charity,,1867,﻿,﻿,﻿Albany,Albany
﻿alb.ny.0336_02,﻿school,﻿Select and Parochial School,English,,,,,﻿Albany County,﻿Albany,﻿Albany,﻿NY,,42.6525793,-73.7562317,,,,,,,,,,﻿student,"﻿pupils, over 300",﻿Under the direction of the Sisters of Charity,,1867,﻿,﻿,﻿Albany,Albany
﻿alb.ny.0337,﻿school,﻿St. Mary's,English,"﻿Select School, with parochial school",,,,﻿Albany County,﻿Albany,﻿Albany,﻿NY,,42.6525793,-73.7562317,,,,,﻿Sister,﻿Mary,,﻿Superior,,﻿student,"﻿pupils, 70",﻿Under the direction of the Sisters of Charity,,1867,﻿,﻿,﻿Albany,Albany
﻿alb.ny.0337,﻿school,﻿St. Mary's,English,"﻿Select School, with parochial school",,,,﻿Albany County,﻿Albany,﻿Albany,﻿NY,,42.6525793,-73.7562317,,,,,,,,,,﻿student,"﻿parochial school pupil, 150",﻿Under the direction of the Sisters of Charity,,1867,﻿,﻿,﻿Albany,Albany
﻿alb.ny.0338,﻿school,﻿St. John's Parochial School,English,,,,,﻿Albany County,﻿Albany,﻿Albany,﻿NY,,42.6525793,-73.7562317,,,,,﻿Sister,﻿Felix,,﻿Superior,,﻿student,"﻿Parochial School, 450",﻿Under the direction of the Sisters of Charity,,1867,﻿,﻿,﻿Albany,Albany
﻿alb.ny.0340,﻿hospital,not recorded,English,,,,,﻿Albany County,﻿Troy,﻿Troy,﻿NY,,42.7284117,-73.6917851,,,,,﻿Sister,﻿Stanislaus,,﻿Superior,,﻿religious,﻿under seven Sisters,﻿Under the direction of the Sisters of Charity,,1867,﻿,﻿,﻿Albany,Albany
﻿alb.ny.0341,"﻿asylum, school",﻿Orphan Asylum and School,English,,,,,﻿Albany County,﻿Troy,﻿Troy,﻿NY,,42.7284117,-73.6917851,,,,,﻿Sister,﻿Agnes,,﻿Superior,,,,﻿Under the direction of the Sisters of Charity,,1867,﻿,﻿,﻿Albany,Albany
﻿alb.ny.0343,﻿asylum,﻿St. John's Female Orphan Asylum,English,,,,,﻿Oneida County,﻿Utica,﻿Utica,﻿NY,,43.100903,-75.232664,,,,,,,,,,,,﻿Under the direction of the Sisters of Charity,,1867,﻿,﻿,﻿Albany,Albany
﻿alb.ny.0344,﻿asylum,﻿St. Mary's,English,﻿Select Parochial School,,,,﻿Onondaga County,﻿Syracuse,﻿Syracuse,﻿NY,,43.0481221,-76.1474244,,,,,,,,,,﻿student,﻿250 pupils,﻿Under the direction of the Sisters of Charity,,1867,﻿,﻿,﻿Albany,Albany
﻿alb.ny.0344,﻿asylum,﻿St. Mary's Orphan Asylum,English,﻿Select Parochial School,,,,﻿Onondaga County,﻿Syracuse,﻿Syracuse,﻿NY,,43.0481221,-76.1474244,,,,,﻿Sister,﻿Titiana,,﻿Superior,,﻿student,﻿250 pupils,﻿Under the direction of the Sisters of Charity,,1867,﻿,﻿,﻿Albany,Albany
﻿alb.ny.0001_02 & alb.ny.0001_03,﻿school,not recorded,English,﻿Cathedral Parochial School,﻿at Cathedral,,,﻿Albany County,﻿Albany,﻿Albany,﻿NY,,42.647478,-73.759623,,,,,﻿Sister,﻿Theodore,,﻿Superior,,,﻿200,﻿Under the direction of the Sisters of St. Joseph,,1867,﻿,﻿,﻿Albany,Albany
﻿alb.ny.0005_02,﻿school,not recorded,English,﻿Holy Cross Parochial School,﻿at Holy Cross Church,,,﻿Albany County,﻿Albany,﻿Albany,﻿NY,,42.6525793,-73.7562317,,,,,﻿Sister,﻿Theodore,,﻿Superior,,,,﻿Under the direction of the Sisters of St. Joseph,,1867,﻿,﻿,﻿Albany,Albany
﻿alb.ny.0351,﻿house,﻿St. Joseph's Day Home,English,,,,,﻿Albany County,﻿Troy,﻿Troy,﻿NY,,42.723515,-73.689427,,,,,﻿Sister,﻿Assisium,,﻿Superior,,﻿child,﻿100 children,﻿Under the direction of the Sisters of St. Joseph,,1867,﻿,﻿,﻿Albany,Albany
﻿alb.ny.0349,﻿school,﻿St. Joseph's Parochial School,English,,,,,﻿Albany County,﻿Troy,﻿Troy,﻿NY,,42.7284117,-73.6917851,,,,,﻿Sister,﻿Assisium,,﻿Superior,,﻿child,"﻿children, 600",﻿Under the direction of the Sisters of St. Joseph,,1867,﻿,﻿,﻿Albany,Albany
﻿alb.ny.0350_01,﻿school,﻿St. Peter's,English,﻿Select School,,,,﻿Albany County,﻿Troy,﻿Troy,﻿NY,,42.7232146,-73.6888745,,,,,﻿Sister,﻿Mary Charles,,﻿Superior,,﻿student,﻿50,﻿Under the direction of the Sisters of St. Joseph,,1867,﻿,﻿,﻿Albany,Albany
﻿alb.ny.0350_02,﻿school,﻿St. Peter's,English,﻿Parochial school,,,,﻿Albany County,﻿Troy,﻿Troy,﻿NY,,42.7232146,-73.6888745,,,,,﻿Sister,﻿Mary Charles,,﻿Superior,,﻿student,﻿600,﻿Under the direction of the Sisters of St. Joseph,,1867,﻿,﻿,﻿Albany,Albany
﻿alb.ny.0360,﻿school,﻿Academy and Parochial School,English,,,,,﻿Broome County,﻿Binghamton,﻿Binghamton,﻿NY,,42.0986867,-75.9179738,,,,,﻿Sister,﻿Mary Eaton,,﻿Superior,,﻿student,﻿250 boys and girls,﻿Under the direction of the Sisters of St. Joseph,,1867,﻿,﻿,﻿Albany,Albany
﻿alb.ny.0356,﻿school,﻿Select and Parochial Schools,English,,,,,﻿Onondaga County,﻿Salina,﻿Salina,﻿NY,,43.107154,-76.176204,,,,,﻿Sister,﻿Cecilia,,﻿Superior,,﻿student,﻿450 boys and girls,﻿Under the direction of the Sisters of St. Joseph,,1867,﻿,﻿,﻿Albany,Albany
﻿alb.ny.0358,﻿school,﻿Parochial School,English,,,,,﻿Saratoga County,﻿Saratoga,﻿Saratoga Springs,﻿NY,,43.0831301,-73.7845651,,,,,﻿Sister,﻿Ephraim,,﻿Superior,,﻿student,﻿350 boys and girls,﻿Under the direction of the Sisters of St. Joseph,,1867,﻿,﻿,﻿Albany,Albany
﻿alb.ny.0354,﻿school,﻿Parochial School,English,,,,,﻿Albany County,﻿Cohoes,﻿Cohoes,﻿NY,,42.7742446,-73.7001187,,,,,﻿Sister,﻿Prudentia,,﻿Superior,,﻿student,﻿about 400 pupils,﻿Under the direction of the Sisters of St. Joseph,,1867,﻿,﻿,﻿Albany,Albany
﻿alb.ny.0352,﻿school,﻿Parochial School,English,,,,,﻿Oswego County,﻿Oswego,﻿Oswego,﻿NY,,43.4553461,-76.5104973,,,,,﻿Sister,﻿Emerentiana,,﻿Superior,,﻿student,﻿about 300 boys and girls,﻿Under the direction of the Sisters of St. Joseph,,1867,﻿,﻿,﻿Albany,Albany
﻿alb.ny.0374,﻿school,not recorded,English,﻿Parochial school,,,,﻿Albany County,﻿East Albany,﻿Albany,﻿NY,,42.627645,-73.755818,,,,,﻿Sister,﻿Monica,,﻿Superior,,﻿student,﻿about 300 boys and girls,﻿Under the direction of the Sisters of Mercy,,1867,﻿,﻿,﻿Albany,Albany
﻿alb.ny.0376,﻿school,﻿Academy and School,English,﻿Parochial school,,,,﻿St. Lawrence County,﻿Ogdensburgh,﻿Ogdensburg,,,,,,,,,,,,,,,,﻿Under the direction of the Gray Nuns,,1867,﻿,﻿,﻿Albany,Albany
﻿alb.ny.0375,﻿school,﻿Academy and School,English,﻿parochial school,,,,﻿Clinton County,﻿Plattsburgh,﻿Plattsburgh,﻿NY,,44.6994873,-73.4529124,,,,,﻿Sister,﻿Lavori,,﻿Superior,,﻿religious,﻿7 sisters,﻿Under the direction of the Gray Nuns,,1867,﻿,﻿,﻿Albany,Albany
﻿alb.ny.0375,﻿school,﻿Academy and School,English,﻿parochial school,,,,﻿Clinton County,﻿Plattsburgh,﻿Plattsburgh,﻿NY,,44.6994873,-73.4529124,,,,,,,,,,﻿child,﻿nearly 200 girls,﻿Under the direction of the Gray Nuns,,1867,﻿,﻿,﻿Albany,Albany
﻿alb.ny.0378,﻿school,not recorded,English,﻿Select and Parochial Schools,,,,﻿Schenectady County,﻿Schenectady,﻿Schenectady,﻿NY,,42.8142432,-73.9395687,,,,,,,,,,﻿religious,"﻿sisters, 6",﻿Under the direction of the Sisters of the Holy Name of Jesus and Mary,,1867,﻿,﻿,﻿Albany,Albany
﻿alb.ny.0378,﻿school,not recorded,English,﻿Select and Parochial Schools,,,,﻿Schenectady County,﻿Schenectady,﻿Schenectady,﻿NY,,42.8142432,-73.9395687,,,,,,,,,,﻿student,"﻿pupils, over 200",﻿Under the direction of the Sisters of the Holy Name of Jesus and Mary,,1867,﻿,﻿,﻿Albany,Albany
﻿alb.ny.0379,﻿school,not recorded,English,﻿Parochial School,,,,﻿Oneida County,﻿Rome,﻿Rome,﻿NY,,43.2128473,-75.4557303,,,,,,,,,,,,﻿Under the direction of the Sisters of the Holy Name of Jesus and Mary,,1867,﻿,﻿,﻿Albany,Albany
﻿alb.ny.0363,"﻿convent, novitiate",﻿Mother House and Novitiate of St. Anthony of Padua,English,,,,,﻿Onondaga County,﻿Syracuse,﻿Syracuse,﻿NY,,43.0238939,-76.1503888,,,,,﻿Mother,﻿Antonia,,﻿Superior,,﻿religious,"﻿professed, 11",﻿Under the direction of the Sisters of the Third Order of St. Francis,,1867,﻿,﻿,﻿Albany,Albany
﻿alb.ny.0363,"﻿convent, novitiate",﻿Mother House and Novitiate of St. Anthony of Padua,English,,,,,﻿Onondaga County,﻿Syracuse,﻿Syracuse,﻿NY,,43.0238939,-76.1503888,,,,,﻿Sister,﻿Clementina,,﻿Mistress of Novices,,﻿religious,"﻿novices, 8",﻿Under the direction of the Sisters of the Third Order of St. Francis,,1867,﻿,﻿,﻿Albany,Albany
﻿alb.ny.0275_02,﻿school,﻿Parochial School,English,,,,,﻿Onondaga County,,﻿Syracuse,﻿NY,,43.062549,-76.154036,,,,,﻿Sister,﻿T. Spratler,,,,﻿child,﻿600 children,﻿Under the direction of the Sisters of the Third Order of St. Francis,,1867,﻿,﻿,﻿Albany,Albany
﻿alb.ny.0365,﻿convent,﻿Convent,English,,,,,﻿Oneida County,﻿Utica,﻿Utica,﻿NY,,43.100903,-75.232664,,,,,﻿Mother,﻿Bernardina Dorn,,﻿Superior,,﻿religious,﻿7 sisters,﻿Under the direction of the Sisters of the Third Order of St. Francis,,1867,﻿,﻿,﻿Albany,Albany
﻿alb.ny.0366,﻿school,﻿St. Joseph's Church School,English,,,,,﻿Oneida County,﻿Utica,﻿Utica,﻿NY,,43.100903,-75.232664,,,,,﻿Sister,﻿Norberta Zimmerman,,,,﻿child,﻿500 children,﻿Under the direction of the Sisters of the Third Order of St. Francis,,1867,﻿,﻿,﻿Albany,Albany
﻿alb.ny.0367,﻿school,﻿St. Patrick's Church School,English,,,,,﻿Oneida County,﻿Utica,﻿Utica,﻿NY,,43.100903,-75.232664,,,,,﻿Sister,﻿Rosa O'Neil,,,,﻿child,﻿150 children,﻿Under the direction of the Sisters of the Third Order of St. Francis,,1867,﻿,﻿,﻿Albany,Albany
﻿alb.ny.0369,﻿convent,not recorded,English,,,,,﻿Oneida County,﻿Rome,﻿Rome,﻿NY,,43.2128473,-75.4557303,,,,,﻿Mother,﻿Clara Spang,,﻿Superior,,﻿religious,﻿3 sisters,﻿Under the direction of the Sisters of the Third Order of St. Francis,,1867,﻿,﻿,﻿Albany,Albany
﻿alb.ny.0370,﻿school,not recorded,English,,,,,﻿Oneida County,﻿Rome,﻿Rome,﻿NY,,43.2128473,-75.4557303,,,,,,,,,,﻿child,﻿200 boys and girls,﻿Under the direction of the Sisters of the Third Order of St. Francis,,1867,﻿,﻿,﻿Albany,Albany
﻿alb.ny.0371,﻿school,not recorded,English,,,,,﻿Schenectady County,﻿Schenectady,﻿Schenectady,﻿NY,,42.8142432,-73.9395687,,,,,﻿Mother,﻿Joseph,,﻿Superior,,﻿religious,﻿3 Sisters,﻿Under the direction of the Sisters of the Third Order of St. Francis,,1867,﻿,﻿,﻿Albany,Albany
﻿alb.ny.0371,﻿school,not recorded,English,,,,,﻿Schenectady County,﻿Schenectady,﻿Schenectady,﻿NY,,42.8142432,-73.9395687,,,,,,,,,,﻿child,"﻿children, 200",﻿Under the direction of the Sisters of the Third Order of St. Francis,,1867,﻿,﻿,﻿Albany,Albany
﻿alb.ny.0372,﻿school,not recorded,English,,,,,﻿Oswego County,﻿Oswego,﻿Oswego,﻿NY,,43.4547032,-76.4984428,,,,,﻿Mother,﻿Mary Ann,,,,﻿religious,﻿4 sisters,﻿Under the direction of the Sisters of the Third Order of St. Francis,,1867,﻿,﻿,﻿Albany,Albany
﻿alb.ny.0372,﻿school,not recorded,English,,,,,﻿Oswego County,﻿Oswego,﻿Oswego,﻿NY,,43.4547032,-76.4984428,,,,,,,,,,﻿child,"﻿children, 250",﻿Under the direction of the Sisters of the Third Order of St. Francis,,1867,﻿,﻿,﻿Albany,Albany
