instID,church_type,instName,language,instNote,placeName,region,county_orig,county_reg,city_orig,city_reg,state_orig,state_reg,latitude,longitude,attendingInstID,attendingChurch,attendingChurchFrequency,persID,persTitle,persName,persSuffix,persRole,persNote,memberType,member,affiliated,order,year,attendingPersID,attendingChurchNote,diocese,diocese_reg
﻿alt.il.0001,﻿cathedral,﻿Cathedral of SS. Peter and Paul,English,,,,﻿Madison County,﻿Madison County,﻿Alton,﻿Alton,﻿IL,,38.8953847,-90.1902021,,,,﻿hen_d_juncker_001,﻿Rt. Rev.,﻿H. D. Juncker,,,,,,,,1864,﻿,﻿,﻿Alton,Alton
﻿alt.il.0001,﻿cathedral,﻿Cathedral of SS. Peter and Paul,English,,,,﻿Madison County,﻿Madison County,﻿Alton,﻿Alton,﻿IL,,38.8953847,-90.1902021,,,,﻿j_janssen_001,﻿Rev.,﻿J. Janssen,,,,,,,,1864,﻿,﻿,﻿Alton,Alton
﻿alt.il.0001,﻿cathedral,﻿Cathedral of SS. Peter and Paul,English,,,,﻿Madison County,﻿Madison County,﻿Alton,﻿Alton,﻿IL,,38.8953847,-90.1902021,,,,﻿j_vahey_001,﻿Rev.,﻿J. Vahey,,,,,,,,1864,﻿,﻿,﻿Alton,Alton
﻿alt.il.0002,﻿church,﻿St. Mary's of the Immaculate Conception,﻿German,,,,﻿Madison County,﻿Madison County,﻿Alton,﻿Alton,﻿IL,,38.8911797,-90.1782179,,,,﻿f_ostrop_001,﻿Rev.,﻿Fr. Ostrop,,,,,,,,1864,﻿,﻿,﻿Alton,Alton
﻿alt.il.0007,﻿church,not recorded,English,,,,﻿Christian County,﻿Christian County,﻿Assumption,﻿Assumption,﻿IL,,39.5034741,-89.0752499,,,,﻿f_dutour_001,﻿Rev.,﻿F. Dutour,,,,,,,,1864,﻿,﻿,﻿Alton,Alton
﻿alt.il.0336,﻿church,﻿St. Aloysius',English,,,,﻿Cass County,﻿Cass County,﻿Baldwinsville,﻿Baldwinsville,﻿IL,,,,﻿alt.il.0067,﻿Attended from Marshall,,,,,,,,,,,,1864,﻿,﻿,﻿Alton,Alton
﻿alt.il.0009,﻿church,﻿St. Alexius',English,,,,﻿Cass County,﻿Cass County,﻿Beardstown,﻿Beardstown,﻿IL,,40.0138223,-90.4339146,,,,﻿r_heimerling_001,﻿Rev.,﻿R. Heimerling,,,,,,,,1864,﻿,﻿,﻿Alton,Alton
﻿alt.il.0010,﻿church,﻿St. Peter's,English,,,,﻿St. Clair County,﻿St. Clair County,﻿Belleville,﻿Belleville,﻿IL,,38.5267145,-89.9855388,,,,﻿p_j_baltes_001,﻿Rev.,﻿P. J. Baltes,,,,,,,,1864,﻿,﻿,﻿Alton,Alton
﻿alt.il.0010,﻿church,﻿St. Peter's,English,,,,﻿St. Clair County,﻿St. Clair County,﻿Belleville,﻿Belleville,﻿IL,,38.5267145,-89.9855388,,,,﻿a_pinkers_001,﻿Rev.,﻿A. Pinkers,,,,,,,,1864,﻿,﻿,﻿Alton,Alton
﻿alt.il.0011,﻿church,not recorded,English,,,,﻿Madison County,﻿Madison County,﻿Bethalto,﻿Bethalto,﻿IL,,38.8955217,-90.0314525,﻿alt.il.0222,﻿Attended from Alton,,,,,,,,,,,,1864,﻿,﻿,﻿Alton,Alton
﻿alt.il.0013,﻿church,not recorded,English,,,,﻿Madison County,﻿St. Louis County,﻿Black Jack,﻿Black Jack,﻿IL,﻿MO,38.9041402,-89.9253233,﻿alt.il.0031,﻿Attended from Collinsville,,,,,,,,,,,,1864,﻿,﻿,﻿Alton,Alton
﻿alt.il.0014,﻿church,not recorded,English,,,,﻿Adams County,﻿Adams County,﻿Bloomfield,﻿Ellington Township,﻿IL,,39.9724918,-91.226486,﻿alt.il.0093,﻿Attended from Quincy,,,,,,,,,,,,1864,﻿,﻿,﻿Alton,Alton
﻿alt.il.0118,﻿church,﻿St. Dominic's,English,,"﻿Shoal Creek Station, P.O.",,﻿Clinton County,﻿Clinton County,﻿Breese,﻿Breese,﻿IL,,38.608929,-89.529094,,,,﻿aug_reinecke_001,﻿Rev.,﻿Aug. Reinecke,,,,,,,,1864,﻿,﻿,﻿Alton,Alton
﻿alt.il.0018,﻿church,﻿Immaculate Conception,English,,﻿News P.O.,,﻿Calhoun County,﻿Calhoun County,﻿Brussels,﻿Brussels,﻿IL,,38.9489532,-90.5879265,,,,﻿c_raphael_001,﻿Rev.,﻿C. Raphael,,,,,,,,1864,﻿,﻿,﻿Alton,Alton
﻿alt.il.0021,﻿church,﻿St. Patrick's,English,,,,﻿Alexander County,﻿Alexander County,﻿Cairo,﻿Cairo,﻿IL,,36.9997738,-89.1686826,,,,﻿l_j_lambert_001,﻿Rev.,﻿L. Lambert,,,,,,,,1864,﻿,﻿,﻿Alton,Alton
﻿alt.il.0020,﻿church,﻿Holy Family,English,,,,﻿St. Clair County,﻿St. Clair County,﻿Cahokia,﻿Cahokia Heights,﻿IL,,38.5700824,-90.1892805,,,,﻿p_doutreluigne_001,﻿Rev.,﻿P. Doutreligne,﻿C.M.,,,,,,,1864,﻿,﻿,﻿Alton,Alton
﻿alt.il.0022,﻿church,not recorded,English,,,,﻿Adams County,﻿Adams County,﻿Campoint,﻿Camp Point,﻿IL,,40.0371369,-91.064625,﻿alt.il.0073,﻿Attended from Mount Sterling,,,,,,,,,,,,1864,﻿,﻿,﻿Alton,Alton
﻿alt.il.0023,﻿church,not recorded,English,,,,﻿Macoupin County,﻿Macoupin County,﻿Carlinville,﻿Carlinville,﻿IL,,39.27977,-89.881766,,,,﻿f_schreiber_001,﻿Rev.,﻿F. Schreiber,,,,,,,,1864,﻿,﻿,﻿Alton,Alton
﻿alt.il.0025,﻿church,﻿St. Mary's,English,,,,﻿Clinton County,﻿Clinton County,﻿Carlyle,﻿Carlyle,﻿IL,,38.61328,-89.372519,,,,﻿cle_sieghardt_001,﻿Rev.,﻿Cl. Sieghardt,,,,,,,,1864,﻿,﻿,﻿Alton,Alton
﻿alt.il.0026,﻿church,not recorded,English,,,,﻿Greene County,﻿Greene County,﻿Carrollton,﻿Carrollton,﻿IL,,39.300606,-90.403759,﻿alt.il.0058,﻿Attended from Jerseyville,,,,,,,,,,,,1864,﻿,﻿,﻿Alton,Alton
﻿alt.il.0028,﻿church,not recorded,English,﻿vacant,,,﻿Marion County,﻿Marion County,﻿Centralia,﻿Centralia,﻿IL,,38.528517,-89.131694,,,,,,,,,,,,,,1864,﻿,﻿,﻿Alton,Alton
﻿alt.il.0027,﻿church,not recorded,English,﻿church building,,,﻿St. Clair County,﻿St. Clair County,﻿Centreville Station,﻿Centreville Township,﻿IL,,38.557273,-90.109275,﻿alt.il.0020,﻿Attended from Cahokia,,,,,,,,,,,,1864,﻿,﻿,﻿Alton,Alton
﻿alt.il.0029,﻿church,not recorded,English,,,,﻿Coles County,﻿Coles County,﻿Charleston,﻿Charleston,﻿IL,,39.497031,-88.172257,﻿alt.il.0087,﻿Attended from Paris,,,,,,,,,,,,1864,﻿,﻿,﻿Alton,Alton
﻿alt.il.0030,﻿church,﻿Help of Christians,English,,,,﻿Randolph County,﻿Randolph County,﻿Chester,﻿Chester,﻿IL,,37.923683,-89.821459,,,,﻿f_chmelicék_001,﻿Rev.,﻿F. Chmelicek,,,,,,,,1864,﻿,﻿,﻿Alton,Alton
﻿alt.il.0295,﻿church,﻿St. Augustine's,English,,,,﻿Wabash County,﻿Wabash County,﻿Coffee or Rochester,﻿Mt. Carmel,﻿IL,,,,﻿alt.il.0072,﻿Attended from Mt. Carmel,,,,,,,,,,,,1864,﻿,﻿,﻿Alton,Alton
﻿alt.il.0031,﻿church,﻿St. Paul's,English,﻿vacant,,,﻿Madison County,﻿Madison County,﻿Collinsville,﻿Collinsville,﻿IL,,38.666,-89.988118,,,,,,,,,,,,,,1864,﻿,﻿,﻿Alton,Alton
﻿alt.il.0032,﻿church,﻿Immaculate Conception,English,,,,﻿Monroe County,﻿Monroe County,﻿Columbia,﻿Columbia,﻿IL,,38.467846,-90.213733,,,,﻿w_koenig_001,﻿Rev.,﻿W. Koenig,,,,,,,,1864,﻿,﻿,﻿Alton,Alton
﻿alt.il.0033,﻿church,﻿St. Damian's,English,,,,﻿Clinton County,﻿Clinton County,﻿Damiansville,﻿Damiansville,﻿IL,,38.509943,-89.623551,,,,﻿aug_berger_001,﻿Rev.,﻿Aug. Berger,,,,,,,,1864,﻿,﻿,﻿Alton,Alton
﻿alt.il.0034,﻿church,not recorded,English,,,,﻿Macon County,﻿Macon County,﻿Decatur,﻿Decatur,﻿IL,,39.843094,-88.950792,,,,﻿a_vogt_001,﻿Rev.,﻿A. Vogt,,,,,,,,1864,﻿,﻿,﻿Alton,Alton
﻿alt.il.0035,﻿church,not recorded,English,,,,﻿White County,,﻿Dolan Settlement,,﻿IL,,38.050114,-88.246118,﻿alt.il.0048,﻿Attended from Mt. St. John,,,,,,,,,,,,1864,﻿,﻿,﻿Alton,Alton
﻿alt.il.0040,﻿church,﻿Immaculate Conception,English,﻿vacant,,,﻿Madison County,﻿Madison County,﻿Edwardsville,﻿Edwardsville,﻿IL,,38.805225,-89.926009,,,,,,,,,,,,,,1864,﻿,﻿,﻿Alton,Alton
﻿alt.il.0042,﻿church,﻿St. Anthony's,English,,,,﻿Effingham County,﻿Effingham County,﻿Effingham,﻿Effingham,﻿IL,,39.125549,-88.550418,﻿alt.il.0127,"﻿Attended by Rev. Raynerius Dickneite, O.S.F., from Teutopolis",,,,,,,,,,,,1864,﻿,﻿,﻿Alton,Alton
﻿alt.il.0043,﻿church,not recorded,English,,,,﻿Randolph County,﻿Randolph County,﻿Evansville,﻿Evansville,﻿IL,,38.089283,-89.939815,﻿alt.il.0243,﻿Attended from Chester,,,,,,,,,,,,1864,﻿,﻿,﻿Alton,Alton
﻿alt.il.0044,﻿church,﻿St. Pancratius's,English,﻿vacant,,,﻿St. Clair County,﻿St. Clair County,﻿Fayetteville,﻿Fayetteville,﻿IL,,38.37956,-89.794839,﻿alt.il.0068,﻿Attended from Maskoutah,,,,,,,,,,,,1864,﻿,﻿,﻿Alton,Alton
﻿alt.il.0046,﻿church,﻿St. Joseph's,English,,,,﻿St. Clair County,﻿St. Clair County,﻿Freeburg,﻿Freeburg,﻿IL,,38.427249,-89.910301,,,,﻿the_elshoff_001,﻿Rev.,﻿Theo. Elshoff,,,,,,,,1864,﻿,﻿,﻿Alton,Alton
﻿alt.il.0047,﻿church,﻿St. Philip's,English,,﻿French Village,,﻿St. Clair County,﻿St. Clair County,﻿French Village,﻿Fairview Heights,﻿IL,,38.600328,-90.050106,,,,﻿jos_petit_002,﻿Rev.,﻿Jos. Petit,,,,,,,,1864,﻿,﻿,﻿Alton,Alton
﻿alt.il.0051,﻿church,﻿Help of Christians,English,,,,﻿Effingham County,﻿Effingham County,﻿Green Creek,﻿Green Creek,﻿IL,,39.202818,-88.523383,﻿alt.il.0127,"﻿Attended by Rev. Damianus Hennewig, O.S.F., from Teutopolis",,,,,,,,,,,,1864,﻿,﻿,﻿Alton,Alton
﻿alt.il.0052,﻿church,not recorded,English,,,,﻿Pike County,﻿Pike County,﻿Griggsville,﻿Griggsville,﻿IL,,39.708936,-90.724572,﻿alt.il.0089,﻿Attended from Pittsfield,,,,,,,,,,,,1864,﻿,﻿,﻿Alton,Alton
﻿alt.il.0049,﻿church,﻿St. Henry's,English,,,,﻿Clinton County,﻿Clinton County,﻿Germantown,﻿Germantown,﻿IL,,38.55164,-89.539164,,,,﻿h_frohboese_001,﻿Rev.,﻿H. Frohboese,,,,,,,,1864,﻿,﻿,﻿Alton,Alton
﻿alt.il.0110,﻿church,﻿St. Michael's,English,,,,﻿Calhoun County,﻿Calhoun County,﻿Hardin,﻿Hardin,﻿IL,,,,﻿alt.il.0018,﻿Attended from Bruxelles,,,,,,,,,,,,1864,﻿,﻿,﻿Alton,Alton
﻿alt.il.0054,﻿church,﻿St. Paul's,English,,,,﻿Madison County,﻿Madison County,﻿Highland,﻿Highland,﻿IL,,38.741069,-89.67365,,,,﻿p_peters_001,﻿Rev.,﻿P. Peters,,,,,,,,1864,﻿,﻿,﻿Alton,Alton
﻿alt.il.0037,﻿church,﻿St. Patrick's,English,,,,﻿St. Clair County,﻿St. Clair County,﻿Illinoistown,﻿East St. Louis,﻿IL,,38.624514,-90.150646,,,,﻿j_brennan_001,﻿Rev.,﻿J. Brennan,,,,,,,,1864,﻿,﻿,﻿Alton,Alton
﻿alt.il.0057,﻿church,not recorded,English,,,,﻿Morgan County,﻿Morgan County,﻿Jacksonville,﻿Jacksonville,﻿IL,,39.73458,-90.221274,,,,﻿p_j_ohalloran_001,﻿Rev.,﻿P. J. O'Halloran,,,,,,,,1864,﻿,﻿,﻿Alton,Alton
﻿alt.il.0058,﻿church,﻿St. Francis,English,,,,﻿Jersey County,﻿Jersey County,﻿Jerseyville,﻿Jerseyville,﻿IL,,39.115982,-90.325421,,,,﻿ad_j_laurent_001,﻿Rev.,﻿A. Laurent,,,,,,,,1864,﻿,﻿,﻿Alton,Alton
﻿alt.il.0004,﻿church,not recorded,English,﻿vacant,﻿Anna P.O.,,﻿Union County,﻿Union County,﻿Jonesboro,﻿Anna,﻿IL,,37.457132,-89.248362,﻿alt.il.0021,﻿Attended from Cairo,,,,,,,,,,,,1864,﻿,﻿,﻿Alton,Alton
﻿alt.il.0059,﻿church,﻿Immaculate Conception,English,,,,﻿Randolph County,﻿Randolph County,﻿Kaskaskia,﻿Kaskaskia,﻿IL,,37.922099,-89.915038,,,,﻿j_a_jacque_001,﻿Rev.,﻿J. A. Jacque,,,,,,,,1864,﻿,﻿,﻿Alton,Alton
﻿alt.il.0060,﻿church,not recorded,English,﻿church building,,,﻿St. Clair County,﻿St. Clair County,﻿Lebanon,﻿Lebanon,﻿IL,,38.614554,-89.815796,﻿alt.il.0025,﻿Attended from Carlyle,,,,,,,,,,,,1864,﻿,﻿,﻿Alton,Alton
﻿alt.il.0061,﻿church,not recorded,English,,,,﻿Montgomery County,﻿Montgomery County,﻿Litchfield,﻿Litchfield,﻿IL,,39.175326,-89.654258,,,,﻿ch_gonant_001,﻿Rev.,﻿Charles Gonant,,,,,,,,1864,﻿,﻿,﻿Alton,Alton
﻿alt.il.0063,﻿church,not recorded,English,,,,﻿Fayette County,﻿Fayette County,﻿London or Howard's Point,﻿Wrights Corner,﻿IL,,39.131018,-88.865679,﻿alt.il.0127,﻿Attended from Teutopolis,,,,,,,,,,,,1864,﻿,﻿,﻿Alton,Alton
﻿alt.il.0065,﻿church,﻿St. Mary's,English,,﻿Monroe City P.O.,,﻿Madison County,﻿Monroe County,﻿Madonnaville,﻿Madonaville,﻿IL,,38.264615,-90.246954,,,,﻿l_hinssen_001,﻿Rev.,﻿L. Hinssen,,,,,,,,1864,﻿,﻿,﻿Alton,Alton
﻿alti.il.0327,﻿church,not recorded,English,,,,﻿Madison County,﻿Madison County,﻿Marine,﻿Marinetown,﻿IL,,,,﻿alt.il.0054,﻿Attended from Edwardsville,,,,,,,,,,,,1864,﻿,﻿,﻿Alton,Alton
﻿alt.il.0067,﻿church,﻿St. Patrick's,English,,,,﻿Clark County,﻿Clark County,﻿Marshall,﻿Marshall,﻿IL,,39.387497,-87.694521,,,,﻿h_hoven_001,﻿Rev.,﻿H. Hoven,,,,,,,,1864,﻿,﻿,﻿Alton,Alton
﻿alt.il.0068,﻿church,﻿Childhood of Jesus,English,,,,﻿St. Clair County,﻿St. Clair County,﻿Maskoutah,﻿Mascoutah,﻿IL,,38.491205,-89.791783,,,,﻿p_rosendahl_001,﻿Rev.,﻿P. Rosendahl,,,,,,,,1864,﻿,﻿,﻿Alton,Alton
﻿alt.il.0069,﻿church,﻿Imm. Conception,English,,,,﻿Coles County,﻿Coles County,﻿Mattoon,﻿Mattoon,﻿IL,,39.48309,-88.372825,,,,﻿th_f_mangan_001,﻿Rev.,﻿Th. Fr. Mangan,,,,,,,,1864,﻿,﻿,﻿Alton,Alton
﻿alt.il.0070,﻿church,﻿St. James',English,,,,﻿St. Clair County,﻿St. Clair County,﻿Millstadt,﻿Millstadt,﻿IL,,38.461208,-90.096475,,,,﻿b_bartels_001,﻿Rev.,﻿Barth. Bartels,,,,,,,,1864,﻿,﻿,﻿Alton,Alton
﻿alt.il.0071,﻿church,not recorded,English,﻿vacant,,,﻿Pulaski County,﻿Pulaski County,﻿Mound City,﻿Mound City,﻿IL,,37.08346,-89.168359,﻿alt.il.0021,﻿Attended from Cairo,,,,,,,,,,,,1864,﻿,﻿,﻿Alton,Alton
﻿alt.il.0072,﻿church,﻿Our Lady of Mount Carmel,English,,,,﻿Wabash County,﻿Wabash County,﻿Mount Carmel,﻿Mount Carmel,﻿IL,,38.41088,-87.761417,,,,﻿j_kraemer_001,﻿Rev.,﻿J. Kraemer,,,,,,,,1864,﻿,﻿,﻿Alton,Alton
﻿alt.il.0073,﻿church,﻿St. Patrick's,English,,,,﻿Brown County,﻿Brown County,﻿Mount Sterling,﻿Mount Sterling,﻿IL,,39.987271,-90.763463,,,,﻿a_b_rinckes_001,﻿Rev.,﻿B. Rinckes,,,,,,,,1864,﻿,﻿,﻿Alton,Alton
﻿alt.il.0105,﻿church,﻿Mt. St. John's,English,,,,﻿Hamilton County,﻿Hamilton County,,﻿McLeansboro,﻿IL,,38.222548,-88.555331,,,,﻿b_hermann_001,﻿Rev.,﻿B. Hermann,,,,,,,,1864,﻿,﻿,﻿Alton,Alton
﻿alt.il.0076,﻿church,not recorded,English,,,,﻿Cumberland County,﻿Cumberland County,﻿Neoga,﻿Neoga,﻿IL,,39.319482,-88.452826,﻿alt.il.0127,﻿Attended from Teutopolis,,,,,,,,,,,,1864,﻿,﻿,﻿Alton,Alton
﻿alt.il.0077,﻿church,not recorded,English,,﻿Carter P.O.,,﻿Sangamon County,﻿Sangamon County,﻿New Berlin,﻿New Berlin,﻿IL,,39.725328,-89.910663,﻿alt.il.0120,﻿Attended from Springfield,,,,,,,,,,,,1864,﻿,﻿,﻿Alton,Alton
﻿alt.il.0078,﻿church,not recorded,English,,,,﻿Jasper County,﻿Jasper County,﻿Newton,﻿Newton,﻿IL,,38.990584,-88.165822,﻿alt.il.0109,﻿Attended from St. Marie,,,,,,,,,,,,1864,﻿,﻿,﻿Alton,Alton
﻿alt.il.0083,﻿church,﻿St. Patrick's,English,,﻿Ruma P.O.,,﻿Randolph County,,﻿O'Hara's Settlement,,﻿IL,,38.129478,-90.008774,,,,﻿f_recouvreur_001,﻿Rev.,﻿Fr. Recouvreur,,,,,,,,1864,﻿,﻿,﻿Alton,Alton
﻿alt.il.0081,﻿church,not recorded,English,,,,﻿Lawrence County,,﻿Olive,,﻿IL,,38.715753,-87.776333,,,,,,,,,,,,,,1864,﻿,﻿,﻿Alton,Alton
﻿alt.il.0084,﻿church,not recorded,English,,,,﻿Richland County,﻿Richland County,﻿Olney,﻿Olney,﻿IL,,38.73335,-88.093414,,,,﻿tho_walsh_004,﻿Rev.,﻿Thom. Walsh,,,,,,,,1864,﻿,﻿,﻿Alton,Alton
﻿alt.il.0085,﻿church,﻿St. Michael's,English,,﻿Floraville P.O.,,﻿St. Clair County,﻿St. Clair County,﻿Paderborn,﻿Paderborn,﻿IL,,38.360329,-90.042608,,,,﻿p_rustemeyer_001,﻿Rev.,﻿P. Rustemeier,,,,,,,,1864,﻿,﻿,﻿Alton,Alton
﻿alt.il.0086,﻿church,not recorded,English,,,,﻿Christian County,﻿Christian County,﻿Pana,﻿Pana,﻿IL,,39.386453,-89.082813,﻿alt.il.0116,﻿Attended from Shelbyville,,,,,,,,,,,,1864,﻿,﻿,﻿Alton,Alton
﻿alt.il.0087,﻿church,not recorded,English,﻿vacant,,,﻿Edgar County,﻿Edgar County,﻿Paris,﻿Paris,﻿IL,,39.611146,-87.696137,,,,,,,,,,,,,,1864,﻿,﻿,﻿Alton,Alton
﻿alt.il.0089,﻿church,﻿St. Mary's,English,,,,﻿Pittsfield County,﻿Pike County,﻿Pike,﻿Pittsfield,﻿IL,,39.607825,-90.805129,,,,﻿cla_carel_001,﻿Rev.,﻿Claud. Carel,,,,,,,,1864,﻿,﻿,﻿Alton,Alton
﻿alt.il.0090,﻿church,not recorded,English,,,,﻿Gallatin County,,﻿Pond Settlement,,﻿IL,,37.710775,-88.246118,﻿alt.il.0115,﻿Attended from Shawneetown,,,,,,,,,,,,1864,﻿,﻿,﻿Alton,Alton
﻿alt.il.0091,﻿church,﻿St. Augustin's,English,,﻿Heckler P.O.,,﻿Monroe County,﻿St. Clair County,﻿Prarie du Long,﻿Prairie Du Long Township,﻿IL,,38.300842,-90.03607,,,,﻿j_turmel_001,﻿Rev.,﻿J. Turmel,,,,,,,,1864,﻿,﻿,﻿Alton,Alton
﻿alt.il.0092,﻿church,﻿St. Philip's,English,﻿vacant,,,﻿Randolph County,﻿Randolph County,﻿Prarie du Rocher,﻿Prairie Du Rocher,﻿IL,,38.079235,-90.093336,,,,,,,,,,,,,,1864,﻿,﻿,﻿Alton,Alton
﻿alt.il.0093,﻿church,﻿St. Boniface's,English,,,,﻿Adams County,﻿Adams County,﻿Quincy,﻿Quincy,﻿IL,,39.932455,-91.40511,,,,﻿h_schäfermeyer_001,﻿Very Rev.,﻿H. Schaefermeier,,,,,,,,1864,﻿,﻿,﻿Alton,Alton
﻿alt.il.0094,﻿church,﻿St. Lawrence's,English,,,,﻿Adams County,﻿Adams County,﻿Quincy,﻿Quincy,﻿IL,,39.934465,-91.361503,,,,﻿pet_mcgirr_001,﻿Rev.,﻿P. McGirr,,,,,,,,1864,﻿,﻿,﻿Alton,Alton
﻿alt.il.0095,﻿church,﻿St. Francis Solanus,English,,,,﻿Adams County,﻿Adams County,﻿Quincy,﻿Quincy,﻿IL,,39.939549,-91.388669,,,,﻿fer_bergmeyer_001,﻿Very Rev.,﻿Ferd. Bergmeyer,﻿O.S.F.,﻿Praeses,,,,﻿Franciscan Fathers,,1864,﻿,﻿,﻿Alton,Alton
﻿alt.il.0095,﻿church,﻿St. Francis Solanus,English,,,,﻿Adams County,﻿Adams County,﻿Quincy,﻿Quincy,﻿IL,,39.939549,-91.388669,,,,﻿cap_zwinge_001,﻿Rev.,﻿Capistranus Zwinge,﻿O.S.F.,,,,,﻿Franciscan Fathers,,1864,﻿,﻿,﻿Alton,Alton
﻿alt.il.0095,﻿church,﻿St. Francis Solanus,English,,,,﻿Adams County,﻿Adams County,﻿Quincy,﻿Quincy,﻿IL,,39.939549,-91.388669,,,,﻿mau_klostermann_001,﻿Rev.,﻿Mauritius Klostermann,﻿O.S.F.,,,,,﻿Franciscan Fathers,,1864,﻿,﻿,﻿Alton,Alton
﻿alt.il.0095,﻿church,﻿St. Francis Solanus,English,,,,﻿Adams County,﻿Adams County,﻿Quincy,﻿Quincy,﻿IL,,39.939549,-91.388669,,,,﻿ans_müller_001,﻿Rev.,﻿Anselmus Mueller,﻿O.S.F.,,,,,﻿Franciscan Fathers,,1864,﻿,﻿,﻿Alton,Alton
﻿alt.il.0100,﻿church,﻿St. John Baptist's,English,,,,﻿Randolph County,﻿Randolph County,﻿Red Bud,﻿Red Bud,﻿IL,,38.207406,-89.995711,,,,﻿joh_f_mohr_001,﻿Rev.,﻿John F. Mohr,,,,,,,,1864,﻿,﻿,﻿Alton,Alton
﻿alt.il.0335,﻿church,not recorded,English,,,,﻿Madison County,﻿Madison County,﻿Ridgely,﻿Ridgely,﻿IL,,,,﻿alt.il.0222,﻿Attended from Alton,,,,,,,,,,,,1864,﻿,﻿,﻿Alton,Alton
﻿alt.il.0115,﻿church,not recorded,English,,,,﻿Gallatin County,﻿Gallatin County,﻿Shawneetown,﻿Shawneetown,﻿IL,,37.735639,-88.138151,,,,﻿j_larmer_001,﻿Rev.,﻿J. Larmer,,,,,,,,1864,﻿,﻿,﻿Alton,Alton
﻿alt.il.0116,﻿church,not recorded,English,,,,﻿Shelby County,﻿Shelby County,﻿Shelbyville,﻿Shelbyville,﻿IL,,39.406428,-88.790069,,,,﻿t_cusack_001,﻿Rev.,﻿Th. Cussack,,,,,,,,1864,﻿,﻿,﻿Alton,Alton
﻿alt.il.0120,﻿church,﻿Immaculate Conception,English,,,,﻿Sangamon County,﻿Sangamon County,﻿Springfield,﻿Springfield,﻿IL,,39.793802,-89.648891,,,,﻿j_fitzgibbon_002,﻿Rev.,﻿J. Fitzgibbon,,,,,,,,1864,﻿,﻿,﻿Alton,Alton
﻿alt.il.0120,﻿church,﻿Immaculate Conception,English,,,,﻿Sangamon County,﻿Sangamon County,﻿Springfield,﻿Springfield,﻿IL,,39.793802,-89.648891,,,,﻿f_h_zabel_001,﻿Rev.,﻿J. W. Zabel,﻿D.D.,,,,,,,1864,﻿,﻿,﻿Alton,Alton
﻿alt.il.0121,﻿church,﻿St. John the Baptist,English,,,,﻿Sangamon County,﻿Sangamon County,﻿Springfield,﻿Springfield,﻿IL,,39.589758,-89.738453,,,,﻿wil_busch_001,﻿Rev.,﻿W. Busch,,,,,,,,1864,﻿,﻿,﻿Alton,Alton
﻿alt.il.0103,﻿church,not recorded,English,,,,﻿Adams County,﻿Adams County,﻿St. Anthony's,﻿Quincy,﻿IL,,39.90387,-91.320611,﻿alt.il.0292,﻿Attended by Franciscan Fathers from Quincy,,,,,,,,,,,,1864,﻿,﻿,﻿Alton,Alton
﻿alt.il.0104,﻿church,﻿St. Francis Xavier's,English,,,,﻿Lawrence County,﻿Lawrence County,﻿St. Francisville,﻿St. Francisville,﻿IL,,38.591158,-87.646692,﻿alt.il.0072,﻿Attended from Mt. Carmel,,,,,,,,,,,,1864,﻿,﻿,﻿Alton,Alton
﻿alt.il.0107,﻿church,﻿St. Joseph's,English,﻿church building,,,﻿Calhoun County,﻿Calhoun County,,﻿Meppen,﻿IL,,38.99721005,-90.60572636,﻿alt.il.0018,﻿Attended from Bruxelles,,,,,,,,,,,,1864,﻿,﻿,﻿Alton,Alton
﻿alt.il.0108,﻿church,﻿St. Liborius,English,,﻿Mud Creek P.O.,,﻿St. Clair County,﻿St. Clair County,,﻿St. Libory,﻿IL,,38.36131017,-89.71086731,,,,﻿aug_brickwedde_001,﻿Rev.,﻿Aug. Brickwedde,,,,,,,,1864,﻿,﻿,﻿Alton,Alton
﻿alt.il.0109,﻿church,﻿St. Mary's,English,,,,﻿Jasper County,﻿Jasper County,,﻿Sainte Marie,﻿IL,,38.93314543,-88.02511674,,,,﻿j_sandrock_001,﻿Rev.,﻿J. Sandrock,,,,,,,,1864,﻿,﻿,﻿Alton,Alton
﻿alt.il.0111,﻿church,﻿St. Peter's,English,,,,﻿Jasper County,﻿Jasper County,,﻿Newton,﻿IL,,39.02305131,-88.11014507,﻿alt.il.0283,﻿Attended from St. Marie,,,,,,,,,,,,1864,﻿,﻿,﻿Alton,Alton
﻿alt.il.0124,﻿church,﻿St. Joseph's,English,,﻿Stringtown,,﻿Richland County,﻿Richland County,﻿Stringtown,﻿German Township,﻿IL,,38.80573489,-87.98358127,﻿alt.il.0283,﻿Attended from St. Marie,,,,,,,,,,,,1864,﻿,﻿,﻿Alton,Alton
﻿alt.il.0125,﻿church,﻿St. William's,English,,,,﻿Sangamon County,﻿Sangamon County,﻿Sugar Creek,﻿Chatham,﻿IL,,39.733735,-89.625165,﻿alt.il.0120,﻿Attended from Springfield,,,,,,,,,,,,1864,﻿,﻿,﻿Alton,Alton
﻿alt.il.0127,﻿church,﻿St. Francis Seraph,English,,,,﻿Effingham County,﻿Effingham County,﻿Teutopolis,﻿Teutopolis,﻿IL,,39.133097,-88.471992,,,,﻿mat_hiltermann_001,﻿Very Rev.,﻿Mathias Hiltermann,﻿O.S.F.,﻿Commissarius,,,,﻿Franciscan Fathers,,1864,﻿,﻿,﻿Alton,Alton
﻿alt.il.0127,﻿church,﻿St. Francis Seraph,English,,,,﻿Effingham County,﻿Effingham County,﻿Teutopolis,﻿Teutopolis,﻿IL,,39.133097,-88.471992,,,,﻿kil_schlosser_001,﻿Very Rev.,﻿Killian Schlosser,﻿O.S.F.,﻿Guardian,,,,﻿Franciscan Fathers,,1864,﻿,﻿,﻿Alton,Alton
﻿alt.il.0127,﻿church,﻿St. Francis Seraph,English,,,,﻿Effingham County,﻿Effingham County,﻿Teutopolis,﻿Teutopolis,﻿IL,,39.133097,-88.471992,,,,﻿dam_hennewig_001,﻿Rev.,﻿Damian Hennewig,﻿O.S.F.,,,,,﻿Franciscan Fathers,,1864,﻿,﻿,﻿Alton,Alton
﻿alt.il.0127,﻿church,﻿St. Francis Seraph,English,,,,﻿Effingham County,﻿Effingham County,﻿Teutopolis,﻿Teutopolis,﻿IL,,39.133097,-88.471992,,,,﻿her_hoffman_001,﻿Rev.,﻿Heribert Hoffman,﻿O.S.F.,,,,,﻿Franciscan Fathers,,1864,﻿,﻿,﻿Alton,Alton
﻿alt.il.0127,﻿church,﻿St. Francis Seraph,English,,,,﻿Effingham County,﻿Effingham County,﻿Teutopolis,﻿Teutopolis,﻿IL,,39.133097,-88.471992,,,,﻿her_hoffmans_001,﻿Rev.,﻿Raynerius Dickneite,﻿O.S.F.,,,,,﻿Franciscan Fathers,,1864,﻿,﻿,﻿Alton,Alton
﻿alt.il.0127,﻿church,﻿St. Francis Seraph,English,,,,﻿Effingham County,﻿Effingham County,﻿Teutopolis,﻿Teutopolis,﻿IL,,39.133097,-88.471992,,,,﻿eug_puers_001,﻿Rev.,﻿Eugenius Puers,﻿O.S.F.,,,,,﻿Franciscan Fathers,,1864,﻿,﻿,﻿Alton,Alton
﻿alt.il.0127,﻿church,﻿St. Francis Seraph,English,,,,﻿Effingham County,﻿Effingham County,﻿Teutopolis,﻿Teutopolis,﻿IL,,39.133097,-88.471992,,,,﻿alo_wiewer_001,﻿Rev.,﻿Aloysius Wiewer,﻿O.S.F.,,,,,﻿Franciscan Fathers,,1864,﻿,﻿,﻿Alton,Alton
﻿alt.il.0126,﻿church,﻿St. Mary's,English,,,,﻿Christian County,﻿Christian County,﻿Taylorsville,﻿Taylorville,﻿IL,,39.546287,-89.295088,﻿alt.il.0007,﻿Attended from Assumption,,,,,,,,,,,,1864,﻿,﻿,﻿Alton,Alton
﻿alt.il.0128,﻿church,﻿St. Patrick's,English,,,,﻿Monroe County,﻿Monroe County,﻿Tiptown,﻿Tiptown,﻿IL,,38.211717,-89.994274,﻿alt.il.0100,﻿Attended from Red Bud,,,,,,,,,,,,1864,﻿,﻿,﻿Alton,Alton
﻿alt.il.0131,﻿church,not recorded,English,,,,﻿Fayette County,﻿Fayette County,﻿Vandalia,﻿Vandalia,﻿IL,,38.964738,-89.098545,﻿alt.il.0028,﻿Attended from Centralia,,,,,,,,,,,,1864,﻿,﻿,﻿Alton,Alton
﻿alt.il.0134,﻿church,﻿SS. Peter et Francis Seraph,English,,,,﻿Monroe County,﻿Monroe County,﻿Waterloo,﻿Waterloo,﻿IL,,38.335886,-90.149834,,,,﻿p_limacher_001,﻿Rev.,﻿P. Limacher,,,,,,,,1864,﻿,﻿,﻿Alton,Alton
﻿alt.il.0136,﻿church,not recorded,English,,﻿Fieldon P.O.,,﻿Jersey County,﻿Jersey County,﻿Westwoods,﻿Jerseyville,﻿IL,,39.11708402,-90.47310548,﻿alt.il.0058,﻿Attended from Jerseyville,,,,,,,,,,,,1864,﻿,﻿,﻿Alton,Alton
﻿alt.il.0137,﻿church,not recorded,English,,,,﻿Scott County,﻿Scott County,﻿Winchester,﻿Winchester,﻿IL,,39.631356,-90.453933,,,,﻿mic_clifford_001,﻿Rev.,﻿M. Clifford,,,,,,,,1864,﻿,﻿,﻿Alton,Alton
﻿alt.il.0139,﻿station,not recorded,English,,,,﻿Adams County,﻿Adams County,﻿Liberty,﻿Liberty,﻿IL,,39.879491,-91.107916,,,,,,,,,,,,,,1864,﻿,﻿,﻿Alton,Alton
﻿alt.il.0193,﻿station,not recorded,English,,,,﻿Alexander County,,﻿Caledonia,,﻿IL,,37.251242,-89.132487,,,,,,,,,,,,,,1864,﻿,﻿,﻿Alton,Alton
﻿alt.il.0141,﻿station,not recorded,English,,,,﻿Alexander County,﻿Alexander County,﻿Unity,﻿Unity,﻿IL,,37.149772,-89.272857,,,,,,,,,,,,,,1864,﻿,﻿,﻿Alton,Alton
﻿alt.il.0144,﻿station,not recorded,English,,,,﻿Brown County,﻿Brown County,﻿Versailles,﻿Versailles,﻿IL,,39.885048,-90.655961,,,,,,,,,,,,,,1864,﻿,﻿,﻿Alton,Alton
﻿alt.il.0317,﻿station,not recorded,English,,,,﻿Cass County,﻿Cass County,﻿Chandlersville,﻿Chandlersville,﻿IL,,,,,,,,,,,,,,,,,1864,﻿,﻿,﻿Alton,Alton
﻿alt.il.0297,﻿station,not recorded,English,,,,﻿Cass County,﻿Cass County,﻿Virginia,﻿Virginia,﻿IL,,,,,,,,,,,,,,,,,1864,﻿,﻿,﻿Alton,Alton
﻿alt.il.0318,﻿station,not recorded,English,,,,﻿Clark County,﻿Clark County,﻿Castlefine,﻿Castlefine,﻿IL,,,,,,,,,,,,,,,,,1864,﻿,﻿,﻿Alton,Alton
﻿alt.il.0319,﻿station,not recorded,English,,,,﻿Clay County,﻿Clay County,﻿Xenia,﻿Xenia,﻿IL,,,,,,,,,,,,,,,,,1864,﻿,﻿,﻿Alton,Alton
﻿alt.il.0130,﻿station,not recorded,English,,,,﻿Clinton County,﻿Clinton County,﻿Trenton,﻿Trenton,﻿IL,,,,,,,,,,,,,,,,,1864,﻿,﻿,﻿Alton,Alton
﻿alt.il.0299,﻿station,not recorded,English,,,,﻿Coles County,﻿Coles County,﻿Okaw,﻿Okaw,﻿IL,,,,,,,,,,,,,,,,,1864,﻿,﻿,﻿Alton,Alton
﻿alt.il.0320,﻿station,not recorded,English,,,,﻿Edgar County,﻿Edgar County,﻿Grandview,﻿Grandview,﻿IL,,,,,,,,,,,,,,,,,1864,﻿,﻿,﻿Alton,Alton
﻿alt.il.0321,﻿station,not recorded,English,,,,﻿Effingham County,﻿Effingham County,﻿Watson,﻿Watson,﻿IL,,,,,,,,,,,,,,,,,1864,﻿,﻿,﻿Alton,Alton
﻿alt.il.0322,﻿station,not recorded,English,,,,﻿Fayette County,﻿Fayette County,﻿Windsor,﻿Windsor,﻿IL,,,,,,,,,,,,,,,,,1864,﻿,﻿,﻿Alton,Alton
﻿alt.il.0159,﻿station,not recorded,English,,,,﻿Gallatin County,﻿Gallatin County,﻿Equality,﻿Equality,﻿IL,,37.733936,-88.343376,,,,,,,,,,,,,,1864,﻿,﻿,﻿Alton,Alton
﻿alt.il.0160,﻿station,not recorded,English,,,,﻿Greene County,﻿Greene County,﻿Greenfield,﻿Greenfield,﻿IL,,39.343658,-90.212614,,,,,,,,,,,,,,1864,﻿,﻿,﻿Alton,Alton
﻿alt.il.0300,﻿station,not recorded,English,,,,﻿Greene County,﻿Greene County,﻿Rockbridge,﻿Rockbridge,﻿IL,,,,,,,,,,,,,,,,,1864,﻿,﻿,﻿Alton,Alton
﻿alt.il.0162,﻿station,not recorded,English,,,,﻿Greene County,﻿Greene County,﻿Whitehall,﻿White Hall,﻿IL,,39.436992,-90.403177,,,,,,,,,,,,,,1864,﻿,﻿,﻿Alton,Alton
﻿alt.il.0323,﻿station,not recorded,English,,,,﻿Jersey County,﻿Jersey County,﻿Delhi,﻿Delhi,﻿IL,,,,,,,,,,,,,,,,,1864,﻿,﻿,﻿Alton,Alton
﻿alt.il.0301,﻿station,not recorded,English,,,,﻿Jersey County,﻿Jersey County,﻿Grafton,﻿Grafton,﻿IL,,,,,,,,,,,,,,,,,1864,﻿,﻿,﻿Alton,Alton
﻿alt.il.0168,﻿station,not recorded,English,,,,﻿Jersey County,﻿Madison County,﻿Jersey Landing,﻿Godfrey,﻿IL,,38.9803,-90.302031,,,,,,,,,,,,,,1864,﻿,﻿,﻿Alton,Alton
﻿alt.il.0017,﻿station,not recorded,English,,,,﻿Macoupin County,﻿Macoupin County,﻿Brighton,﻿Brighton,﻿IL,,,,,,,,,,,,,,,,,1864,﻿,﻿,﻿Alton,Alton
﻿alt.il.0019,﻿station,not recorded,English,,,,﻿Macoupin County,﻿Macoupin County,﻿Bunkerhill,﻿Bunkerhill,﻿IL,,,,,,,,,,,,,,,,,1864,﻿,﻿,﻿Alton,Alton
﻿alt.il.0177,﻿station,not recorded,English,,,,﻿Macoupin County,﻿Macoupin County,﻿Nilwood,﻿Nilwood,﻿IL,,39.398106,-89.808709,,,,,,,,,,,,,,1864,﻿,﻿,﻿Alton,Alton
﻿alt.il.0302,﻿station,not recorded,English,,,,﻿Macoupin County,﻿Macoupin County,﻿Shipman,﻿Shipman,﻿IL,,,,,,,,,,,,,,,,,1864,﻿,﻿,﻿Alton,Alton
﻿alt.il.0303,﻿station,not recorded,English,,,,﻿Macoipin County,﻿Macoupin County,﻿Virden,﻿Virden,﻿IL,,,,,,,,,,,,,,,,,1864,﻿,﻿,﻿Alton,Alton
﻿alt.il.0304,﻿station,not recorded,English,,,,﻿Marion County,﻿Marion County,﻿Odin,﻿Odin,﻿IL,,,,,,,,,,,,,,,,,1864,﻿,﻿,﻿Alton,Alton
﻿alt.il.0305,﻿station,not recorded,English,,,,﻿Marion County,﻿Marion County,﻿Salem,﻿Salem,﻿IL,,,,,,,,,,,,,,,,,1864,﻿,﻿,﻿Alton,Alton
﻿alt.il.0306,﻿station,not recorded,English,,,,﻿Marion County,﻿Marion County,﻿Sandoval,﻿Sandoval,﻿IL,,,,,,,,,,,,,,,,,1864,﻿,﻿,﻿Alton,Alton
﻿alt.il.0307,﻿station,not recorded,English,,,,﻿Menard County,﻿Menard County,﻿Petersburg,﻿Petersburg,﻿IL,,,,,,,,,,,,,,,,,1864,﻿,﻿,﻿Alton,Alton
﻿alt.il.0308,﻿station,not recorded,English,,,,﻿Menard County,﻿Menard County,﻿Robinson's Mills,﻿Robinson's Mills,﻿IL,,,,,,,,,,,,,,,,,1864,﻿,﻿,﻿Alton,Alton
﻿alt.il.0324,﻿station,not recorded,English,,,,﻿Montgomery County,﻿Montgomery County,﻿Butler,﻿Butler,﻿IL,,,,,,,,,,,,,,,,,1864,﻿,﻿,﻿Alton,Alton
﻿alt.il.0325,﻿station,not recorded,English,,,,﻿Montgomery County,﻿Montgomery County,﻿Gillespie,﻿Gillespie,﻿IL,,,,,,,,,,,,,,,,,1864,﻿,﻿,﻿Alton,Alton
﻿alt.il.0309,﻿station,not recorded,English,,,,﻿Montgomery County,﻿Montgomery County,﻿Hillsboro,﻿Hillsboro,﻿IL,,,,,,,,,,,,,,,,,1864,﻿,﻿,﻿Alton,Alton
﻿alt.il.0186,﻿station,not recorded,English,,,,﻿Morgan County,﻿Morgan County,﻿Meredosia,﻿Meredosia,﻿IL,,39.831158,-90.559571,,,,,,,,,,,,,,1864,﻿,﻿,﻿Alton,Alton
﻿alt.il.0310,﻿station,not recorded,English,,,,﻿Morgan County,﻿Morgan County,﻿Waverly,﻿Waverly,﻿IL,,,,,,,,,,,,,,,,,1864,﻿,﻿,﻿Alton,Alton
﻿alt.il.0206,﻿station,not recorded,English,,,,﻿Scott County,﻿Scott County,﻿Naples,﻿Naples,﻿IL,,39.757269,-90.607349,,,,,,,,,,,,,,1864,﻿,﻿,﻿Alton,Alton
﻿alt.il.0313,﻿station,not recorded,English,,,,﻿St. Clair County,﻿St. Clair County,﻿O'Fallon,﻿O'Fallon,﻿IL,,,,,,,,,,,,,,,,,1864,﻿,﻿,﻿Alton,Alton
﻿alt.il.0326,﻿station,not recorded,English,,,,﻿Wayne County,﻿Wayne County,﻿Fairfield,,﻿IL,,,,,,,,,,,,,,,,,1864,﻿,﻿,﻿Alton,Alton
﻿alt.il.0213,﻿station,not recorded,English,,,,﻿White County,﻿White County,﻿Carmi,﻿Carmi,﻿IL,,38.09088,-88.158649,,,,,,,,,,,,,,1864,﻿,﻿,﻿Alton,Alton
﻿alt.il.0216,﻿convent,﻿St. Teresa's Convent of the Franciscan Fathers,English,"﻿A community of reformed Franciscans of the stricter observance, have, since 1858, established a Convent at Teutopolis, Effingham co., Ill. They form a branch of the Westphalian Province of this Order.",,,﻿Effingham County,﻿Effingham County,﻿Teutopolis,﻿Teutopolis,﻿IL,,39.133097,-88.471992,,,,﻿mat_hiltermann_001,﻿Very Rev.,﻿Mathias Hiltermann,,﻿Superior,,,,,,1864,﻿,﻿,﻿Alton,Alton
﻿alt.il.0216,﻿convent,﻿St. Teresa's Convent of the Franciscan Fathers,English,"﻿A community of reformed Franciscans of the stricter observance, have, since 1858, established a Convent at Teutopolis, Effingham co., Ill. They form a branch of the Westphalian Province of this Order.",,,﻿Effingham County,﻿Effingham County,﻿Teutopolis,﻿Teutopolis,﻿IL,,39.133097,-88.471992,,,,,,,,,,﻿priest,﻿7 Fathers,,,1864,﻿,﻿,﻿Alton,Alton
﻿alt.il.0292,﻿residence,"﻿St. Francis Solanos, Residence of Franciscan Fathers",English,﻿Founded 1860,,,﻿Adams County,﻿Adams County,﻿Quincy,﻿Quincy,﻿IL,,39.939549,-91.388669,,,,﻿fer_bergmeyer_001,﻿Very Rev. P.,﻿Ferdinand Bergmeyer,,﻿Praeses,,,,,,1864,﻿,﻿,﻿Alton,Alton
﻿alt.il.0292,﻿residence,"﻿St. Francis Solanos, Residence of Franciscan Fathers",English,﻿Founded 1860,,,﻿Adams County,﻿Adams County,﻿Quincy,﻿Quincy,﻿IL,,39.939549,-91.388669,,,,,,,,,,﻿priest,﻿4 Fathers,,,1864,﻿,﻿,﻿Alton,Alton
﻿alt.il.0217,﻿college,﻿St. Joseph's Ecclesiastical College,English,"﻿Boys will find all the opportunities to prepare themselves for the holy priesthood. Therewith is, at present, also connected, the Seminary of the Diocese. The Rev. Fathers will spare no pains to give to the pupils entrusted to them a good and solid education. The Poor Sisters of St. Francis have the care of the whole management of the house and of the infirmary",,,﻿Effingham County,﻿Effingham County,﻿Teutopolis,﻿Teutopolis,﻿IL,,39.132601,-88.471234,,,,﻿her_hoffman_001,﻿Rev.,﻿Herib. Hoffman,,﻿Superior,,,,﻿The Poor Sisters of St. Francis have the care of the whole management of the house and of the infirmary; under the direction of the Franciscan Fathers,,1864,﻿,﻿,﻿Alton,Alton
﻿alt.il.0221,"﻿convent, academy",﻿St. Joseph's Ursuline Convent and Young Ladies' Academy,English,"﻿This house was established 22d August, 1857. The course of instruction embraces all the branches usually taught in such institutes. Connected with the Academy is a Day and Parochial School",,,,﻿Sangamon County,﻿Springfield,﻿Springfield,﻿IL,,39.781721,-89.650148,,,,,﻿Mother,﻿Mary Joseph Woulfe,,﻿Superior,,,,,,1864,﻿,﻿,﻿Alton,Alton
﻿alt.il.0222,"﻿convent, school","﻿Ursuline Convent, Female Academy, Boarding, and Day School",English,"﻿This institute was founded in the year 1860. Besides their Academy and Boaording School, in which the higher branches of a finished education are taught, the nuns conduct the Parish Schools of the congregations at Alton",,,,﻿Madison County,﻿Alton,﻿Alton,﻿IL,,38.907401,-90.197094,,,,,﻿Mother,﻿Josephine Bruiding,,﻿Superior,,,,,,1864,﻿,﻿,﻿Alton,Alton
﻿alt.il.0223,﻿academy,﻿Young Ladies' Academy of the Immaculate Conception,English,"﻿This institution was opened on the 5th of Ocotber, 1859. The course instruction embraces all the branches usually taught in such institutions. Connected with the academy is the Parish School of the congregation at Belleville",,,﻿St. Clair County,﻿St. Clair County,﻿Belleville,﻿Belleville,﻿IL,,38.52005,-89.983993,,,,,﻿Sister,﻿Jerome,,﻿Superior,,,,﻿Under the direction of the Poor School-Sisters of Notre Dame,,1864,﻿,﻿,﻿Alton,Alton
﻿alt.il.0315,﻿convent,﻿Convent of the Sisters of St. Joseph,English,﻿This institute was founded in the year 1861. Connected with this academy for young ladies is the Free School of the Township and the Parochial School,,,﻿Jasper County,,﻿St. Marie,,﻿IL,,,,,,,,,,,,,,,,,1864,﻿,﻿,﻿Alton,Alton
﻿alt.il.0224,"﻿convent, academy",not recorded,English,"﻿The Sisters of Loretto commenced last September, a school in Cairo, Illinois, with the intention to erect, as soon as possible, a fine Institute, wherein all the families of Southern Illinois will have an opportunity to give their daughters, near at home, a thorough education, as will be given in any such institute",,,,﻿Alexander County,﻿Cairo,﻿Cairo,﻿IL,,37.005329,-89.176461,,,,,,,,,,,,,,1864,﻿,﻿,﻿Alton,Alton
﻿alt.il.0232,﻿parochial school,﻿The Parochial Schools,English,﻿for the boys,,,,﻿Madison County,﻿Alton,﻿Alton,﻿IL,,38.89118,-90.178218,,,,,,,,,,,,﻿Conducted by the Brothers of the Holy Cross,,1864,﻿,﻿,﻿Alton,Alton
﻿alt.il.0287,﻿parochial school,﻿The Parochial Schools,English,﻿for the boys,,,,﻿Sangamon County,﻿Springfield,﻿Springfield,﻿IL,,39.781721,-89.650148,,,,,,,,,,,,﻿Conducted by the Brothers of the Holy Cross,,1864,﻿,﻿,﻿Alton,Alton
﻿alt.il.0274,﻿parish school,not recorded,English,﻿for the girls,,,,﻿Adams County,﻿Quincy,﻿Quincy,﻿IL,,39.931377,-91.374333,,,,,,,,,,,,﻿Held by the Poor School Sisters of Notre Dame,,1864,﻿,﻿,﻿Alton,Alton
﻿alt.il.0289,﻿parish school,not recorded,English,﻿for the girls,,,,﻿Effingham County,﻿Teutopolis,﻿Teutopolis,﻿IL,,39.133097,-88.471992,,,,,,,,,,,,﻿Held by the Poor School Sisters of Notre Dame,,1864,﻿,﻿,﻿Alton,Alton
﻿alt.il.0289,﻿parish school,not recorded,English,﻿for the girls,,,,﻿Effingham County,﻿Teutopolis,﻿Teutopolis,﻿IL,,39.133097,-88.471992,,,,﻿Mount Sterling,,,,,,,,﻿Held by the Poor School Sisters of Notre Dame,,1864,﻿,﻿,﻿Alton,Alton
﻿alt.il.0289,﻿parish school,not recorded,English,﻿for the girls,,,,﻿Effingham County,﻿Teutopolis,﻿Teutopolis,﻿IL,,39.133097,-88.471992,,,,﻿Neoga,,,,,,,,﻿Held by the Poor School Sisters of Notre Dame,,1864,﻿,﻿,﻿Alton,Alton
﻿alt.il.0289,﻿parish school,not recorded,English,﻿for the girls,,,,﻿Effingham County,﻿Teutopolis,﻿Teutopolis,﻿IL,,39.133097,-88.471992,,,,﻿O'Fallon Station,,,,,,,,﻿Held by the Poor School Sisters of Notre Dame,,1864,﻿,﻿,﻿Alton,Alton
﻿alt.il.0289,﻿parish school,not recorded,English,﻿for the girls,,,,﻿Effingham County,﻿Teutopolis,﻿Teutopolis,﻿IL,,39.133097,-88.471992,,,,﻿Paderborn,,,,,,,,﻿Held by the Poor School Sisters of Notre Dame,,1864,﻿,﻿,﻿Alton,Alton
﻿alt.il.0289,﻿parish school,not recorded,English,﻿for the girls,,,,﻿Effingham County,﻿Teutopolis,﻿Teutopolis,﻿IL,,39.133097,-88.471992,,,,﻿Petersburg,,,,,,,,﻿Held by the Poor School Sisters of Notre Dame,,1864,﻿,﻿,﻿Alton,Alton
﻿alt.il.0289,﻿parish school,not recorded,English,﻿for the girls,,,,﻿Effingham County,﻿Teutopolis,﻿Teutopolis,﻿IL,,39.133097,-88.471992,,,,﻿Prairie du Long,,,,,,,,﻿Held by the Poor School Sisters of Notre Dame,,1864,﻿,﻿,﻿Alton,Alton
﻿alt.il.0289,﻿parish school,not recorded,English,﻿for the girls,,,,﻿Effingham County,﻿Teutopolis,﻿Teutopolis,﻿IL,,39.133097,-88.471992,,,,﻿Prairie du Rocher,,,,,,,,﻿Held by the Poor School Sisters of Notre Dame,,1864,﻿,﻿,﻿Alton,Alton
﻿alt.il.0289,﻿parish school,not recorded,English,﻿for the girls,,,,﻿Effingham County,﻿Teutopolis,﻿Teutopolis,﻿IL,,39.133097,-88.471992,,,,﻿Quincy,,,,,,,,﻿Held by the Poor School Sisters of Notre Dame,,1864,﻿,﻿,﻿Alton,Alton
﻿alt.il.0289,﻿parish school,not recorded,English,﻿for the girls,,,,﻿Effingham County,﻿Teutopolis,﻿Teutopolis,﻿IL,,39.133097,-88.471992,,,,﻿Quincy,,,,,,,,﻿Held by the Poor School Sisters of Notre Dame,,1864,﻿,﻿,﻿Alton,Alton
﻿alt.il.0289,﻿parish school,not recorded,English,﻿for the girls,,,,﻿Effingham County,﻿Teutopolis,﻿Teutopolis,﻿IL,,39.133097,-88.471992,,,,﻿Quincy,,,,,,,,﻿Held by the Poor School Sisters of Notre Dame,,1864,﻿,﻿,﻿Alton,Alton
﻿alt.il.0289,﻿parish school,not recorded,English,﻿for the girls,,,,﻿Effingham County,﻿Teutopolis,﻿Teutopolis,﻿IL,,39.133097,-88.471992,,,,﻿Quincy,,,,,,,,﻿Held by the Poor School Sisters of Notre Dame,,1864,﻿,﻿,﻿Alton,Alton
﻿alt.il.0289,﻿parish school,not recorded,English,﻿for the girls,,,,﻿Effingham County,﻿Teutopolis,﻿Teutopolis,﻿IL,,39.133097,-88.471992,,,,﻿Quincy,,,,,,,,﻿Held by the Poor School Sisters of Notre Dame,,1864,﻿,﻿,﻿Alton,Alton
﻿alt.il.0289,﻿parish school,not recorded,English,﻿for the girls,,,,﻿Effingham County,﻿Teutopolis,﻿Teutopolis,﻿IL,,39.133097,-88.471992,,,,﻿Red Bud,,,,,,,,﻿Held by the Poor School Sisters of Notre Dame,,1864,﻿,﻿,﻿Alton,Alton
﻿alt.il.0289,﻿parish school,not recorded,English,﻿for the girls,,,,﻿Effingham County,﻿Teutopolis,﻿Teutopolis,﻿IL,,39.133097,-88.471992,,,,﻿St. Anthony's,,,,,,,,﻿Held by the Poor School Sisters of Notre Dame,,1864,﻿,﻿,﻿Alton,Alton
﻿alt.il.0289,﻿parish school,not recorded,English,﻿for the girls,,,,﻿Effingham County,﻿Teutopolis,﻿Teutopolis,﻿IL,,39.133097,-88.471992,,,,﻿St. John's,,,,,,,,﻿Held by the Poor School Sisters of Notre Dame,,1864,﻿,﻿,﻿Alton,Alton
﻿alt.il.0289,﻿parish school,not recorded,English,﻿for the girls,,,,﻿Effingham County,﻿Teutopolis,﻿Teutopolis,﻿IL,,39.133097,-88.471992,,,,﻿Joseph's,,,,,,,,﻿Held by the Poor School Sisters of Notre Dame,,1864,﻿,﻿,﻿Alton,Alton
﻿alt.il.0289,﻿parish school,not recorded,English,﻿for the girls,,,,﻿Effingham County,﻿Teutopolis,﻿Teutopolis,﻿IL,,39.133097,-88.471992,,,,﻿St. Joseph's,,,,,,,,﻿Held by the Poor School Sisters of Notre Dame,,1864,﻿,﻿,﻿Alton,Alton
﻿alt.il.0289,﻿parish school,not recorded,English,﻿for the girls,,,,﻿Effingham County,﻿Teutopolis,﻿Teutopolis,﻿IL,,39.133097,-88.471992,,,,﻿St. Marie,,,,,,,,﻿Held by the Poor School Sisters of Notre Dame,,1864,﻿,﻿,﻿Alton,Alton
﻿alt.il.0289,﻿parish school,not recorded,English,﻿for the girls,,,,﻿Effingham County,﻿Teutopolis,﻿Teutopolis,﻿IL,,39.133097,-88.471992,,,,﻿St. Liborius,,,,,,,,﻿Held by the Poor School Sisters of Notre Dame,,1864,﻿,﻿,﻿Alton,Alton
﻿alt.il.0289,﻿parish school,not recorded,English,﻿for the girls,,,,﻿Effingham County,﻿Teutopolis,﻿Teutopolis,﻿IL,,39.133097,-88.471992,,,,﻿Shoal Creek Station,,,,,,,,﻿Held by the Poor School Sisters of Notre Dame,,1864,﻿,﻿,﻿Alton,Alton
﻿alt.il.0289,﻿parish school,not recorded,English,﻿for the girls,,,,﻿Effingham County,﻿Teutopolis,﻿Teutopolis,﻿IL,,39.133097,-88.471992,,,,﻿Sigel,,,,,,,,﻿Held by the Poor School Sisters of Notre Dame,,1864,﻿,﻿,﻿Alton,Alton
﻿alt.il.0289,﻿parish school,not recorded,English,﻿for the girls,,,,﻿Effingham County,﻿Teutopolis,﻿Teutopolis,﻿IL,,39.133097,-88.471992,,,,﻿Springfield,,,,,,,,﻿Held by the Poor School Sisters of Notre Dame,,1864,﻿,﻿,﻿Alton,Alton
﻿alt.il.0289,﻿parish school,not recorded,English,﻿for the girls,,,,﻿Effingham County,﻿Teutopolis,﻿Teutopolis,﻿IL,,39.133097,-88.471992,,,,﻿Springfield,,,,,,,,﻿Held by the Poor School Sisters of Notre Dame,,1864,﻿,﻿,﻿Alton,Alton
﻿alt.il.0289,﻿parish school,not recorded,English,﻿for the girls,,,,﻿Effingham County,﻿Teutopolis,﻿Teutopolis,﻿IL,,39.133097,-88.471992,,,,﻿Teutopolis,,,,,,,,﻿Held by the Poor School Sisters of Notre Dame,,1864,﻿,﻿,﻿Alton,Alton
﻿alt.il.0289,﻿parish school,not recorded,English,﻿for the girls,,,,﻿Effingham County,﻿Teutopolis,﻿Teutopolis,﻿IL,,39.133097,-88.471992,,,,﻿Tiptown,,,,,,,,﻿Held by the Poor School Sisters of Notre Dame,,1864,﻿,﻿,﻿Alton,Alton
﻿alt.il.0289,﻿parish school,not recorded,English,﻿for the girls,,,,﻿Effingham County,﻿Teutopolis,﻿Teutopolis,﻿IL,,39.133097,-88.471992,,,,﻿Vandalia,,,,,,,,﻿Held by the Poor School Sisters of Notre Dame,,1864,﻿,﻿,﻿Alton,Alton
﻿alt.il.0289,﻿parish school,not recorded,English,﻿for the girls,,,,﻿Effingham County,﻿Teutopolis,﻿Teutopolis,﻿IL,,39.133097,-88.471992,,,,﻿Waterloo,,,,,,,,﻿Held by the Poor School Sisters of Notre Dame,,1864,﻿,﻿,﻿Alton,Alton
