instID,church_type,instName,language,instNote,placeName,region,county_orig,county_reg,city_orig,city_reg,state_orig,state_reg,latitude,longitude,attendingInstID,attendingChurch,attendingChurchFrequency,persID,persTitle,persName,persSuffix,persRole,persNote,memberType,member,affiliated,order,year,attendingPersID,attendingChurchNote,diocese,diocese_reg
﻿cin.oh.0001,﻿cathedral,﻿St. Peter's Cathedral,English,,﻿South-west corner of Eighth and Plum streets,,,,﻿Cincinnati,﻿Cincinnati,﻿OH,﻿OH,39.103509,-84.5195056,,,,﻿joh_b_purcell_001,﻿Most Rev.,﻿J. B. Purcell,﻿D.D.,,,,,,,1870,﻿,﻿,﻿Cincinnati,Cincinnati
﻿cin.oh.0001,﻿cathedral,﻿St. Peter's Cathedral,English,,﻿South-west corner of Eighth and Plum streets,,,,﻿Cincinnati,﻿Cincinnati,﻿OH,,39.103509,-84.5195056,,,,﻿e_purcell_002,﻿Very Rev.,﻿E. Purcell,,﻿V.G.,,,,,,1870,﻿,﻿,﻿Cincinnati,Cincinnati
﻿cin.oh.0001,﻿cathedral,﻿St. Peter's Cathedral,English,,﻿South-west corner of Eighth and Plum streets,,,,﻿Cincinnati,﻿Cincinnati,﻿OH,,39.103509,-84.5195056,,,,﻿c_h_borgess_001,﻿Rev.,﻿C. H. Borgess,,,,,,,,1870,﻿,﻿,﻿Cincinnati,Cincinnati
﻿cin.oh.0001,﻿cathedral,﻿St. Peter's Cathedral,English,,﻿South-west corner of Eighth and Plum streets,,,,﻿Cincinnati,﻿Cincinnati,﻿OH,,39.103509,-84.5195056,,,,﻿w_j_halley_001,﻿Rev.,﻿W. J. Halley,,,,,,,,1870,﻿,﻿,﻿Cincinnati,Cincinnati
﻿cin.oh.0001,﻿cathedral,﻿St. Peter's Cathedral,English,,﻿South-west corner of Eighth and Plum streets,,,,﻿Cincinnati,﻿Cincinnati,﻿OH,,39.103509,-84.5195056,,,,﻿g_i_glass_001,﻿Rev.,﻿G. I. Glass,,,,,,,,1870,﻿,﻿,﻿Cincinnati,Cincinnati
﻿cin.oh.0002,﻿church,﻿St. Francis Xavier's,English,,"﻿on Sycamore, between Sixth and Seventh streets",,,,﻿Cincinnati,﻿Cincinnati,﻿OH,﻿OH,39.1043022,-84.5096122,,,,﻿cha_driscoll_001,﻿Rev.,﻿Chas. Driscoll,﻿S.J.,,,,,,,1870,﻿,﻿,﻿Cincinnati,Cincinnati
﻿cin.oh.0002,﻿church,﻿St. Francis Xavier's,English,,"﻿on Sycamore, between Sixth and Seventh streets",,,,﻿Cincinnati,﻿Cincinnati,﻿OH,,39.1043022,-84.5096122,,,,﻿h_baselmans_001,﻿Rev.,﻿H. Baselmans,﻿S.J.,,,,,,,1870,﻿,﻿,﻿Cincinnati,Cincinnati
﻿cin.oh.0002,﻿church,﻿St. Francis Xavier's,English,,"﻿on Sycamore, between Sixth and Seventh streets",,,,﻿Cincinnati,﻿Cincinnati,﻿OH,,39.1043022,-84.5096122,,,,﻿g_f_boex_001,﻿Rev.,﻿G. F. Boex,﻿S.J.,,,,,,,1870,﻿,﻿,﻿Cincinnati,Cincinnati
﻿cin.oh.0002,﻿church,﻿St. Francis Xavier's,English,,"﻿on Sycamore, between Sixth and Seventh streets",,,,﻿Cincinnati,﻿Cincinnati,﻿OH,,39.1043022,-84.5096122,,,,﻿joh_kuhlman_001,﻿Rev.,﻿John Kuhlman,﻿S.J.,,,,,,,1870,﻿,﻿,﻿Cincinnati,Cincinnati
﻿cin.oh.0002,﻿church,﻿St. Francis Xavier's,English,,"﻿on Sycamore, between Sixth and Seventh streets",,,,﻿Cincinnati,﻿Cincinnati,﻿OH,,39.1043022,-84.5096122,,,,﻿fel_verheydt_001,﻿Rev.,﻿Felix Verheydt,﻿S.J.,,,,,,,1870,﻿,﻿,﻿Cincinnati,Cincinnati
﻿cin.oh.0003,﻿church,﻿St. Thomas',English,,,,,,﻿Cincinnati,﻿Cincinnati,﻿OH,﻿OH,39.1566619,-84.4873707,,﻿Attended from St. Xavier's,,,,,,,,,,,,1870,﻿,﻿,﻿Cincinnati,Cincinnati
﻿cin.oh.0004,﻿church,﻿St. Patrick's,English,,"﻿on Third, between Park and Mill streets",,,,﻿Cincinnati,﻿Cincinnati,﻿OH,﻿OH,39.1307234,-84.607739,,,,﻿f_c_mallon_001,﻿Rev.,﻿F. C. Mallon,,,,,,,,1870,﻿,﻿,﻿Cincinnati,Cincinnati
﻿cin.oh.0004,﻿church,﻿St. Patrick's,English,,"﻿on Third, between Park and Mill streets",,,,﻿Cincinnati,﻿Cincinnati,﻿OH,,39.1307234,-84.607739,,,,﻿rob_doyle_001,﻿Rev.,﻿Robert Doyle,,,,,,,,1870,﻿,﻿,﻿Cincinnati,Cincinnati
﻿cin.oh.0005,﻿church,﻿Holy Trinity,English,,"﻿on Fifth, between Smith and Park streets",,,,﻿Cincinnati,﻿Cincinnati,﻿OH,﻿OH,39.09989682,-84.52362173,,,,﻿ber_hengehold_001,﻿Rev.,﻿Bernard Hengehold,﻿D.D.,,,,,,,1870,﻿,﻿,﻿Cincinnati,Cincinnati
﻿cin.oh.0005,﻿church,﻿Holy Trinity,English,,"﻿on Fifth, between Smith and Park streets",,,,﻿Cincinnati,﻿Cincinnati,﻿OH,,39.09989682,-84.52362173,,,,﻿ric_broring_001,﻿Rev.,﻿Richard Broring,,,,,,,,1870,﻿,﻿,﻿Cincinnati,Cincinnati
﻿cin.oh.0005,﻿church,﻿Holy Trinity,English,,"﻿on Fifth, between Smith and Park streets",,,,﻿Cincinnati,﻿Cincinnati,﻿OH,,39.09989682,-84.52362173,,,,﻿j_h_ridder_001,﻿Rev.,﻿J. H. Ridder,,,,,,,,1870,﻿,﻿,﻿Cincinnati,Cincinnati
﻿cin.oh.0006,﻿church,﻿St. Mary's,English,,"﻿on Thirteenth, between Main and Walnut streets",,,,﻿Cincinnati,﻿Cincinnati,﻿OH,﻿OH,39.10957875,-84.51234921,,,,﻿ber_elkmann_001,﻿Rev.,﻿Bernard Elkmann,,,,,,,,1870,﻿,﻿,﻿Cincinnati,Cincinnati
﻿cin.oh.0006,﻿church,﻿St. Mary's,English,,"﻿on Thirteenth, between Main and Walnut streets",,,,﻿Cincinnati,﻿Cincinnati,﻿OH,,39.10957875,-84.51234921,,,,﻿hen_jacobs_001,﻿Rev.,﻿Henry Jacobs,,,,,,,,1870,﻿,﻿,﻿Cincinnati,Cincinnati
﻿cin.oh.0007,﻿church,﻿St. John's,English,,"﻿on Green, between Vine and Race streets",,,,﻿Cincinnati,﻿Cincinnati,﻿OH,﻿OH,39.11420694,-84.51712733,,,,﻿ott_jair_001,﻿Rev.,﻿Otto Jair,﻿O.S.F.,﻿Custos,,,,,,1870,﻿,﻿,﻿Cincinnati,Cincinnati
﻿cin.oh.0007,﻿church,﻿St. John's,English,,"﻿on Green, between Vine and Race streets",,,,﻿Cincinnati,﻿Cincinnati,﻿OH,,39.11420694,-84.51712733,,,,﻿fra_d_kolb_001,﻿Rev.,﻿Francis de Paula Kolb,﻿O.S.F.,,,,,,,1870,﻿,﻿,﻿Cincinnati,Cincinnati
﻿cin.oh.0007,﻿church,﻿St. John's,English,,"﻿on Green, between Vine and Race streets",,,,﻿Cincinnati,﻿Cincinnati,﻿OH,,39.11420694,-84.51712733,,,,﻿ven_arnold_001,﻿Rev.,﻿Venant Arnold,,,,,,,,1870,﻿,﻿,﻿Cincinnati,Cincinnati
﻿cin.oh.0007,﻿church,﻿St. John's,English,,"﻿on Green, between Vine and Race streets",,,,﻿Cincinnati,﻿Cincinnati,﻿OH,,39.11420694,-84.51712733,,,,﻿ste_sailer_001,﻿Rev.,﻿Stephen Sailer,﻿O.S.F.,,,,,,,1870,﻿,﻿,﻿Cincinnati,Cincinnati
﻿cin.oh.0008,﻿church,﻿St. Paul's,English,,﻿on south-east corner of Pendleton and Abigail streets,,,,﻿Cincinnati,﻿Cincinnati,﻿OH,﻿OH,39.10987111,-84.5067243,,,,﻿jos_ferneding_001,﻿Very Rev.,﻿Joseph Ferneding,﻿V.G.,,,,,,,1870,﻿,﻿,﻿Cincinnati,Cincinnati
﻿cin.oh.0008,﻿church,﻿St. Paul's,English,,﻿on south-east corner of Pendleton and Abigail streets,,,,﻿Cincinnati,﻿Cincinnati,﻿OH,,39.10987111,-84.5067243,,,,﻿her_ferneding_001,﻿Rev.,﻿Herm. Ferneding,,,,,,,,1870,﻿,﻿,﻿Cincinnati,Cincinnati
﻿cin.oh.0008,﻿church,﻿St. Paul's,English,,﻿on south-east corner of Pendleton and Abigail streets,,,,﻿Cincinnati,﻿Cincinnati,﻿OH,,39.10987111,-84.5067243,,,,﻿a_schwenniger_001,﻿Rev.,﻿A. Schwenniger,,,,,,,,1870,﻿,﻿,﻿Cincinnati,Cincinnati
﻿cin.oh.0008,﻿church,﻿St. Paul's,English,,﻿on south-east corner of Pendleton and Abigail streets,,,,﻿Cincinnati,﻿Cincinnati,﻿OH,,39.10987111,-84.5067243,,,,﻿aug_meyer_001,﻿Rev.,﻿August Meyer,,,,,,,,1870,﻿,﻿,﻿Cincinnati,Cincinnati
﻿cin.oh.0009,﻿church,﻿St. Joseph's,English,,﻿south-east corner of Linn and Laurel streets,,,,﻿Cincinnati,﻿Cincinnati,﻿OH,﻿OH,39.10908045,-84.52749562,,,,﻿eng_stehle_001,﻿Rev.,﻿Engb. Stehle,,,,,,,,1870,﻿,﻿,﻿Cincinnati,Cincinnati
﻿cin.oh.0009,﻿church,﻿St. Joseph's,English,,﻿south-east corner of Linn and Laurel streets,,,,﻿Cincinnati,﻿Cincinnati,﻿OH,,39.10908045,-84.52749562,,,,﻿g_h_schumacher_001,﻿Rev.,﻿G. H. Schumacher,,,,,,,,1870,﻿,﻿,﻿Cincinnati,Cincinnati
﻿cin.oh.0010,﻿church,﻿St. Philomena's,English,,﻿on Congress street,,,,﻿Cincinnati,﻿Cincinnati,﻿OH,﻿OH,39.09650988,-84.50930776,,,,﻿aug_m_tobbe_001,﻿Rev.,﻿Aug. M. Tobbe,,,,,,,,1870,﻿,﻿,﻿Cincinnati,Cincinnati
﻿cin.oh.0010,﻿church,﻿St. Philomena's,English,,﻿on Congress street,,,,﻿Cincinnati,﻿Cincinnati,﻿OH,,39.09650988,-84.50930776,,,,﻿g_h_kuhr_001,﻿Rev.,﻿G. H. Kuhr,﻿D.D.,,,,,,,1870,﻿,﻿,﻿Cincinnati,Cincinnati
﻿cin.oh.0011,﻿church,﻿St. Augustine's,English,,"﻿on Bank, between Baymiller and Freeman streets",,,,﻿Cincinnati,﻿Cincinnati,﻿OH,﻿OH,39.1193011,-84.52999341,,,,﻿i_luhr_001,﻿Rev.,﻿I. Luhr,,,,,,,,1870,﻿,﻿,﻿Cincinnati,Cincinnati
﻿cin.oh.0011,﻿church,﻿St. Augustine's,English,,"﻿on Bank, between Baymiller and Freeman streets",,,,﻿Cincinnati,﻿Cincinnati,﻿OH,,39.1193011,-84.52999341,,,,﻿h_kemper_001,﻿Rev.,﻿H. Kemper,,,,,,,,1870,﻿,﻿,﻿Cincinnati,Cincinnati
﻿cin.oh.0011,﻿church,﻿St. Augustine's,English,,"﻿on Bank, between Baymiller and Freeman streets",,,,﻿Cincinnati,﻿Cincinnati,﻿OH,,39.1193011,-84.52999341,,,,﻿b_m_menge_001,﻿Rev.,﻿B. M. I. Menge,,,,,,,,1870,﻿,﻿,﻿Cincinnati,Cincinnati
﻿cin.oh.0012,﻿church,﻿St. Francis',English,,﻿north-west corner of Vine and Liberty streets,,,,﻿Cincinnati,﻿Cincinnati,﻿OH,﻿OH,39.11356765,-84.51658099,,,,﻿uba_webersinke_001,﻿Rev.,﻿Ubaldus Webersinke,﻿O.S.F.,,,,,,,1870,﻿,﻿,﻿Cincinnati,Cincinnati
﻿cin.oh.0012,﻿church,﻿St. Francis',English,,﻿north-west corner of Vine and Liberty streets,,,,﻿Cincinnati,﻿Cincinnati,﻿OH,,39.11356765,-84.51658099,,,,﻿apo_hattler_001,﻿Rev.,﻿Apollinarius Hattler,﻿O.S.F.,,,,,,,1870,﻿,﻿,﻿Cincinnati,Cincinnati
﻿cin.oh.0012,﻿church,﻿St. Francis',English,,﻿north-west corner of Vine and Liberty streets,,,,﻿Cincinnati,﻿Cincinnati,﻿OH,,39.11356765,-84.51658099,,,,﻿sam_neuner_001,﻿Rev.,﻿Samuel Neuner,﻿O.S.F.,,,,,,,1870,﻿,﻿,﻿Cincinnati,Cincinnati
﻿cin.oh.0012,﻿church,﻿St. Francis',English,,﻿north-west corner of Vine and Liberty streets,,,,﻿Cincinnati,﻿Cincinnati,﻿OH,,39.11356765,-84.51658099,,,,﻿jac_menken_001,﻿Rev.,﻿Jacob Menken,﻿O.S.F.,,,,,,,1870,﻿,﻿,﻿Cincinnati,Cincinnati
﻿cin.oh.0013,﻿church,﻿St. Anthony's,English,,"﻿on Budd street, near Harriet",,,,﻿Cincinnati,﻿Cincinnati,﻿OH,﻿OH,39.1029756,-84.5395146,,,,﻿ger_uhling_001,﻿Rev.,﻿Gerhard Uhling,,,,,,,,1870,﻿,﻿,﻿Cincinnati,Cincinnati
﻿cin.oh.0013,﻿church,﻿St. Anthony's,English,,"﻿on Budd street, near Harriet",,,,﻿Cincinnati,﻿Cincinnati,﻿OH,,39.1029756,-84.5395146,,,,﻿ant_ulrich_001,﻿Rev.,﻿Anthony Ulrich,,,,,,,,1870,﻿,﻿,﻿Cincinnati,Cincinnati
﻿cin.oh.0014,﻿church,﻿St. Edward's,English,,"﻿on Clark, between John and Cutter streets",,,,﻿Cincinnati,﻿Cincinnati,﻿OH,﻿OH,39.1067475,-84.5256825,,,,﻿fre_bender_001,﻿Rev.,﻿Fred. Bender,,,,,,,,1870,﻿,﻿,﻿Cincinnati,Cincinnati
﻿cin.oh.0014,﻿church,﻿St. Edward's,English,,"﻿on Clark, between John and Cutter streets",,,,﻿Cincinnati,﻿Cincinnati,﻿OH,,39.1067475,-84.5256825,,,,﻿wil_hawe_001,﻿Rev.,﻿William Hawe,,,,,,,,1870,﻿,﻿,﻿Cincinnati,Cincinnati
﻿cin.oh.0014,﻿church,﻿St. Edward's,English,,"﻿on Clark, between John and Cutter streets",,,,﻿Cincinnati,﻿Cincinnati,﻿OH,,39.1067475,-84.5256825,,,,﻿j_h_bonner_001,﻿Rev.,﻿J. H. M. Bonner,,,,,,,,1870,﻿,﻿,﻿Cincinnati,Cincinnati
﻿cin.oh.0015,﻿church,﻿All Saints',English,,﻿Fulton,,,,﻿Cincinnati,﻿Cincinnati,﻿OH,﻿OH,39.1031182,-84.5120196,,,,﻿jam_f_callahan_001,﻿Rev.,﻿James F.P. Callahan,,,,,,,,1870,﻿,﻿,﻿Cincinnati,Cincinnati
﻿cin.oh.0016,﻿church,﻿Holy Angels',English,,﻿Fulton,,,,﻿Cincinnati,﻿Cincinnati,﻿OH,﻿OH,39.1186935,-84.491934,,,,﻿mic_oneil_001,﻿Rev.,﻿Michael O'Neil,,,,,,,,1870,﻿,﻿,﻿Cincinnati,Cincinnati
﻿cin.oh.0017,﻿church,﻿St. Rosa's,English,,﻿Fulton,,,,﻿Cincinnati,﻿Cincinnati,﻿OH,﻿OH,39.1237627,-84.461709,,,,﻿hen_ratte_001,﻿Rev.,﻿Henry Ratte,,,,,,,,1870,﻿,﻿,﻿Cincinnati,Cincinnati
﻿cin.oh.0018,﻿church,﻿St. Ann's,English,﻿church for colored persons,"﻿on Longworth, between Race and Elm streets",,,,﻿Cincinnati,﻿Cincinnati,﻿OH,﻿OH,39.10409428,-84.50640422,,,,﻿adr_hoecken_001,﻿Rev.,﻿A. Hoeckens,﻿S.J.,,,,,,,1870,﻿,﻿,﻿Cincinnati,Cincinnati
﻿cin.oh.0019,﻿church,﻿Immaculata,English,,﻿Mt. Adams,,,,﻿Cincinnati,﻿Cincinnati,﻿OH,﻿OH,39.10713109,-84.49645286,,,,﻿b_gelss_001,﻿Rev.,﻿B. Gelss,,,,,,,,1870,﻿,﻿,﻿Cincinnati,Cincinnati
﻿cin.oh.0020,﻿church,﻿St. Michael's,English,,﻿Storrs Township,,,,﻿Cincinnati,﻿Cincinnati,﻿OH,﻿OH,39.10266649,-84.55169889,,,,﻿mat_deselaers_001,﻿Rev.,﻿Math. Deselaers,,,,,,,,1870,﻿,﻿,﻿Cincinnati,Cincinnati
﻿cin.oh.0021,﻿church,﻿St. Bonaventura's,English,,"﻿Fairmount, church building",,,,﻿Cincinnati,﻿Cincinnati,﻿OH,﻿OH,39.12624719,-84.55796213,,,,﻿jac_menken_001,﻿Rev.,﻿Jacob Menken,﻿O.S.F.,,,,,,,1870,﻿,﻿,﻿Cincinnati,Cincinnati
﻿cin.oh.0022,﻿church,﻿St. George's,English,,﻿Vine Street Hill,,,,﻿Cincinnati,﻿Cincinnati,﻿OH,﻿OH,39.12810485,-84.51230699,,﻿Attended from St. John's,,,,,,,,,,,,1870,﻿,﻿,﻿Cincinnati,Cincinnati
﻿cin.oh.0023,﻿church,﻿St. Francis of Sales,English,,﻿E. Walnut Hill P.O.,,,,﻿Cincinnati,﻿Cincinnati,﻿OH,﻿OH,39.12991668,-84.47654069,,,,﻿joh_j_menge_001,﻿Rev.,﻿John J. Menge,,,,,,,,1870,﻿,﻿,﻿Cincinnati,Cincinnati
﻿cin.oh.0206_03,﻿church,﻿S. Heart (Good Shepherd),English,,﻿Bank street,,,,﻿Cincinnati,﻿Cincinnati,﻿OH,﻿OH,39.10302998,-84.51196905,,,,﻿hen_koering_001,﻿Rev.,﻿H. Koering,,,,,,,,1870,﻿,﻿,﻿Cincinnati,Cincinnati
﻿cin.oh.0025,﻿church,﻿St. Lawrence's,English,,﻿The Vicinity of the City of Cincinnati (church building),,,,﻿Warsaw,﻿Cincinnati,﻿OH,﻿OH,39.11165877,-84.57311168,,﻿Attended from the Seminary,,,,,,,,,,,,1870,﻿,﻿,﻿Cincinnati,Cincinnati
﻿cin.oh.0026,﻿church,﻿St. Clement's,English,,﻿The Vicinity of the City of Cincinnati,,,,﻿St. Bernard,﻿St. Bernard,﻿OH,﻿OH,39.16598759,-84.50026739,,,,﻿lou_haverbeck_001,﻿Rev.,﻿Louis Haverbeck,﻿O.S.F.,,,,,,,1870,﻿,﻿,﻿Cincinnati,Cincinnati
﻿cin.oh.0026,﻿church,﻿St. Clement's,English,,﻿The Vicinity of the City of Cincinnati,,,,﻿St. Bernard,﻿St. Bernard,﻿OH,,39.16598759,-84.50026739,,,,﻿juv_eiberger_001,﻿Rev.,﻿Juvenal Eiberger,﻿O.S.F.,,,,,,,1870,﻿,﻿,﻿Cincinnati,Cincinnati
﻿cin.oh.0027,﻿church,﻿St. Aloysius',English,,﻿The Vicinity of the City of Cincinnati,,,,﻿Cumminsville,﻿Cincinnati,﻿OH,﻿OH,39.16129095,-84.54349556,,,,﻿dav_b_walker_001,﻿Rev.,﻿David B. Walker,,,,,,,,1870,﻿,﻿,﻿Cincinnati,Cincinnati
﻿cin.oh.0028,﻿church,﻿St. Boniface's,English,,﻿The Vicinity of the City of Cincinnati,,,,﻿Cumminsville,﻿Cincinnati,﻿OH,﻿OH,39.16093257,-84.54465306,,,,﻿bon_g_topmoller_001,﻿Rev.,﻿Bonifacius Godf. Topmoller,,,,,,,,1870,﻿,﻿,﻿Cincinnati,Cincinnati
﻿cin.oh.0029,﻿church,﻿St. James',English,,﻿The Vicinity of the City of Cincinnati,,,,﻿Mt. Airy,﻿Mt. Airy,﻿OH,﻿OH,39.20513096,-84.60167885,,,,﻿jc_kramer_001,﻿Rev.,﻿J.C. Kramer,,,,,,,,1870,﻿,﻿,﻿Cincinnati,Cincinnati
﻿cin.oh.0030,﻿church,﻿St. John's,English,,"﻿The Vicinity of the City of Cincinnati, Bevis P.O.",,,,﻿Dry Ridge,﻿Dry Ridge,﻿OH,﻿OH,39.2614826,-84.61885672,,,,﻿geb_egger_001,﻿Rev.,﻿Gebhard Egger,,,,,,,,1870,﻿,﻿,﻿Cincinnati,Cincinnati
﻿cin.oh.0031,﻿church,﻿Our Lady of Victories,English,,﻿The Vicinity of the City of Cincinnati,,,,﻿Delhi,﻿Delhi,﻿OH,﻿OH,39.10984303,-84.63362243,,,,﻿her_thien_001,﻿Rev.,﻿Heribert Thien,,,,,,,,1870,﻿,﻿,﻿Cincinnati,Cincinnati
﻿cin.oh.0032,﻿church,﻿St. Vincent of Paul's,English,,﻿The Vicinity of the City of Cincinnati,,,,﻿Sedamsville,﻿Sedamsville,﻿OH,﻿OH,39.093393,-84.5729996,,,,﻿jas_odonnell_001,﻿Rev.,﻿Jas. O'Donnell,,,,,,,,1870,﻿,﻿,﻿Cincinnati,Cincinnati
﻿cin.oh.0033,﻿church,﻿SS. Peter and Paul's,English,,﻿The Vicinity of the City of Cincinnati,,,,﻿Reading,﻿Reading,﻿OH,﻿OH,39.22597934,-84.44606062,,,,﻿joh_c_albrink_001,﻿Rev.,﻿John C. Albrink,,,,,,,,1870,﻿,﻿,﻿Cincinnati,Cincinnati
﻿cin.oh.0033,﻿church,﻿SS. Peter and Paul's,English,,﻿The Vicinity of the City of Cincinnati,,,,﻿Reading,﻿Reading,﻿OH,,39.22597934,-84.44606062,,,,﻿hen_stukenborg_001,﻿Rev.,﻿Henry Stukenborg,,,,,,,,1870,﻿,﻿,﻿Cincinnati,Cincinnati
﻿cin.oh.0034,﻿church,﻿St. Gabriel's,English,,﻿The Vicinity of the City of Cincinnati,,,,﻿Glendale,﻿Glendale,﻿OH,﻿OH,39.27332771,-84.46995092,,,,﻿wil_m_carey_001,﻿Rev.,﻿William M. Carey,,,,,,,,1870,﻿,﻿,﻿Cincinnati,Cincinnati
﻿cin.oh.0035,﻿church,﻿St. Mary's,English,,﻿The Vicinity of the City of Cincinnati,,,,﻿Mt. Healthy,﻿Mt. Healthy,﻿OH,﻿OH,39.23277066,-84.54196487,,,,﻿her_johanning_001,﻿Rev.,﻿Herman Johanning,,,,,,,,1870,﻿,﻿,﻿Cincinnati,Cincinnati
﻿cin.oh.0036,﻿church,﻿St. Bernard's,English,,﻿The Vicinity of the City of Cincinnati,,,,﻿Taylor's Creek,﻿Taylor's Creek,﻿OH,﻿OH,39.21375064,-84.67536229,,,,,,,,,,,,,,1870,﻿,﻿,﻿Cincinnati,Cincinnati
﻿cin.oh.0037,﻿church,﻿St. Aloysius',English,,﻿The Vicinity of the City of Cincinnati,,,,﻿Bridgetown,﻿Bridgetown North,﻿OH,﻿OH,39.15950365,-84.62343706,,,,,,,,,,,,,,1870,﻿,﻿,﻿Cincinnati,Cincinnati
﻿cin.oh.0189_03.01,﻿chapel,﻿St. John Baptist's Chapel,English,,"﻿Mt. St. Mary' Seminary, The Vicinity of the City of Cincinnati",,,,,,﻿OH,﻿OH,39.08274406,-84.37216652,,,,,,,,,,,,,,1870,﻿,﻿,﻿Cincinnati,Cincinnati
﻿cin.oh.0194_03,﻿chapel,﻿Chapel of the Sisters of Charity,English,,"﻿Mother House, The Vicinity of the City of Cincinnati",,,,﻿Cedar Grove,﻿Cincinnati,﻿OH,﻿OH,39.11304351,-84.57860382,﻿cin.oh.0189_03,﻿Attended from Mt. St. Mary's Seminary,,,,,,,,,,,,1870,﻿,﻿,﻿Cincinnati,Cincinnati
﻿cin.oh.0040,﻿chapel,﻿Chapel of the Sisters of Notre Dame,English,,"﻿The Vicinity of the City of Cincinnati, Sixth street",,,,,﻿Cincinnati,﻿OH,﻿OH,39.10333471,-84.50933516,,﻿Attended by a Jesuit father,,,,,,,,,,,,1870,﻿,﻿,﻿Cincinnati,Cincinnati
﻿cin.oh.0041,﻿chapel,﻿Chapel of the Sisters of Mercy,English,,"﻿The Vicinity of the City of Cincinnati, Fourth street",,,,,﻿Cincinnati,﻿OH,﻿OH,39.10761855,-84.5221764,,﻿Attended from the Cathedral,,,,,,,,,,,,1870,﻿,﻿,﻿Cincinnati,Cincinnati
﻿cin.oh.0193_02,﻿chapel,﻿Chapel of St. Mary's Academy,English,,"﻿The Vicinity of the City of Cincinnati, S.W. corner of Court and Mound streets",,,,,﻿Cincinnati,﻿OH,﻿OH,39.10531758,-84.52377603,,﻿Attended from the Cathedral,,,,,,,,,,,,1870,﻿,﻿,﻿Cincinnati,Cincinnati
﻿cin.oh.0210_02,﻿chapel,﻿Chapel of St. Mary's Hospital,English,,"﻿The Vicinity of the City of Cincinnati, Betts street",,,,,﻿Cincinnati,﻿OH,﻿OH,39.11071571,-84.52738301,,﻿Attended by Rev. Jos. Sadler,,﻿jos_sadler_001,﻿Rev.,﻿Jos. Sadler,,,,,,,,1870,﻿,﻿,﻿Cincinnati,Cincinnati
﻿cin.oh.0211_02,﻿chapel,﻿Chapel of the Good Samaritan Hospital,English,,"﻿The Vicinity of the City of Cincinnati, on Baum street",,,,,﻿Cincinnati,﻿OH,﻿OH,39.10575489,-84.4969423,,﻿Attended from St. Xavier's,,,,,,,,,,,,1870,﻿,﻿,﻿Cincinnati,Cincinnati
﻿cin.oh.0292_02,﻿chapel,﻿Chapel of the Protectory for Boys,English,,"﻿The Vicinity of the City of Cincinnati, Third street",,,,,﻿Cincinnati,﻿OH,﻿OH,39.09813997,-84.51709986,,,,,,,,,,,,,,1870,﻿,﻿,﻿Cincinnati,Cincinnati
﻿cin.oh.0046,﻿chapel,﻿Chapel of the Sisters of St. Clare,English,,"﻿The Vicinity of the City of Cincinnati, on Third street",,,,,,﻿OH,﻿OH,39.0996641,-84.5058029,,﻿Attended from St. Xavier's and St. Philomena's,,,,,,,,,,,,1870,﻿,﻿,﻿Cincinnati,Cincinnati
﻿cin.oh.0047,﻿chapel,﻿Chapel of the Female Prison,English,,﻿The Vicinity of the City of Cincinnati,,,,﻿Fulton,﻿Fulton,﻿OH,﻿OH,39.1217265,-84.4754977,,﻿Attended from All Saints' and St. Philomena's,,,,,,,,,,,,1870,﻿,﻿,﻿Cincinnati,Cincinnati
﻿cin.oh.0212_02,﻿chapel,﻿Chapel of St. Peter's Orphan Asylum,English,,﻿The Vicinity of the City of Cincinnati,,,,,,﻿OH,﻿OH,39.16193781,-84.54271865,,﻿Attended by Rev. D. B. Walker,,﻿d_b_walker_001,﻿Rev.,﻿D. B. Walker,,,,,,,,1870,﻿,﻿,﻿Cincinnati,Cincinnati
﻿cin.oh.0213_02,﻿chapel,﻿Chapel of St. Aloysius' Orphan Asylum,English,,﻿The Vicinity of the City of Cincinnati,,,,,﻿Bond Hill,﻿OH,﻿OH,39.171622,-84.46921663,,﻿Attended by Very Rev. J. Ferneding,,﻿j_ferneding_001,﻿Very Rev.,﻿J. Ferneding,,,,,,,,1870,﻿,﻿,﻿Cincinnati,Cincinnati
﻿cin.oh.0206_02,﻿chapel,﻿Chapel of the Sacred Heart,English,,"﻿Convent of the Sisters of the Good Shepherd, The Vicinity of the City of Cincinnati",,,,,﻿Cincinnati,﻿OH,﻿OH,39.10302998,-84.51196905,,,,﻿hen_koering_001,﻿Rev.,﻿Henry Koering,,,,,,,,1870,﻿,﻿,﻿Cincinnati,Cincinnati
﻿cin.oh.0209_02,﻿chapel,﻿Chapel of the Guardian Angel,English,,"﻿The Vicinity of the City of Cincinnati, on Congress street",,,,,﻿Cincinnati,﻿OH,﻿OH,39.09650988,-84.50930776,,﻿Attended from St. Xavier's,,,,,,,,,,,,1870,﻿,﻿,﻿Cincinnati,Cincinnati
﻿cin.oh.0052,﻿chapel,﻿Chapel of the Little Sisters of the Poor,English,,﻿The Vicinity of the City of Cincinnati,,,,,﻿Cincinnati,﻿OH,﻿OH,39.10440673,-84.50221173,,﻿Attended from St. Xavier's,,,,,,,,,,,,1870,﻿,﻿,﻿Cincinnati,Cincinnati
﻿cin.oh.0053,﻿church,not recorded,English,,,,﻿Hardin County,﻿Hardin County,﻿Ada,﻿Ada,﻿OH,﻿OH,40.7694969,-83.8227148,,﻿Attended from Kenton,,,,,,,,,,,,1870,﻿,﻿,﻿Cincinnati,Cincinnati
﻿cin.oh.0054,﻿church,﻿St. Mary's,English,,,,﻿Brown County,﻿Brown County,﻿Arnheim,﻿Arnheim,﻿OH,﻿OH,38.9334017,-83.8274263,,﻿Attended from Ripley,,,,,,,,,,,,1870,﻿,﻿,﻿Cincinnati,Cincinnati
﻿cin.oh.0055,﻿church,﻿St. Patrick's,English,,,,﻿Logan County,﻿Logan County,﻿Bellefontaine,﻿Bellefontaine,﻿OH,﻿OH,40.3611643,-83.7596557,,,,﻿joh_coveney_001,﻿Rev.,﻿John Coveney,,,,,,,,1870,﻿,﻿,﻿Cincinnati,Cincinnati
﻿cin.oh.0056,﻿church,﻿St. Michael's,English,,﻿Loramie's P.O.,,﻿Shelby County,﻿Shelby County,﻿Berlin,﻿Berlin,﻿OH,﻿OH,40.3514368,-84.3738386,,,,﻿mar_meyer_001,﻿Rev.,﻿Marianton Meyer,,,,,,,,1870,﻿,﻿,﻿Cincinnati,Cincinnati
﻿cin.oh.0057,﻿church,not recorded,English,,,,﻿Clinton County,﻿Clinton County,﻿Blanchester,﻿Blanchester,﻿OH,﻿OH,39.2931174,-83.9888205,,﻿Attended from Hillsboro,,,,,,,,,,,,1870,﻿,﻿,﻿Cincinnati,Cincinnati
﻿cin.oh.0058,﻿church,not recorded,English,,,,﻿Union County,﻿Union County,﻿Boge's Creek,﻿Warrensburg,﻿OH,﻿OH,40.32412,-83.18685,,﻿Attended from Urbana,,,,,,,,,,,,1870,﻿,﻿,﻿Cincinnati,Cincinnati
﻿cin.oh.0059,﻿church,﻿Church of the Immaculate Conception,English,,,,﻿Scioto County,﻿Scioto County,﻿Buena Vista,﻿Buena Vista,﻿OH,﻿OH,38.6300763,-83.2612934,,﻿Attended from Ripley,,,,,,,,,,,,1870,﻿,﻿,﻿Cincinnati,Cincinnati
﻿cin.oh.0060,﻿church,not recorded,English,,,,﻿Marion County,﻿Marion County,﻿Caledonia,﻿Caledonia,﻿OH,﻿OH,40.636448,-82.9690744,,﻿Attended from Marion,,,,,,,,,,,,1870,﻿,﻿,﻿Cincinnati,Cincinnati
﻿cin.oh.0061,﻿church,﻿St. Jerome's,English,,﻿California,,﻿Hamilton County,﻿Hamilton County,﻿California,﻿Cincinnati,﻿OH,﻿OH,39.2355447,-84.564147,,﻿Attended from Columbia,,,,,,,,,,,,1870,﻿,﻿,﻿Cincinnati,Cincinnati
﻿cin.oh.0062,﻿church,not recorded,English,,,,﻿Madison County,﻿Madison County,﻿California,﻿Big Plain (in Fairfield),﻿OH,﻿OH,39.81522343,-83.29358996,,﻿Attended from Springfield,,,,,,,,,,,,1870,﻿,﻿,﻿Cincinnati,Cincinnati
﻿cin.oh.0063,﻿church,﻿St. Mary's,English,,,,﻿Mercer County,﻿Mercer County,﻿Capella,﻿Coldwater,﻿OH,﻿OH,40.452964,-84.656798,,,,﻿hen_drees_001,﻿Rev.,﻿Henry Drees,﻿C.PP.S.,,,,,,,1870,﻿,﻿,﻿Cincinnati,Cincinnati
﻿cin.oh.0064,﻿church,not recorded,English,,,,﻿Champaign County,﻿Champaign County,﻿Cabletown,﻿Cable,﻿OH,﻿OH,40.16985272,-83.62839957,,﻿Attended from Urbana,,,,,,,,,,,,1870,﻿,﻿,﻿Cincinnati,Cincinnati
﻿cin.oh.0065,﻿church,﻿St. Aloysius',English,,﻿Seminary of the Precious Blood,,﻿Mercer County,﻿Mercer County,﻿Carthagena,﻿Carthagena,﻿OH,﻿OH,40.4378453,-84.5621823,,,,﻿hen_drees_001,﻿Rev.,﻿Henry Drees,﻿C.PP.S.,,,,,,,1870,﻿,﻿,﻿Cincinnati,Cincinnati
﻿cin.oh.0066,﻿church,not recorded,English,,,,﻿Greene County,﻿Greene County,﻿Cedarville,﻿Cedarville,﻿OH,﻿OH,39.7442268,-83.8085372,,﻿Attended from Xenia,,,,,,,,,,,,1870,﻿,﻿,﻿Cincinnati,Cincinnati
﻿cin.oh.0067,﻿church,﻿Immaculate Conception,English,,,,﻿Mercer County,﻿Mercer County,﻿Celina,﻿Celina,﻿OH,﻿OH,40.5489358,-84.5702338,,,,﻿m_kent_001,﻿Rev.,﻿M. Kent,﻿C.PP.S.,,,,,,,1870,﻿,﻿,﻿Cincinnati,Cincinnati
﻿cin.oh.0068,﻿church,not recorded,English,,,,﻿Preble County,﻿Preble County,﻿Camden,﻿Camden,﻿OH,﻿OH,39.6289418,-84.6485632,,﻿Attended from Oxford,,,,,,,,,,,,1870,﻿,﻿,﻿Cincinnati,Cincinnati
﻿cin.oh.0069,﻿church,not recorded,English,,,,﻿Clark County,﻿Clark County,﻿Charleston,﻿South Charleston,﻿OH,﻿OH,39.8253378,-83.6343672,,﻿Attended from Springfield,,,,,,,,,,,,1870,﻿,﻿,﻿Cincinnati,Cincinnati
﻿cin.oh.0070,﻿church,﻿St. Peter's,English,,,,﻿Ross County,﻿Ross County,﻿Chillicothe,﻿Chillicothe,﻿OH,﻿OH,39.33483329,-82.99093549,,,,﻿edw_f_lieb_001,﻿Rev.,﻿Edward Fr. Lieb,﻿O.S.F.,,,,,,,1870,﻿,﻿,﻿Cincinnati,Cincinnati
﻿cin.oh.0070,﻿church,﻿St. Peter's,English,,,,﻿Ross County,﻿Ross County,﻿Chillicothe,﻿Chillicothe,﻿OH,,39.33483329,-82.99093549,,,,﻿arn_feldhaus_001,﻿Rev.,﻿Arnold Feldhaus,,,,,,,,1870,﻿,﻿,﻿Cincinnati,Cincinnati
﻿cin.oh.0071,﻿church,﻿St. Mary's,English,,,,﻿Ross County,﻿Ross County,﻿Chillicothe,﻿Chillicothe,﻿OH,﻿OH,39.3331197,-82.9824019,,,,﻿jb_murray_001,﻿Rev.,﻿J.B. Murray,,,,,,,,1870,﻿,﻿,﻿Cincinnati,Cincinnati
﻿cin.oh.0072,﻿church,not recorded,English,,,,﻿Butler County,﻿Butler County,﻿Chester,﻿Chester,﻿OH,﻿OH,39.440463,-84.5222189,,﻿Attended from Glendale,,,,,,,,,,,,1870,﻿,﻿,﻿Cincinnati,Cincinnati
﻿cin.oh.0073,﻿church,﻿Holy Trinity,English,,,,﻿Mercer County,﻿Mercer County,﻿Coldwater,﻿Coldwater,﻿OH,﻿OH,40.4797688,-84.628291,,,,﻿jac_ringele_001,﻿Rev.,﻿Jacob Ringele,﻿C.PP.S.,,,,,,,1870,﻿,﻿,﻿Cincinnati,Cincinnati
﻿cin.oh.0074,﻿church,﻿St. Bernard's,English,,,,﻿Hamilton County,﻿Hamilton County,﻿Columbia,﻿Cincinnati,﻿OH,﻿OH,39.17004939,-84.39534154,,,,﻿law_clowitter_001,﻿Rev.,﻿Lawrence Clowitter,,,,,,,,1870,﻿,﻿,﻿Cincinnati,Cincinnati
﻿cin.oh.0075,﻿church,﻿St. Emanuel's,English,,,,﻿Montgomery County,﻿Montgomery County,﻿Dayton,﻿Dayton,﻿OH,﻿OH,39.7589478,-84.1916069,,,,﻿joh_f_hahne_001,﻿Rev.,﻿John F. A. Hahne,,,﻿also attends Soldiers' Home,,,,,1870,﻿,﻿,﻿Cincinnati,Cincinnati
﻿cin.oh.0075,﻿church,﻿St. Emanuel's,English,,,,﻿Montgomery County,﻿Montgomery County,﻿Dayton,﻿Dayton,﻿OH,,39.7589478,-84.1916069,,,,﻿cha_hahne_001,﻿Rev.,﻿Charles Hahne,,,﻿also attends Soldiers' Home,,,,,1870,﻿,﻿,﻿Cincinnati,Cincinnati
﻿cin.oh.0076,﻿church,﻿St. Joseph's,English,,,,﻿Montgomery County,﻿Montgomery County,﻿Dayton,﻿Dayton,﻿OH,﻿OH,39.7589478,-84.1916069,,,,﻿ric_gilmour_001,﻿Rev.,﻿Richard Gilmour,,,﻿also attends Soldiers' Home,,,,,1870,﻿,﻿,﻿Cincinnati,Cincinnati
﻿cin.oh.0076,﻿church,﻿St. Joseph's,English,,,,﻿Montgomery County,﻿Montgomery County,﻿Dayton,﻿Dayton,﻿OH,,39.7589478,-84.1916069,,,,﻿fra_cubero_001,﻿Rev.,﻿Francis Cubero,,,﻿also attends Soldiers' Home,,,,,1870,﻿,﻿,﻿Cincinnati,Cincinnati
﻿cin.oh.0077,﻿church,﻿Holy Trinity,English,,,,﻿Montgomery County,﻿Montgomery County,﻿Dayton,﻿Dayton,﻿OH,﻿OH,39.7589478,-84.1916069,,,,﻿fra_j_goetz_001,﻿Rev.,﻿Francis J. Goetz,,,,,,,,1870,﻿,﻿,﻿Cincinnati,Cincinnati
﻿cin.oh.0078,﻿church,﻿St. Mary's,English,,,,﻿Montgomery County,﻿Montgomery County,﻿Dayton,﻿Dayton,﻿OH,﻿OH,39.7589478,-84.1916069,,,,,,,,,,,,,,1870,﻿,﻿,﻿Cincinnati,Cincinnati
﻿cin.oh.0079,﻿church,not recorded,English,,,,﻿Logan County,﻿Logan County,﻿Degraff,﻿Degraff,﻿OH,﻿OH,40.3119964,-83.9157704,,﻿Attended from Bellefontaine,,,,,,,,,,,,1870,﻿,﻿,﻿Cincinnati,Cincinnati
﻿cin.oh.0080,﻿church,﻿Church of the Sacred Heart,English,,,,﻿Shelby County,﻿Shelby County,﻿Dinsmore,﻿Dinsmore Township,﻿OH,﻿OH,40.4172871,-82.907123,,,,﻿jos_gobbels_001,﻿Rev.,﻿Joseph Gobbels,,,,,,,,1870,﻿,﻿,﻿Cincinnati,Cincinnati
﻿cin.oh.0081,﻿church,﻿St. Patrick's,English,,,,﻿Preble County,﻿Preble County,﻿Eaton,﻿Eaton,﻿OH,﻿OH,39.7439405,-84.6366201,,﻿Attended from Oxford,,,,,,,,,,,,1870,﻿,﻿,﻿Cincinnati,Cincinnati
﻿cin.oh.0082,﻿church,﻿St. Joseph's,English,,,,﻿Auglaize County,﻿Auglaize County,﻿Egypt,﻿Egypt,﻿OH,﻿OH,40.384722,-84.434444,,,,﻿joh_wittmer_001,﻿Rev.,﻿John Wittmer,﻿C.PP.S.,,,,,,,1870,﻿,﻿,﻿Cincinnati,Cincinnati
﻿cin.oh.0083,﻿church,not recorded,English,,,,﻿Clarke County,﻿Clarke County,﻿Enon,﻿Enon,﻿OH,﻿OH,39.8781151,-83.9368765,,﻿Attended from Springfield,,,,,,,,,,,,1870,﻿,﻿,﻿Cincinnati,Cincinnati
﻿cin.oh.0084,﻿church,﻿Sts. Philip and Januarius',English,,,,﻿Greene County,﻿Greene County,﻿Fairfield,﻿Fairborn,﻿OH,﻿OH,39.697399,-83.8897057,,﻿Attended by Rev. C. Hahne,,﻿c_hahne_001,﻿Rev.,﻿C. Hahne,,,,,,,,1870,﻿,﻿,﻿Cincinnati,Cincinnati
﻿cin.oh.0085,﻿church,﻿St. Patrick's,English,,,,﻿Brown County,﻿Brown County,﻿Fayetteville,﻿Fayetteville,﻿OH,﻿OH,39.1867298,-83.9321521,,,,﻿cor_daly_001,﻿Rev.,﻿Cornelius Daly,,,,,,,,1870,﻿,﻿,﻿Cincinnati,Cincinnati
﻿cin.oh.0086,﻿church,not recorded,English,,,,﻿Preble County,﻿Preble County,﻿Fair Haven,﻿Fair Haven,﻿OH,﻿OH,39.63894,-84.7716224,,﻿Attended from Oxford,,,,,,,,,,,,1870,﻿,﻿,﻿Cincinnati,Cincinnati
﻿cin.oh.0087,﻿church,not recorded,English,,,,﻿Preble County,﻿Preble County,﻿Florence Station,﻿Campbellstown,﻿OH,﻿OH,39.78767811,-84.76013723,,﻿Attended from Oxford,,,,,,,,,,,,1870,﻿,﻿,﻿Cincinnati,Cincinnati
﻿cin.oh.0088,﻿church,not recorded,English,,,,﻿Hardin County,﻿Hardin County,﻿Forest,﻿Forest,﻿OH,﻿OH,40.8017214,-83.5104821,,﻿Attended from Kenton,,,,,,,,,,,,1870,﻿,﻿,﻿Cincinnati,Cincinnati
﻿cin.oh.0089,﻿church,﻿St. Mary's,English,,,,﻿Warren County,﻿Warren County,﻿Franklin,﻿Franklin,﻿OH,﻿OH,39.5589474,-84.3041074,,﻿Attended from Middletown,,,,,,,,,,,,1870,﻿,﻿,﻿Cincinnati,Cincinnati
﻿cin.oh.0090,﻿church,﻿St. John's,English,,,,﻿Auglaize County,﻿Auglaize County,﻿Fryburgh,﻿Fryburgh,﻿OH,﻿OH,40.5559077,-84.0836642,,,,﻿jos_gobbels_001,﻿Rev.,﻿Joseph Gobbels,,,,,,,,1870,﻿,﻿,﻿Cincinnati,Cincinnati
﻿cin.oh.0091,﻿church,not recorded,English,,,,﻿Brown County,﻿Brown County,﻿Georgetown,﻿Georgetown,﻿OH,﻿OH,38.8645138,-83.9040944,,﻿Attended from Ripley,,,,,,,,,,,,1870,﻿,﻿,﻿Cincinnati,Cincinnati
﻿cin.oh.0092,﻿church,﻿St. Benin's,English,,,,﻿Highland County,﻿Highland County,﻿Greenfield,﻿Greenfield,﻿OH,﻿OH,39.3520084,-83.3826928,,﻿Attended from Hillsboro,,,,,,,,,,,,1870,﻿,﻿,﻿Cincinnati,Cincinnati
﻿cin.oh.0093,﻿church,﻿St. Charles',English,,,,﻿Darke County,﻿Darke County,﻿Greenville,﻿Greenville,﻿OH,﻿OH,40.1056572,-84.6897495,,,,,﻿Rev.,﻿- Kiefmayer,,,,,,,,1870,﻿,﻿,﻿Cincinnati,Cincinnati
﻿cin.oh.0094,﻿church,﻿St. Stephen's,English,,,,﻿Butler County,﻿Butler County,﻿Hamilton,﻿Hamilton,﻿OH,﻿OH,39.3995008,-84.5613355,,,,﻿luk_gotbehode_001,﻿Rev.,﻿Luke Gotbehode,﻿O.S.F.,,,,,,,1870,﻿,﻿,﻿Cincinnati,Cincinnati
﻿cin.oh.0095,﻿church,﻿St. Mary's,English,,,,﻿Butler County,﻿Butler County,﻿Hamilton,﻿Hamilton,﻿OH,﻿OH,39.3995008,-84.5613355,,,,﻿cha_f_hone_001,﻿Rev.,﻿Charles F. Hone,,,,,,,,1870,﻿,﻿,﻿Cincinnati,Cincinnati
﻿cin.oh.0096,﻿church,﻿St. Joseph's,English,,,,﻿Butler County,﻿Butler County,﻿Hamilton,﻿Hamilton,﻿OH,﻿OH,39.39095005,-84.56539057,,,,﻿g_p_steinlage_001,﻿Rev.,﻿G. P. Steinlage,,,,,,,,1870,﻿,﻿,﻿Cincinnati,Cincinnati
﻿cin.oh.0097,﻿church,﻿St. John's,English,,,,﻿Hamilton County,﻿Hamilton County,﻿Harrison,﻿Harrison,﻿OH,﻿OH,39.2536967,-84.7915999,,,,﻿chr_frensch_001,﻿Rev.,﻿Christian Frensch,,,,,,,,1870,﻿,﻿,﻿Cincinnati,Cincinnati
﻿cin.oh.0098,﻿church,﻿St. Mary's,English,,,,﻿Highland County,﻿Highland County,﻿Hillsborough,﻿Hillsborough,﻿OH,﻿OH,39.2022866,-83.611587,,,,﻿mic_odonoghue_001,﻿Rev.,﻿Michael O'Donoghue,,,,,,,,1870,﻿,﻿,﻿Cincinnati,Cincinnati
﻿cin.oh.0099,﻿church,﻿St. Denis',English,,,,﻿Darke County,﻿Darke County,﻿Jacksonville,﻿Versailles,﻿OH,﻿OH,40.22165709,-84.48330158,,,,﻿cha_berard_001,﻿Rev.,﻿Charles Berard,,,,,,,,1870,﻿,﻿,﻿Cincinnati,Cincinnati
﻿cin.oh.0100,﻿church,not recorded,English,,,,﻿Shelby County,﻿Shelby County,﻿Jackson Centre,﻿Jackson Centre,﻿OH,﻿OH,40.4394935,-84.0402203,,﻿Attended from Fryburgh,,,,,,,,,,,,1870,﻿,﻿,﻿Cincinnati,Cincinnati
﻿cin.oh.0101,﻿church,not recorded,English,,,,﻿Union County,﻿Union County,﻿Kent,,﻿OH,﻿OH,40.3616382,-83.336188,,﻿Attended from Urbana,,,,,,,,,,,,1870,﻿,﻿,﻿Cincinnati,Cincinnati
﻿cin.oh.0102,﻿church,not recorded,English,,,,﻿Auglaize County,﻿Auglaize County,﻿Kossuth,﻿Kossuth,﻿OH,﻿OH,40.6594931,-84.3480079,,﻿Attended from St. Mary's,,,,,,,,,,,,1870,﻿,﻿,﻿Cincinnati,Cincinnati
﻿cin.oh.0103,﻿church,﻿Church of the Immaculate Conception,English,,,,﻿Hardin County,﻿Hardin County,﻿Kenton,﻿Kenton,﻿OH,﻿OH,40.6469982,-83.6096516,,,,,,,,,,,,,,1870,﻿,﻿,﻿Cincinnati,Cincinnati
﻿cin.oh.0104,﻿church,not recorded,English,,,,﻿Marion County,﻿Marion County,﻿Larue,﻿LaRue,﻿OH,﻿OH,40.5764456,-83.3846442,,﻿Attended from Marion,,,,,,,,,,,,1870,﻿,﻿,﻿Cincinnati,Cincinnati
﻿cin.oh.0105,﻿church,not recorded,English,,,,﻿Warren County,﻿Warren County,﻿Lebanon,﻿Lebanon,﻿OH,﻿OH,39.4353373,-84.2029922,,﻿Attended from Morrow,,,,,,,,,,,,1870,﻿,﻿,﻿Cincinnati,Cincinnati
﻿cin.oh.0106,﻿church,not recorded,English,,,,﻿Madison County,﻿Madison County,﻿Liverpool,﻿Rosedale,﻿OH,﻿OH,40.07786962,-83.45993987,,﻿Attended from Springfield,,,,,,,,,,,,1870,﻿,﻿,﻿Cincinnati,Cincinnati
﻿cin.oh.0107,﻿church,﻿St. Patrick,English,,,,﻿Madison County,﻿Madison County,﻿London,﻿London,﻿OH,﻿OH,39.8857078,-83.4463708,,,,﻿joh_conway_001,﻿Rev.,﻿John Conway,,,,,,,,1870,﻿,﻿,﻿Cincinnati,Cincinnati
﻿cin.oh.0108,﻿church,not recorded,English,,,,﻿Champaign County,﻿Champaign County,﻿Louisburgh,﻿North Lewisburg,﻿OH,﻿OH,40.1025817,-83.804868,,﻿Attended from Urbana,,,,,,,,,,,,1870,﻿,﻿,﻿Cincinnati,Cincinnati
﻿cin.oh.0109,﻿church,﻿St. Benin's,English,,,,﻿Clermont County,﻿Clermont County,﻿Loveland,﻿Loveland,﻿OH,﻿OH,39.2689476,-84.263826,,﻿Attended from Milford,,,,,,,,,,,,1870,﻿,﻿,﻿Cincinnati,Cincinnati
﻿cin.oh.0110,﻿church,not recorded,English,,,,﻿Highland County,﻿Highland County,﻿Lynchburgh,﻿Lynchburgh,﻿OH,﻿OH,39.241729,-83.7913143,,﻿Attended from St. Martin's,,,,,,,,,,,,1870,﻿,﻿,﻿Cincinnati,Cincinnati
﻿cin.oh.0111,﻿church,﻿St. Michael's,English,,,,﻿Hamilton County,﻿Hamilton County,﻿Madisonville,﻿Cincinnati,﻿OH,﻿OH,39.1606159,-84.3931327,,,,﻿a_h_walburg_001,﻿Rev.,﻿A. H. Walburg,,,,,,,,1870,﻿,﻿,﻿Cincinnati,Cincinnati
﻿cin.oh.0111,﻿church,﻿St. Michael's,English,,,,﻿Hamilton County,﻿Hamilton County,﻿Madisonville,﻿Cincinnati,﻿OH,,39.1606159,-84.3931327,,,,﻿c_wiese_001,﻿Rev.,﻿C. Wiese,,,,,,,,1870,﻿,﻿,﻿Cincinnati,Cincinnati
﻿cin.oh.0112,﻿church,﻿St. Mary's,English,,,,﻿Marion County,﻿Marion County,﻿Marion,﻿Marion,﻿OH,﻿OH,40.5886699,-83.1285242,,,,﻿jm_mackey_001,﻿Rev.,﻿J.M. Mackey,,,,,,,,1870,﻿,﻿,﻿Cincinnati,Cincinnati
﻿cin.oh.0113,﻿church,﻿St. —,English,,,,﻿Union County,﻿Union County,﻿Marysville,﻿Marysville,﻿OH,﻿OH,40.2364486,-83.3671432,,,,,,,,,,,,,,1870,﻿,﻿,﻿Cincinnati,Cincinnati
﻿cin.oh.0114,﻿church,not recorded,English,,,,﻿Warren County,﻿Warren County,﻿Mason,﻿Mason,﻿OH,﻿OH,39.3600586,-84.309939,,﻿Attended from Milford,,,,,,,,,,,,1870,﻿,﻿,﻿Cincinnati,Cincinnati
﻿cin.oh.0115,﻿church,not recorded,English,,,,﻿Scioto County,﻿Scioto County,﻿McCollough,,﻿OH,﻿OH,38.87965776,-83.15071286,,﻿Attended from Ripley,,,,,,,,,,,,1870,﻿,﻿,﻿Cincinnati,Cincinnati
﻿cin.oh.0116,﻿church,﻿St. Michael's,English,,,,﻿Montgomer County,﻿Montgomery County,﻿Miamisburgh,﻿Miamisburgh,﻿OH,﻿OH,39.6428362,-84.2866083,,﻿Attended by Rev. X. Mauclerc,,﻿x_mauclerc_001,﻿Rev.,﻿X. Mauclerc,,,,,,,,1870,﻿,﻿,﻿Cincinnati,Cincinnati
﻿cin.oh.0117,﻿church,﻿Holy Trinity,English,,,,﻿Butler County,﻿Butler County,﻿Middletown,﻿Middletown,﻿OH,﻿OH,39.5150576,-84.3982763,,,,﻿tho_j_bougler_001,﻿Rev.,﻿Thos. J. Bougler,,,,,,,,1870,﻿,﻿,﻿Cincinnati,Cincinnati
﻿cin.oh.0118,﻿church,not recorded,English,,﻿Range Township,,﻿Madison County,﻿Madison County,﻿Midway,﻿Midway,﻿OH,﻿OH,39.7333933,-83.477697,,﻿Attended from Springfield,,,,,,,,,,,,1870,﻿,﻿,﻿Cincinnati,Cincinnati
﻿cin.oh.0119,﻿church,﻿St. Andrew's,English,,,,﻿Clermont County,﻿Clermont County,﻿Milford,﻿Milford,﻿OH,﻿OH,39.1753377,-84.2943821,,,,,﻿Rev.,﻿- Anderson,,,,,,,,1870,﻿,﻿,﻿Cincinnati,Cincinnati
﻿cin.oh.0120,﻿church,not recorded,English,,﻿Wayne Township,,﻿Champaign County,﻿Champaign County,﻿Mingo,﻿Mingo,﻿OH,﻿OH,40.2079458,-83.6379,,﻿Attended from Urbana,,,,,,,,,,,,1870,﻿,﻿,﻿Cincinnati,Cincinnati
﻿cin.oh.0121,﻿church,﻿St. Augustine's,English,,,,﻿Auglaize County,﻿Auglaize County,﻿Minster,﻿Minster,﻿OH,﻿OH,40.3931033,-84.3760612,,,,﻿and_kunkler_001,﻿Very Rev.,﻿Andrew Kunkler,﻿C.PP.S.,﻿Provincial,,,,,,1870,﻿,﻿,﻿Cincinnati,Cincinnati
﻿cin.oh.0121,﻿church,﻿St. Augustine's,English,,,,﻿Auglaize County,﻿Auglaize County,﻿Minster,﻿Minster,﻿OH,,40.3931033,-84.3760612,,,,﻿and_stiefvater_001,﻿Rev.,﻿Andr. Stiefvater,﻿C.PP.S.,,,,,,,1870,﻿,﻿,﻿Cincinnati,Cincinnati
﻿cin.oh.0122,﻿church,﻿St. Joseph's,English,,,,﻿Butler County,﻿Butler County,﻿Monroe,﻿Monroe,﻿OH,﻿OH,39.4450552,-84.3610458,,﻿Attended from Middletown,,,,,,,,,,,,1870,﻿,﻿,﻿Cincinnati,Cincinnati
﻿cin.oh.0123,﻿church,﻿St. Malachi's,English,,﻿Salem Township,,﻿Warren County,﻿Warren County,﻿Morrow,﻿Morrow,﻿OH,﻿OH,39.3545046,-84.1271568,,,,﻿j_b_odonoghue_001,﻿Rev.,﻿J. B. O'Donoghue,,,,,,,,1870,﻿,﻿,﻿Cincinnati,Cincinnati
﻿cin.oh.0124,﻿church,not recorded,English,,,,﻿Hardin County,﻿Hardin County,﻿Mt. Victory,﻿Mt. Victory,﻿OH,﻿OH,40.5344995,-83.5204822,,﻿Attended from Kenton,,,,,,,,,,,,1870,﻿,﻿,﻿Cincinnati,Cincinnati
﻿cin.oh.0125,﻿church,not recorded,English,,,,﻿Marion County,﻿Marion County,﻿Mt. Victory,﻿Mt. Victory,﻿OH,﻿OH,40.5344995,-83.5204822,,﻿Attended from Marion,,,,,,,,,,,,1870,﻿,﻿,﻿Cincinnati,Cincinnati
﻿cin.oh.0126,﻿church,not recorded,English,,,,﻿Hamilton County,﻿Hamilton County,﻿Mt. Washington,﻿Cincinnati,﻿OH,﻿OH,39.73870299,-84.17910844,,﻿Attended from Cumminsville,,,,,,,,,,,,1870,﻿,﻿,﻿Cincinnati,Cincinnati
﻿cin.oh.0127,﻿church,﻿St. Mary's,English,,,,﻿Montgomery County,﻿Montgomery County,﻿Nazareth,﻿Dayton,﻿OH,﻿OH,40.4172871,-82.907123,,,,﻿j_n_reimbolt_001,﻿Rev.,﻿J. N. Reimbolt,,,,,,﻿Provincial of the Christian Brothers of Mary,,1870,﻿,﻿,﻿Cincinnati,Cincinnati
﻿cin.oh.0127,﻿church,﻿St. Mary's,English,,,,﻿Montgomery County,﻿Montgomery County,﻿Nazareth,﻿Dayton,﻿OH,,40.4172871,-82.907123,,,,﻿x_mauclerc_001,﻿Rev.,﻿X. Mauclerc,,,,,,﻿Provincial of the Christian Brothers of Mary,,1870,﻿,﻿,﻿Cincinnati,Cincinnati
﻿cin.oh.0127,﻿church,﻿St. Mary's,English,,,,﻿Montgomery County,﻿Montgomery County,﻿Nazareth,﻿Dayton,﻿OH,,40.4172871,-82.907123,,,,﻿nic_nickels_001,﻿Rev.,﻿Nicholas Nickels,,,,,,﻿Provincial of the Christian Brothers of Mary,,1870,﻿,﻿,﻿Cincinnati,Cincinnati
﻿cin.oh.0128,﻿church,﻿St. Louis',English,,,,﻿Clermont County,﻿Clermont County,﻿New Boston,﻿Owensville,﻿OH,﻿OH,39.12406173,-84.13516082,,,,﻿nic_fas_001,﻿Rev.,﻿Nicholas Fas.,,,,,,,,1870,﻿,﻿,﻿Cincinnati,Cincinnati
﻿cin.oh.0129,﻿church,not recorded,English,,,,﻿Butler County,﻿Preble County,﻿New Paris,﻿New Paris,﻿OH,﻿OH,39.85548598,-84.79032075,,﻿Attended from Middletown,,,,,,,,,,,,1870,﻿,﻿,﻿Cincinnati,Cincinnati
﻿cin.oh.0130,﻿church,﻿SS. Peter and Paul's,English,,,,﻿Shelby County,﻿Shelby County,﻿Newport,﻿Newport,﻿OH,﻿OH,40.29631199,-84.36900999,,,,,,,,,,,,,,1870,﻿,﻿,﻿Cincinnati,Cincinnati
﻿cin.oh.0131,﻿church,﻿St. Peter's,English,,,,﻿Clermont County,﻿Clermont County,﻿New Richmond,﻿New Richmond,﻿OH,﻿OH,38.9486757,-84.2799366,,,,﻿h_riekens_001,﻿Rev.,﻿H. Riekens,,,,,,,,1870,﻿,﻿,﻿Cincinnati,Cincinnati
﻿cin.oh.0132,﻿church,not recorded,English,,,,﻿Clinton County,﻿Clinton County,﻿New Vienna,﻿New Vienna,﻿OH,﻿OH,39.3236736,-83.6910336,,﻿Attended from Hillsboro,,,,,,,,,,,,1870,﻿,﻿,﻿Cincinnati,Cincinnati
﻿cin.oh.0133,﻿church,not recorded,English,,,,﻿Union County,﻿Union County,﻿Newton,﻿Raymond,﻿OH,﻿OH,40.33792408,-83.46859406,,﻿Attended from Urbana,,,,,,,,,,,,1870,﻿,﻿,﻿Cincinnati,Cincinnati
﻿cin.oh.0134,﻿church,not recorded,English,,,,﻿Hamilton County,﻿Hamilton County,﻿Newtown,﻿Newtown,﻿OH,﻿OH,39.1245047,-84.361606,,﻿Attended from All Saints',,,,,,,,,,,,1870,﻿,﻿,﻿Cincinnati,Cincinnati
﻿cin.oh.0135,﻿church,not recorded,English,,,,﻿Scioto County,﻿Scioto County,﻿Otway,﻿Otway,﻿OH,﻿OH,38.866462,-83.1874041,,﻿Attended from Ripley,,,,,,,,,,,,1870,﻿,﻿,﻿Cincinnati,Cincinnati
﻿cin.oh.0136,﻿church,﻿St. Charles,English,,,,﻿Greene County,﻿Greene County,﻿Osborn,﻿Fairborn,﻿OH,﻿OH,39.697399,-83.8897057,,﻿Attended from Dayton,,,,,,,,,,,,1870,﻿,﻿,﻿Cincinnati,Cincinnati
﻿cin.oh.0137,﻿church,﻿St. Mary's,English,,,,﻿Butler County,﻿Butler County,﻿Oxford,﻿Oxford,﻿OH,﻿OH,39.5069974,-84.745231,,,,﻿jan_m_darco_001,﻿Rev.,﻿Januarius M. D'Arco,,,,,,,,1870,﻿,﻿,﻿Cincinnati,Cincinnati
﻿cin.oh.0138,﻿church,﻿SS. Peter and Paul's,English,,,,﻿Auglaize County,﻿Auglaize County,﻿Petersburgh,,﻿OH,﻿OH,40.49719721,-84.16299403,,﻿Attended from Wapakoneta,,,,,,,,,,,,1870,﻿,﻿,﻿Cincinnati,Cincinnati
﻿cin.oh.0139,﻿church,﻿St. Mary's,English,,,,﻿Mercer County,﻿Mercer County,﻿Philothea,﻿Philothea,﻿OH,﻿OH,40.4516676,-84.6544515,,,,﻿jac_ringele_001,﻿Rev.,﻿Jacob Ringele,﻿C.PP.S.,,,,,,,1870,﻿,﻿,﻿Cincinnati,Cincinnati
﻿cin.oh.0140,﻿church,﻿St. Mary's,English,,,,﻿Miami County,﻿Miami County,﻿Piqua,﻿Piqua,﻿OH,﻿OH,40.15135497,-84.24574612,,,,﻿jam_j_odonohue_001,﻿Rev.,﻿James J. O'Donohue,,,,,,,,1870,﻿,﻿,﻿Cincinnati,Cincinnati
﻿cin.oh.0141,﻿church,﻿St. Boniface's,English,,,,﻿Miami County,﻿Miami County,﻿Piqua,﻿Piqua,﻿OH,﻿OH,40.1447732,-84.2424449,,,,﻿jul_voet_001,﻿Rev.,﻿Julius Voet,,,,,,,,1870,﻿,﻿,﻿Cincinnati,Cincinnati
﻿cin.oh.0142,﻿church,not recorded,English,,﻿Harmony Township; also spelled Plattsburg,,﻿Clark County,﻿Clark County,﻿Plattsburgh,﻿Plattsburgh,﻿OH,﻿OH,39.8961712,-83.61159,,﻿Attended from Springfield,,,,,,,,,,,,1870,﻿,﻿,﻿Cincinnati,Cincinnati
﻿cin.oh.0143,﻿church,not recorded,English,,,,﻿Madison County,﻿Madison County,﻿Pleasant Valley,﻿Plain City,﻿OH,﻿OH,40.10552705,-83.27117281,,﻿Attended from London,,,,,,,,,,,,1870,﻿,﻿,﻿Cincinnati,Cincinnati
﻿cin.oh.0144,﻿church,not recorded,English,,,,﻿Scioto County,﻿Scioto County,﻿Pond Creek,﻿West Portsmouth,﻿OH,﻿OH,38.793747,-83.071243,,﻿Attended from Ripley,,,,,,,,,,,,1870,﻿,﻿,﻿Cincinnati,Cincinnati
﻿cin.oh.0145,﻿church,not recorded,English,,﻿Pike Township,,﻿Madison County,﻿Madison County,﻿Rosedale,﻿Rosedale,﻿OH,﻿OH,40.0781157,-83.4549219,,﻿Attended from London,,,,,,,,,,,,1870,﻿,﻿,﻿Cincinnati,Cincinnati
﻿cin.oh.0146,﻿church,﻿St. Lawrence's,English,,,,﻿Shelby County,﻿Shelby County,﻿Rhine,,﻿OH,﻿OH,40.46976103,-84.12391448,,﻿Attended from Fryburgh,,,,,,,,,,,,1870,﻿,﻿,﻿Cincinnati,Cincinnati
﻿cin.oh.0147,﻿church,﻿St. Michael's,English,,﻿Union Township,,﻿Brown County,﻿Brown County,﻿Ripley,﻿Ripley,﻿OH,﻿OH,38.7456277,-83.8449245,,,,﻿bar_schmitz_001,﻿Rev.,﻿Barth Schmitz,,,,,,,,1870,﻿,﻿,﻿Cincinnati,Cincinnati
﻿cin.oh.0148,﻿church,not recorded,English,,,,﻿Clinton County,﻿Clinton County,﻿Sabina,﻿Sabina,﻿OH,﻿OH,39.4886732,-83.6368659,,﻿Attended from Morrow,,,,,,,,,,,,1870,﻿,﻿,﻿Cincinnati,Cincinnati
﻿cin.oh.0149,﻿church,not recorded,English,,﻿Madison Township,,﻿Clark County,﻿Clark County,﻿Selma,﻿Selma,﻿OH,﻿OH,39.7867267,-83.7085348,,﻿Attended from Xenia,,,,,,,,,,,,1870,﻿,﻿,﻿Cincinnati,Cincinnati
﻿cin.oh.0150,﻿church,﻿St. Paul's,English,,,,﻿Mercer County,﻿Mercer County,﻿Sharpsburgh,﻿Fort Recovery,﻿OH,﻿OH,40.367753,-84.709733,,,,﻿pau_reuter_001,﻿Rev.,﻿Paul Reuter,﻿C.PP.S.,,,,,,,1870,﻿,﻿,﻿Cincinnati,Cincinnati
﻿cin.oh.0151,﻿church,﻿Holy Angels',English,,,,﻿Shelby County,﻿Shelby County,﻿Sidney,﻿Sidney,﻿OH,﻿OH,40.28232534,-84.1552737,,,,﻿joh_d_kress_001,﻿Rev.,﻿John D. Kress,,,,,,,,1870,﻿,﻿,﻿Cincinnati,Cincinnati
﻿cin.oh.0152,﻿church,not recorded,English,,﻿Somerford Township,,﻿Madison County,﻿Madison County,﻿Sommerford,﻿Sommerford,﻿OH,﻿OH,39.9333935,-83.4915879,,﻿Attended from Springfield,,,,,,,,,,,,1870,﻿,﻿,﻿Cincinnati,Cincinnati
﻿cin.oh.0153,﻿church,﻿St. Raphel's,English,,,,﻿Clark County,﻿Clark County,﻿Springfield,﻿Springfield,﻿OH,﻿OH,39.9228962,-83.806463,,,,﻿j_n_thisse_001,﻿Rev.,﻿J. N. Thisse,,,,,,,,1870,﻿,﻿,﻿Cincinnati,Cincinnati
﻿cin.oh.0153,﻿church,﻿St. Raphel's,English,,,,﻿Clark County,﻿Clark County,﻿Springfield,﻿Springfield,﻿OH,,39.9228962,-83.806463,,,,﻿j_a_maroney_001,﻿Rev.,﻿J. A. Maroney,,,,,,,,1870,﻿,﻿,﻿Cincinnati,Cincinnati
﻿cin.oh.0154,﻿church,﻿St. Bernard's,English,,,,﻿Clark County,﻿Clark County,﻿Springfield,﻿Springfield,﻿OH,﻿OH,39.9242266,-83.8088171,,,,,,,,,,,,,,1870,﻿,﻿,﻿Cincinnati,Cincinnati
﻿cin.oh.0155,﻿church,not recorded,English,,,,﻿Greene County,﻿Greene County,﻿Spring Valley,﻿Spring Valley,﻿OH,﻿OH,39.608949,-84.0077105,,﻿Attended from Xenia,,,,,,,,,,,,1870,﻿,﻿,﻿Cincinnati,Cincinnati
﻿cin.oh.0156,﻿church,﻿St. Remy's,English,,﻿(church building),,﻿Darke County,﻿Darke County,,﻿Russia,﻿OH,﻿OH,40.2336051,-84.40830415,,,,﻿ch_berard_001,﻿Rev.,﻿Ch. Berard,,,,,,,,1870,﻿,﻿,﻿Cincinnati,Cincinnati
﻿cin.oh.0157,﻿church,﻿St. Anthony's,English,,,,﻿Mercer County,﻿Mercer County,,﻿Padua,﻿OH,﻿OH,40.50893784,-84.78525098,,,,﻿p_a_capeder_001,﻿Rev.,﻿P. Anthony Capeder,﻿C.PP.S.,,,,,,,1870,﻿,﻿,﻿Cincinnati,Cincinnati
﻿cin.oh.0158,﻿church,﻿St. Francis',English,,,,﻿Mercer County,﻿Mercer County,,,﻿OH,﻿OH,40.39323589,-84.58165048,,,,﻿roc_schuly_001,﻿Rev.,﻿Rochus Schuly,﻿C.PP.S.,,,,,,,1870,﻿,﻿,﻿Cincinnati,Cincinnati
﻿cin.oh.0159,﻿church,﻿St. Henry's,English,,,,﻿Mercer County,﻿Mercer County,,﻿St. Henry,﻿OH,﻿OH,40.41758982,-84.63753219,,,,﻿joh_van-den-broek_001,﻿Rev.,﻿John Van den Broek,﻿C.PP.S.,,,,,,,1870,﻿,﻿,﻿Cincinnati,Cincinnati
﻿cin.oh.0160,﻿church,﻿St. John's,English,,,,﻿Mercer County,﻿Mercer County,,﻿Maria Stein,﻿OH,﻿OH,40.40818114,-84.47356079,,,,﻿b_austermann_001,﻿Rev.,﻿B. Austermann,﻿C.PP.S.,,,,,,,1870,﻿,﻿,﻿Cincinnati,Cincinnati
﻿cin.oh.0161,﻿church,﻿St. Joseph's,English,,,,﻿Mercer County,﻿Mercer County,,,﻿OH,﻿OH,40.42843203,-84.738673,,,,﻿alo_schelbert_001,﻿Rev.,﻿Aloysius Schelbert,﻿C.PP.S.,,,,,,,1870,﻿,﻿,﻿Cincinnati,Cincinnati
﻿cin.oh.0162,﻿church,﻿St. Peter's,English,,,,﻿Mercer County,﻿Mercer County,,,﻿OH,﻿OH,40.45093021,-84.74661681,,,,﻿pet_wilhelmy_001,﻿Rev.,﻿Peter Wilhelmy,﻿C.PP.S.,,,,,,,1870,﻿,﻿,﻿Cincinnati,Cincinnati
﻿cin.oh.0163,﻿church,﻿St. Rose's,English,,,,﻿Mercer County,﻿Mercer County,,﻿St. Rose,﻿OH,﻿OH,40.40633913,-84.51526807,,,,﻿ant_kramer_001,﻿Rev.,﻿Anthony Kramer,﻿C.PP.S.,,,,,,,1870,﻿,﻿,﻿Cincinnati,Cincinnati
﻿cin.oh.0164,﻿church,﻿St. Sebastian's,English,,,,﻿Mercer County,﻿Mercer County,,﻿Sebastian,﻿OH,﻿OH,40.44491587,-84.51710086,,﻿Attended by,,,,,,,,,,,,1870,﻿,﻿,﻿Cincinnati,Cincinnati
﻿cin.oh.0165,﻿church,﻿St. Wendelin's,English,,,,﻿Mercer County,﻿Mercer County,,﻿Wendelin,﻿OH,﻿OH,40.39901558,-84.69004224,,﻿Attended by,,,,,,,,,,,,1870,﻿,﻿,﻿Cincinnati,Cincinnati
﻿cin.oh.0166,﻿church,﻿St. Patrick's,English,,,,﻿Shelby County,﻿Shelby County,,,﻿OH,﻿OH,40.37061081,-84.28850189,,﻿Attended from Minster,,,,,,,,,,,,1870,﻿,﻿,﻿Cincinnati,Cincinnati
﻿cin.oh.0167,﻿church,﻿St. Thomas,English,,,,﻿Auglaize County,﻿Auglaize County,,,﻿OH,﻿OH,40.58309014,-84.31806594,,﻿Attended from St. Mary's,,,,,,,,,,,,1870,﻿,﻿,﻿Cincinnati,Cincinnati
﻿cin.oh.0168,﻿church,﻿St. Mary's,English,,,,﻿Auglaize County,﻿Auglaize County,,,﻿OH,﻿OH,40.5203942,-84.4172666,,,,﻿phi_rist_001,﻿Rev.,﻿Philip Rist,﻿C.PP.S.,,,,,,,1870,﻿,﻿,﻿Cincinnati,Cincinnati
﻿cin.oh.0169,﻿church,﻿St. Xavier's,English,,,,﻿Ross County,﻿Ross County,,,﻿OH,﻿OH,39.22977318,-82.98446818,,﻿Attended from Chillicothe,,,,,,,,,,,,1870,﻿,﻿,﻿Cincinnati,Cincinnati
﻿cin.oh.0170,﻿church,﻿St. Martin's,English,,,,﻿Brown County,﻿Brown County,,﻿St. Martin's,﻿OH,﻿OH,39.21240901,-83.8931616,,,,﻿wm_cheymol_001,﻿Rev.,﻿Wm. Cheymol,,,,,,,,1870,﻿,﻿,﻿Cincinnati,Cincinnati
﻿cin.oh.0170,﻿church,﻿St. Martin's,English,,,,﻿Brown County,﻿Brown County,,﻿St. Martin's,﻿OH,,39.21240901,-83.8931616,,,,﻿f_x_dutton_001,﻿Rev.,﻿F. X. Dutton,,,,,,,,1870,﻿,﻿,﻿Cincinnati,Cincinnati
﻿cin.oh.0171,﻿church,﻿St. John Baptist's,English,,,,﻿Miami County,﻿Miami County,﻿Tippecanoe,﻿Tipp City,﻿OH,﻿OH,39.95114348,-84.17609059,,﻿Attended from Piqua,,,,,,,,,,,,1870,﻿,﻿,﻿Cincinnati,Cincinnati
﻿cin.oh.0172,﻿church,not recorded,English,,,,﻿Clark County,﻿Clark County,﻿Tremont,﻿Tremont City,﻿OH,﻿OH,40.0111706,-83.8360414,,﻿Attended from Springfield,,,,,,,,,,,,1870,﻿,﻿,﻿Cincinnati,Cincinnati
﻿cin.oh.0173,﻿church,﻿St. Patrick's,English,,,,﻿Miami County,﻿Miami County,﻿Troy,﻿Troy,﻿OH,﻿OH,40.03827782,-84.19901758,,﻿Attended from Piqua,,,,,,,,,,,,1870,﻿,﻿,﻿Cincinnati,Cincinnati
﻿cin.oh.0174,﻿church,﻿St. Mary's,English,,,,﻿Champaign County,﻿Champaign County,﻿Urbana,﻿Urbana,﻿OH,﻿OH,40.11218152,-83.74983332,,,,﻿jam_f_kearney_001,﻿Rev.,﻿James F. Kearney,,,,,,,,1870,﻿,﻿,﻿Cincinnati,Cincinnati
﻿cin.oh.0175,﻿church,﻿Holy Family,English,,﻿Wayne Township,,﻿Darke County,﻿Darke County,﻿Versailles,﻿Versailles,﻿OH,﻿OH,40.2225481,-84.484396,,,,﻿mat_kreusch_001,﻿Rev.,﻿Mat. Kreusch,﻿C.PP.S.,,,,,,,1870,﻿,﻿,﻿Cincinnati,Cincinnati
﻿cin.oh.0176,﻿church,﻿Holy Ghost,English,,﻿Perry Township,,﻿Brown County,﻿Brown County,﻿Vera Cruz,﻿Vera Cruz,﻿OH,﻿OH,38.9092089,-83.8473015,,,,﻿p_mcmahon_001,﻿Rev.,﻿P. McMahon,,,,,,,,1870,﻿,﻿,﻿Cincinnati,Cincinnati
﻿cin.oh.0177,﻿church,﻿St. Joseph's,English,,,,﻿Auglaize County,﻿Auglaize County,﻿Wapakoneta,﻿Wapakoneta,﻿OH,﻿OH,40.5678265,-84.1935594,,,,﻿x_griessmeyer_001,﻿Rev.,﻿X. Griessmeyer,﻿C.PP.S.,,,,,,,1870,﻿,﻿,﻿Cincinnati,Cincinnati
﻿cin.oh.0178,﻿church,﻿(church building),English,,﻿Union Township,,﻿Fayette County,﻿Fayette County,﻿Washington,﻿Washington,﻿OH,﻿OH,39.5373688,-83.437579,,﻿Attended from Morrow,,,,,,,,,,,,1870,﻿,﻿,﻿Cincinnati,Cincinnati
﻿cin.oh.0179,﻿church,not recorded,English,,,,﻿Hardin County,﻿Hardin County,﻿Washington,﻿Dola,﻿OH,﻿OH,40.78317706,-83.69389009,,﻿Attended from Kenton,,,,,,,,,,,,1870,﻿,﻿,﻿Cincinnati,Cincinnati
﻿cin.oh.0180,﻿church,not recorded,English,,,,﻿Warren County,﻿Warren County,﻿Waynesborough,﻿Waynesville,﻿OH,﻿OH,39.4241422,-84.1857115,,﻿Attended from Xenia,,,,,,,,,,,,1870,﻿,﻿,﻿Cincinnati,Cincinnati
﻿cin.oh.0181,﻿church,﻿SS. Simon and Jude's,English,,,,﻿Madison County,﻿Madison County,﻿West Jefferson,﻿West Jefferson,﻿OH,﻿OH,39.9768461,-83.2563453,,,,﻿r_f_mcgrath_001,﻿Rev.,﻿R. F. McGrath,,,,,,,,1870,﻿,﻿,﻿Cincinnati,Cincinnati
﻿cin.oh.0182,﻿church,﻿St. John Baptist's,English,,,,﻿Logan County,﻿Logan County,﻿West Liberty,﻿West Liberty,﻿OH,﻿OH,40.2522771,-83.7557663,,,,﻿n_b_young_001,﻿Rev.,﻿N. B. Young,,,,,,,,1870,﻿,﻿,﻿Cincinnati,Cincinnati
﻿cin.oh.0183,﻿church,﻿St. Columkille,English,,,,﻿Clinton County,﻿Clinton County,﻿Wilmington,﻿Wilmington,﻿OH,﻿OH,39.4464546,-83.8303377,,﻿Attended from Morrow,,,,,,,,,,,,1870,﻿,﻿,﻿Cincinnati,Cincinnati
﻿cin.oh.0184,﻿church,not recorded,English,,,,﻿Champaign County,﻿Champaign County,﻿Woodstock,﻿Woodstock,﻿OH,﻿OH,40.1739475,-83.5274254,,﻿Attended from Urbana,,,,,,,,,,,,1870,﻿,﻿,﻿Cincinnati,Cincinnati
﻿cin.oh.0185,﻿church,﻿St. Bridget's,English,,,,﻿Green County,﻿Greene County,﻿Xenia,﻿Xenia,﻿OH,﻿OH,39.6847822,-83.9296526,,,,﻿tho_blake_001,﻿Rev.,﻿Thomas Blake,,,,,,,,1870,﻿,﻿,﻿Cincinnati,Cincinnati
﻿cin.oh.0186,﻿church,﻿St. Paul's,English,,,,﻿Greene County,﻿Greene County,﻿Yellow Springs,﻿Yellow Springs,﻿OH,﻿OH,39.8064486,-83.886874,,﻿Attended from Springfield,,,,,,,,,,,,1870,﻿,﻿,﻿Cincinnati,Cincinnati
﻿cin.oh.0189_03,﻿seminary,﻿Mt. St. Mary's of the West Theological Seminary,English,,﻿near Cincinnati,,,,,,﻿OH,﻿OH,39.1106598,-84.56163355,,,,﻿fra_j_pabisch_001,﻿Rev.,﻿Francis Jos. Pabisch,"﻿D.D., LL.D.",﻿President,,,,,,1870,﻿,﻿,﻿Cincinnati,Cincinnati
﻿cin.oh.0189_03,﻿seminary,﻿Mt. St. Mary's of the West Theological Seminary,English,,﻿near Cincinnati,,,,,,﻿OH,,39.1106598,-84.56163355,,,,﻿jos_h_richter_001,﻿Rev.,﻿Joseph H. Richter,﻿D.D.,﻿Vice-President,,,,,,1870,﻿,﻿,﻿Cincinnati,Cincinnati
﻿cin.oh.0189_03,﻿seminary,﻿Mt. St. Mary's of the West Theological Seminary,English,,﻿near Cincinnati,,,,,,﻿OH,,39.1106598,-84.56163355,,,,﻿b_h_engbers_001,﻿Rev.,﻿B. H. Engbers,,,,,,,,1870,﻿,﻿,﻿Cincinnati,Cincinnati
﻿cin.oh.0189_03,﻿seminary,﻿Mt. St. Mary's of the West Theological Seminary,English,,﻿near Cincinnati,,,,,,﻿OH,,39.1106598,-84.56163355,,,,﻿jas_callahan_001,﻿Rev.,﻿Jas. Callahan,,,,,,,,1870,﻿,﻿,﻿Cincinnati,Cincinnati
﻿cin.oh.0189_03,﻿seminary,﻿Mt. St. Mary's of the West Theological Seminary,English,,﻿near Cincinnati,,,,,,﻿OH,,39.1106598,-84.56163355,,,,﻿e_hecht_001,﻿Rev.,﻿E. Hecht,"﻿D.D., D.C.L.",,,,,,,1870,﻿,﻿,﻿Cincinnati,Cincinnati
﻿cin.oh.0189_03,﻿seminary,﻿Mt. St. Mary's of the West Theological Seminary,English,,﻿near Cincinnati,,,,,,﻿OH,,39.1106598,-84.56163355,,,,﻿tho_s_byrne_001,﻿Rev.,﻿Thos. S. Byrne,,,,,,,,1870,﻿,﻿,﻿Cincinnati,Cincinnati
﻿cin.oh.0189_03,﻿seminary,﻿Mt. St. Mary's of the West Theological Seminary,English,,﻿near Cincinnati,,,,,,﻿OH,,39.1106598,-84.56163355,,,,﻿cha_doherty_001,﻿Rev.,﻿Charles Doherty,,,,,,,,1870,﻿,﻿,﻿Cincinnati,Cincinnati
﻿cin.oh.0188,﻿seminary,﻿Seminary of the Congregation of the Precious Blood,English,,,,﻿Mercer County,﻿Mercer County,﻿Carthagena,﻿Carthagena,﻿OH,﻿OH,40.43260614,-84.56340811,,,,﻿hen_drees_001,﻿Rev.,﻿Henry Drees,﻿C.PP.S.,,,,,,,1870,﻿,﻿,﻿Cincinnati,Cincinnati
﻿cin.oh.0188,﻿seminary,﻿Seminary of the Congregation of the Precious Blood,English,,,,﻿Mercer County,﻿Mercer County,﻿Carthagena,﻿Carthagena,﻿OH,,40.43260614,-84.56340811,,,,﻿mat_kent_001,﻿Rev.,﻿Mathias Kent,,,,,,,,1870,﻿,﻿,﻿Cincinnati,Cincinnati
﻿cin.oh.0188,﻿seminary,﻿Seminary of the Congregation of the Precious Blood,English,,,,﻿Mercer County,﻿Mercer County,﻿Carthagena,﻿Carthagena,﻿OH,,40.43260614,-84.56340811,,,,﻿jos_dwenger_001,﻿Rev.,﻿Jos. Dwenger,﻿C.PP.S.,﻿Missionary,,,,,,1870,﻿,﻿,﻿Cincinnati,Cincinnati
﻿cin.oh.0189_02,﻿college,﻿St. Xavier College,English,,"﻿on Sycamore, between Sixth and Seventh streets",,,,﻿Cincinnati,﻿Cincinnati,﻿OH,﻿OH,39.10621934,-84.51298692,,,,﻿t_oneil_001,﻿Rev.,﻿T. O'Neil,﻿S.J.,﻿President,,,,,,1870,﻿,﻿,﻿Cincinnati,Cincinnati
﻿cin.oh.0189_02,﻿college,﻿St. Xavier College,English,,"﻿on Sycamore, between Sixth and Seventh streets",,,,﻿Cincinnati,﻿Cincinnati,﻿OH,,39.10621934,-84.51298692,,,,﻿j_g_kernion_001,﻿Rev.,﻿J. G. Kernion,﻿S.J.,﻿Minister,,,,,,1870,﻿,﻿,﻿Cincinnati,Cincinnati
﻿cin.oh.0189_02,﻿college,﻿St. Xavier College,English,,"﻿on Sycamore, between Sixth and Seventh streets",,,,﻿Cincinnati,﻿Cincinnati,﻿OH,,39.10621934,-84.51298692,,,,﻿m_lawlor_001,﻿Rev.,﻿M. Lawlor,﻿S.J.,﻿Treasurer,,,,,,1870,﻿,﻿,﻿Cincinnati,Cincinnati
﻿cin.oh.0189_02,﻿college,﻿St. Xavier College,English,,"﻿on Sycamore, between Sixth and Seventh streets",,,,﻿Cincinnati,﻿Cincinnati,﻿OH,,39.10621934,-84.51298692,,,,﻿t_chambers_001,﻿Rev.,﻿T. Chambers,﻿S.J.,﻿Chaplain,,,,,,1870,﻿,﻿,﻿Cincinnati,Cincinnati
﻿cin.oh.0189_02,﻿college,﻿St. Xavier College,English,,"﻿on Sycamore, between Sixth and Seventh streets",,,,﻿Cincinnati,﻿Cincinnati,﻿OH,,39.10621934,-84.51298692,,,,﻿a_lambelin_001,﻿Rev.,﻿A. Lambelin,﻿S.J.,﻿Prof. of Mental Philosophy,,,,,,1870,﻿,﻿,﻿Cincinnati,Cincinnati
﻿cin.oh.0189_02,﻿college,﻿St. Xavier College,English,,"﻿on Sycamore, between Sixth and Seventh streets",,,,﻿Cincinnati,﻿Cincinnati,﻿OH,,39.10621934,-84.51298692,,,,﻿a_fastre_001,﻿Rev.,﻿A. Fastre,﻿S.J.,﻿Prof. of Rhetoric,,,,,,1870,﻿,﻿,﻿Cincinnati,Cincinnati
﻿cin.oh.0189_02,﻿college,﻿St. Xavier College,English,,"﻿on Sycamore, between Sixth and Seventh streets",,,,﻿Cincinnati,﻿Cincinnati,﻿OH,,39.10621934,-84.51298692,,,,﻿d_swagers_001,﻿Rev.,﻿D. Swagers,﻿S.J.,﻿Prof. of Classics,,,,,,1870,﻿,﻿,﻿Cincinnati,Cincinnati
﻿cin.oh.0189_02,﻿college,﻿St. Xavier College,English,,"﻿on Sycamore, between Sixth and Seventh streets",,,,﻿Cincinnati,﻿Cincinnati,﻿OH,,39.10621934,-84.51298692,,,,﻿j_straetmans_001,﻿Rev.,﻿J. Straetmans,﻿S.J.,﻿Prof. of Natural Philosophy and Chemistry,,,,,,1870,﻿,﻿,﻿Cincinnati,Cincinnati
﻿cin.oh.0189_02,﻿college,﻿St. Xavier College,English,,"﻿on Sycamore, between Sixth and Seventh streets",,,,﻿Cincinnati,﻿Cincinnati,﻿OH,,39.10621934,-84.51298692,,,,﻿t_miles_001,﻿Rev.,﻿T. Miles,﻿S.J.,﻿Prof. of English,,,,,,1870,﻿,﻿,﻿Cincinnati,Cincinnati
﻿cin.oh.0189_02,﻿college,﻿St. Xavier College,English,,"﻿on Sycamore, between Sixth and Seventh streets",,,,﻿Cincinnati,﻿Cincinnati,﻿OH,,39.10621934,-84.51298692,,,,﻿the_de-leeuw_001,﻿Rev.,﻿T. De Leeuw,﻿S.J.,,,,,,,1870,﻿,﻿,﻿Cincinnati,Cincinnati
﻿cin.oh.0189_02,﻿college,﻿St. Xavier College,English,,"﻿on Sycamore, between Sixth and Seventh streets",,,,﻿Cincinnati,﻿Cincinnati,﻿OH,,39.10621934,-84.51298692,,,,﻿f_x_weninger_001,﻿Rev.,﻿F. X. Weninger,﻿S.J.,﻿Missioner,,,,,,1870,﻿,﻿,﻿Cincinnati,Cincinnati
﻿cin.oh.0012_02,﻿college,﻿Catholic Gymnasium,English,,"﻿of St. Francist Assisium, on Vine and Liberty Streets",,,,﻿Cincinnati,﻿Cincinnati,﻿OH,﻿OH,39.11304767,-84.51557449,,,,,,,,,,,,﻿conducted by the Franciscan Fathers,,1870,﻿,﻿,﻿Cincinnati,Cincinnati
﻿cin.oh.0191,﻿school,﻿St. Mary's Boarding School,English,,﻿near Dayton,,,,﻿Nazareth,﻿Nazareth,﻿OH,﻿OH,40.4172871,-82.907123,,,,﻿j_n_reinbolt_001,﻿Rev.,﻿J. N. Reinbolt,,﻿Provincial,,,,,,1870,﻿,﻿,﻿Cincinnati,Cincinnati
﻿cin.oh.0191,﻿school,﻿St. Mary's Boarding School,English,,﻿near Dayton,,,,﻿Nazareth,﻿Nazareth,﻿OH,,40.4172871,-82.907123,,,,﻿x_mauclerc_001,﻿Rev.,﻿X. Mauclerc,,,,,,,,1870,﻿,﻿,﻿Cincinnati,Cincinnati
﻿cin.oh.0191,﻿school,﻿St. Mary's Boarding School,English,,﻿near Dayton,,,,﻿Nazareth,﻿Nazareth,﻿OH,,40.4172871,-82.907123,,,,﻿nic_nickels_001,﻿Rev.,﻿Nicholas Nickels,,,,,,,,1870,﻿,﻿,﻿Cincinnati,Cincinnati
﻿cin.oh.0192,﻿institute,﻿Young Ladies' Literary Institute,English,,"﻿on Sixth, between Sycamore and Broadway streets",,,,﻿Cincinnati,﻿Cincinnati,﻿OH,﻿OH,39.10329909,-84.50862043,,,,,﻿Sister,﻿Louise,,﻿Superior,,,,﻿directed by the Sisters of Notre Dame,,1870,﻿,﻿,﻿Cincinnati,Cincinnati
﻿cin.oh.0193,﻿academy,﻿St. Mary's Academy of the Sisters of Notre Dame,English,,﻿S.W. corner of Court and Mound streets,,,,﻿Cincinnati,﻿Cincinnati,﻿OH,﻿OH,39.10531758,-84.52377603,,,,,﻿Sister,﻿M. Honore,,﻿Superior,,,,,,1870,﻿,﻿,﻿Cincinnati,Cincinnati
﻿cin.oh.0194_02,﻿academy,﻿Mt. St. Vincent's Academy,English,,﻿near Cincinnati,,,,﻿Cedar Grove,﻿Cedar Grove,﻿OH,﻿OH,39.11284943,-84.57854411,,,,,﻿Mother,﻿Regina Mattingley,,﻿Superior,,,,﻿Directed by Sisters of Charity,,1870,﻿,﻿,﻿Cincinnati,Cincinnati
﻿cin.oh.0195,﻿academy,﻿Young Ladies' Academy of the Ursuline Nuns,English,,﻿St. Martin's,,﻿Brown County,﻿Brown County,,,﻿OH,﻿OH,39.21419186,-83.89143104,,,,,﻿Sister,﻿Julia Chatfield,﻿of the Assumption,﻿Superior,,,,,,1870,﻿,﻿,﻿Cincinnati,Cincinnati
﻿cin.oh.0196,﻿school,﻿Mt. Notre Dame Young Ladies' Boarding School,English,,﻿near Reading,,,,,,﻿OH,﻿OH,39.22081167,-84.42977667,,,,,﻿Sister,﻿Mary Hyacinth,,﻿Superior,,,,,,1870,﻿,﻿,﻿Cincinnati,Cincinnati
﻿cin.oh.0197,﻿convent,﻿Convent of the Sisters of the Precious Blood,English,,,,﻿Mercer County,﻿Mercer County,﻿Greenwood,﻿Greenwood,﻿OH,﻿OH,40.4003665,-84.55033832,,,,,﻿Sister,﻿Clara,,﻿Superior,,,,,,1870,﻿,﻿,﻿Cincinnati,Cincinnati
﻿cin.oh.0198,﻿convent,﻿Convent of Mariastein,English,,,,﻿Mercer County,﻿Mercer County,,,﻿OH,﻿OH,40.41603841,-84.47565619,,,,,﻿Sister,﻿Cunigunda Wehrle,,﻿Superior,,,,﻿Sisters of the Precious Blood,,1870,﻿,﻿,﻿Cincinnati,Cincinnati
﻿cin.oh.0199,﻿school,﻿St. Joseph's Day and Boarding School,English,,,,,,﻿Dayton,﻿Dayton,﻿OH,﻿OH,39.76181025,-84.1848062,,,,,,,,,,,,﻿Directed by Sisters of Charity,,1870,﻿,﻿,﻿Cincinnati,Cincinnati
﻿cin.oh.0200,﻿school,﻿St. Patrick's Day and Boarding School,English,,,,,,﻿Fayetteville,﻿Fayetteville,﻿OH,﻿OH,39.18528674,-83.93472433,,,,,,,,,,,,﻿Directed by Sisters of Charity,,1870,﻿,﻿,﻿Cincinnati,Cincinnati
﻿cin.oh.0201,﻿school,﻿Boarding School of Visitation,English,,,,﻿Auglaize County,﻿Auglaize County,﻿Minster,﻿Minster,﻿OH,﻿OH,40.39501844,-84.37908552,,,,,﻿Sister,﻿Agatha,,﻿Superior,,,,﻿Directed by the Sisters of the Precious Blood,,1870,﻿,﻿,﻿Cincinnati,Cincinnati
﻿cin.oh.0202,﻿convent,﻿Convent of Himmelgarten,English,,,,﻿Mercer County,﻿Mercer County,,,﻿OH,﻿OH,40.4221696,-84.67229175,,,,,,,,,,,,,,1870,﻿,﻿,﻿Cincinnati,Cincinnati
﻿cin.oh.0203,﻿convent,﻿Convent of the Sisters of the Precious Blood,English,,,,﻿Auglaize County,﻿Auglaize County,﻿Egypt,﻿Egypt,﻿OH,﻿OH,40.38448312,-84.43662551,,,,,,,,,,,,,,1870,﻿,﻿,﻿Cincinnati,Cincinnati
﻿cin.oh.0204,﻿convent,﻿Convent of the Sisters of St. Clare,English,,﻿Third street,,,,﻿Cincinnati,﻿Cincinnati,﻿OH,﻿OH,39.21813922,-84.47824211,,,,,,,,,,,,,,1870,﻿,﻿,﻿Cincinnati,Cincinnati
﻿cin.oh.0205,﻿convent,﻿Convent of the Sisters of Mercy,English,,﻿Fourth street,,,,﻿Cincinnati,﻿Cincinnati,﻿OH,﻿OH,39.10761855,-84.5221764,,,,,,,,,,,,,,1870,﻿,﻿,﻿Cincinnati,Cincinnati
﻿cin.oh.0206,﻿convent,﻿Convent of the Good Shepherd,English,,﻿Bank street,,,,﻿Cincinnati,﻿Cincinnati,﻿OH,﻿OH,39.10302998,-84.51196905,,,,,,,,,,,,,,1870,﻿,﻿,﻿Cincinnati,Cincinnati
﻿cin.oh.0207,﻿convent,﻿Convent of the Little Sisters of the Poor,English,,﻿Baum street,,,,﻿Cincinnati,﻿Cincinnati,﻿OH,﻿OH,39.10570578,-84.50064893,,,,,,,,,,,,,,1870,﻿,﻿,﻿Cincinnati,Cincinnati
﻿cin.oh.0208,﻿school,﻿School of Reform,English,,,,,,,,﻿OH,﻿OH,39.20550576,-84.50432292,,,,,,,,,,,,﻿Conducted by the Sisters of the Good Shepherd,,1870,﻿,﻿,﻿Cincinnati,Cincinnati
﻿cin.oh.0209,﻿house,﻿House of the Guardian Angel,English,"﻿in which 50 to 60 young girls are boarded, lodged, and taught trades by the Sisters of the Good Shepherd",﻿on Congress street,,,,﻿Cincinnati,﻿Cincinnati,﻿OH,﻿OH,39.09650988,-84.50930776,,,,,,,,,,,,﻿taught trades by the Sisters of the Good Shepherd,,1870,﻿,﻿,﻿Cincinnati,Cincinnati
﻿cin.oh.0292,﻿protectory,﻿Protectory for Boys,English,,,,,,,﻿Cincinnati,﻿OH,﻿OH,39.09813997,-84.51709986,,,,,,,,,,,,﻿Directed by the Franciscan Fathers,,1870,﻿,﻿,﻿Cincinnati,Cincinnati
﻿cin.oh.0210,﻿hospital,﻿St. Mary's Hospital,English,,﻿on N.W. corner of Betts and Linn street,,,,﻿Cincinnati,﻿Cincinnati,﻿OH,﻿OH,39.11071571,-84.52738301,,,,,,,,,,,,﻿under the Sisters of St. Francis,,1870,﻿,﻿,﻿Cincinnati,Cincinnati
﻿cin.oh.0211,﻿hospital,﻿Hospital of the Good Samaritan,English,,,,,,,,﻿OH,﻿OH,39.10575489,-84.4969423,,,,,,,,,,,,﻿Under the Sisters of Charity,,1870,﻿,﻿,﻿Cincinnati,Cincinnati
﻿cin.oh.0212,﻿asylum,﻿St. Peter and St. Joseph's Orphan Asylum,English,,,,,,﻿Cumminsville,﻿Cumminsville,﻿OH,﻿OH,39.16193781,-84.54271865,,,,,,,,,,,,﻿Under the Sisters of Charity,,1870,﻿,﻿,﻿Cincinnati,Cincinnati
﻿cin.oh.0213,﻿asylum,﻿St. Aloysius' Orphan Asylum,English,,﻿four miles from Cincinnati,,,,,,﻿OH,﻿OH,39.171622,-84.46921663,,,,,,,,,,,,,,1870,﻿,﻿,﻿Cincinnati,Cincinnati
﻿cin.oh.0001_02,﻿school,﻿St. Peter's Cathedral Schools,English,,,,,,﻿Cincinnati,﻿Cincinnati,﻿OH,﻿OH,39.103509,-84.5195056,,,,,,,,,,﻿child,"﻿14 divisions. av. attendance, 900 child'n",,,1870,﻿,﻿,﻿Cincinnati,Cincinnati
﻿cin.oh.0002_02,﻿school,﻿St. Francis Xavier's Schools,English,,,,,,﻿Cincinnati,﻿Cincinnati,﻿OH,﻿OH,39.1043022,-84.5096122,,,,,,,,,,﻿child,"﻿22 divisions. av. attendance, 2200 child'n",,,1870,﻿,﻿,﻿Cincinnati,Cincinnati
﻿cin.oh.0004_02,﻿school,﻿St. Patrick's Schools,English,,,,,,﻿Cincinnati,﻿Cincinnati,﻿OH,﻿OH,39.1307234,-84.607739,,,,,,,,,,﻿child,"﻿av. attendance, 700 child'n",,,1870,﻿,﻿,﻿Cincinnati,Cincinnati
﻿cin.oh.0005_02,﻿school,﻿Holy Trinity Schools,English,,,,,,﻿Cincinnati,﻿Cincinnati,﻿OH,﻿OH,39.09989682,-84.52362173,,,,,,,,,,﻿child,"﻿av. attendance, 800 child'n",,,1870,﻿,﻿,﻿Cincinnati,Cincinnati
﻿cin.oh.0006_02,﻿school,﻿St. Mary's Schools,English,,,,,,﻿Cincinnati,﻿Cincinnati,﻿OH,﻿OH,39.10957875,-84.51234921,,,,,,,,,,﻿child,"﻿10 divisions. av. attendance, 1100 child'n",,,1870,﻿,﻿,﻿Cincinnati,Cincinnati
﻿cin.oh.0007_02,﻿school,﻿St. John's Schools,English,,,,,,﻿Cincinnati,﻿Cincinnati,﻿OH,﻿OH,39.11420694,-84.51712733,,,,,,,,,,﻿child,"﻿8 divisions. av. attendance, 1000 child'n",,,1870,﻿,﻿,﻿Cincinnati,Cincinnati
﻿cin.oh.0008_02,﻿school,﻿St. Paul's Schools,English,,,,,,﻿Cincinnati,﻿Cincinnati,﻿OH,﻿OH,39.10987111,-84.5067243,,,,,,,,,,﻿child,"﻿10 divisions. av. attendance, 950 child'n",,,1870,﻿,﻿,﻿Cincinnati,Cincinnati
﻿cin.oh.0009_02,﻿school,﻿St. Joseph's Schools,English,,,,,,﻿Cincinnati,﻿Cincinnati,﻿OH,﻿OH,39.10908045,-84.52749562,,,,,,,,,,﻿child,"﻿8 divisions. av. attendance, 820 child'n",,,1870,﻿,﻿,﻿Cincinnati,Cincinnati
﻿cin.oh.0010_02,﻿school,﻿St. Philomena's Schools,English,,,,,,﻿Cincinnati,﻿Cincinnati,﻿OH,﻿OH,39.09650988,-84.50930776,,,,,,,,,,﻿child,"﻿av. attendance, 580 child'n",,,1870,﻿,﻿,﻿Cincinnati,Cincinnati
﻿cin.oh.0011_02,﻿school,﻿St. Augustine's Schools,English,,,,,,﻿Cincinnati,﻿Cincinnati,﻿OH,﻿OH,39.1193011,-84.52999341,,,,,,,,,,﻿child,"﻿9 divisions. av. attendance, 1000 child'n",,,1870,﻿,﻿,﻿Cincinnati,Cincinnati
﻿cin.oh.0012_02,﻿school,﻿St. Francis' Schools,English,,"﻿of St. Francist Assisium, on Vine and Liberty Streets",,,,﻿Cincinnati,﻿Cincinnati,﻿OH,﻿OH,39.11356765,-84.51658099,,,,,,,,,,﻿child,"﻿av. attendance, 1150 child'n",﻿conducted by the Franciscan Fathers,,1870,﻿,﻿,﻿Cincinnati,Cincinnati
﻿cin.oh.0013_02,﻿school,﻿St. Anthony's Schools,English,,,,,,﻿Cincinnati,﻿Cincinnati,﻿OH,﻿OH,39.1029756,-84.5395146,,,,,,,,,,﻿child,"﻿6 divisions. av. attendance, 510 child'n",,,1870,﻿,﻿,﻿Cincinnati,Cincinnati
﻿cin.oh.0014_02,﻿school,﻿St. Edward's Schools,English,,,,,,﻿Cincinnati,﻿Cincinnati,﻿OH,﻿OH,39.1067475,-84.5256825,,,,,,,,,,﻿child,"﻿3 divisions. av. attendance, 700 child'n",,,1870,﻿,﻿,﻿Cincinnati,Cincinnati
﻿cin.oh.0015_02,﻿school,﻿All Saints' Schools,English,,,,,,﻿Cincinnati,﻿Cincinnati,﻿OH,﻿OH,39.1031182,-84.5120196,,,,,,,,,,﻿child,"﻿3 divisions. av. attendance, 200 child'n",,,1870,﻿,﻿,﻿Cincinnati,Cincinnati
﻿cin.oh.0016_02,﻿school,﻿H. Angels' Schools,English,,,,,,﻿Cincinnati,﻿Cincinnati,﻿OH,﻿OH,39.1186935,-84.491934,,,,,,,,,,﻿child,"﻿1 division. av. attendance, 134 child'n",,,1870,﻿,﻿,﻿Cincinnati,Cincinnati
﻿cin.oh.0017_02,﻿school,﻿St. Rose's Schools,English,,,,,,﻿Cincinnati,﻿Cincinnati,﻿OH,﻿OH,39.1237627,-84.461709,,,,,,,,,,﻿child,"﻿1 division. av. attendance, 100 child'n",,,1870,﻿,﻿,﻿Cincinnati,Cincinnati
﻿cin.oh.0018_02,﻿school,﻿St. Ann's Schools,English,,,,,,﻿Cincinnati,﻿Cincinnati,﻿OH,﻿OH,39.10409428,-84.50640422,,,,,,,,,,﻿child,"﻿2 divisions, colored. av. attendance, 100 child'n",,,1870,﻿,﻿,﻿Cincinnati,Cincinnati
﻿cin.oh.0019_02,﻿school,﻿Im. Conception School,English,,,,,,﻿Cincinnati,﻿Cincinnati,﻿OH,﻿OH,39.10713109,-84.49645286,,,,,,,,,,,,,,1870,﻿,﻿,﻿Cincinnati,Cincinnati
﻿cin.oh.0022_02,﻿school,﻿St. George's School,English,,,,,,﻿Cincinnati,﻿Cincinnati,﻿OH,﻿OH,39.12810485,-84.51230699,,,,,,,,,,,,,,1870,﻿,﻿,﻿Cincinnati,Cincinnati
﻿cin.oh.0023_02,﻿school,﻿St. Francis of Sales' Schools,English,,,,,,﻿Cincinnati,﻿Cincinnati,﻿OH,﻿OH,39.12991668,-84.47654069,,,,,,,,,,﻿child,"﻿2 divisions. av. attendance, 140 child'n",,,1870,﻿,﻿,﻿Cincinnati,Cincinnati
﻿cin.oh.0020_02,﻿school,﻿St. Michael's,English,,,,,,﻿Storrs Township,﻿Storrs Township,﻿OH,﻿OH,39.10266649,-84.55169889,,,,,,,,,,﻿child,"﻿3 divisions. av. attendance, 275 child'n",,,1870,﻿,﻿,﻿Cincinnati,Cincinnati
﻿cin.oh.0031_02,﻿school,﻿Our Lady of Victories,English,,,,,,﻿Delhi,﻿Delhi,﻿OH,﻿OH,39.10984303,-84.63362243,,,,,,,,,,﻿child,"﻿1 division. av. attendance, 70 child'n",,,1870,﻿,﻿,﻿Cincinnati,Cincinnati
﻿cin.oh.0021_02,﻿school,﻿St. Bonaventure's,English,,,,,,﻿Fairmount,﻿Fairmount,﻿OH,﻿OH,39.12624719,-84.55796213,,,,,,,,,,﻿child,"﻿1 division. av. attendance, 80 child'n",,,1870,﻿,﻿,﻿Cincinnati,Cincinnati
﻿cin.oh.0035_02,﻿school,﻿St. Mary's,English,,,,,,﻿Mt. Healthy,﻿Mt. Healthy,﻿OH,﻿OH,39.23277066,-84.54196487,,,,,,,,,,﻿child,"﻿1 division. av. attendance, 70 child'n",,,1870,﻿,﻿,﻿Cincinnati,Cincinnati
﻿cin.oh.0033_02,﻿school,﻿Sts. Peter and Paul's,English,,,,,,﻿Reading,﻿Reading,﻿OH,﻿OH,39.22597934,-84.44606062,,,,,,,,,,﻿child,"﻿4 divisions. av. attendance, 255 child'n",,,1870,﻿,﻿,﻿Cincinnati,Cincinnati
﻿cin.oh.0036_02,﻿school,﻿St. Bernard's,English,,,,,,﻿Taylor's Creek,﻿Taylor's Creek,﻿OH,﻿OH,39.21375064,-84.67536229,,,,,,,,,,﻿child,"﻿1 division. av. attendance, 60 child'n",,,1870,﻿,﻿,﻿Cincinnati,Cincinnati
﻿cin.oh.0037_02,﻿school,﻿St. Aloysius's,English,,,,,,﻿Bridgetown,﻿Bridgetown,﻿OH,﻿OH,39.15950365,-84.62343706,,,,,,,,,,﻿child,"﻿1 division. av. attendance, 50 child'n",,,1870,﻿,﻿,﻿Cincinnati,Cincinnati
﻿cin.oh.0029_02,﻿school,﻿St. James',English,,,,,,﻿Mt. Airy,﻿Mt. Airy,﻿OH,﻿OH,39.20513096,-84.60167885,,,,,,,,,,﻿child,"﻿2 divisions. av. attendance, 100 child'n",,,1870,﻿,﻿,﻿Cincinnati,Cincinnati
﻿cin.oh.0026_02,﻿school,﻿St. Clement's,English,,,,,,﻿St. Bernard,﻿St. Bernard,﻿OH,﻿OH,39.16598759,-84.50026739,,,,,,,,,,﻿child,"﻿1 division. av. attendance, 100 child'n",,,1870,﻿,﻿,﻿Cincinnati,Cincinnati
﻿cin.oh.0177_02,﻿school,﻿St. Joseph's,English,,,,,,﻿Wapakoneta,﻿Wapakoneta,﻿OH,﻿OH,40.5678265,-84.1935594,,,,,,,,,,﻿child,"﻿1 division. av. attendance, 120 child'n",,,1870,﻿,﻿,﻿Cincinnati,Cincinnati
﻿cin.oh.0140_02,﻿school,﻿St. Mary's,English,,,,,,﻿Piqua,﻿Piqua,﻿OH,﻿OH,40.15135497,-84.24574612,,,,,,,,,,﻿child,"﻿1 division. av. attendance, 90 child'n",,,1870,﻿,﻿,﻿Cincinnati,Cincinnati
﻿cin.oh.0173_02,﻿school,﻿St. Patrick's,English,,,,,,﻿Troy,﻿Troy,﻿OH,﻿OH,40.03827782,-84.19901758,,,,,,,,,,﻿child,"﻿1 division. av. attendance, 30 child'n",,,1870,﻿,﻿,﻿Cincinnati,Cincinnati
﻿cin.oh.0171_02,﻿school,﻿St. John's,English,,,,,,﻿Tippecanoe,﻿Tipp City,﻿OH,﻿OH,39.95114348,-84.17609059,,,,,,,,,,﻿child,"﻿1 division. av. attendance, 25 child'n",,,1870,﻿,﻿,﻿Cincinnati,Cincinnati
﻿cin.oh.0111_02,﻿school,﻿St. Michael's,English,,,,,,﻿Madisonville,﻿Madisonville,﻿OH,﻿OH,39.1606159,-84.3931327,,,,,,,,,,﻿child,"﻿1 division. av. attendance, 45 child'n",,,1870,﻿,﻿,﻿Cincinnati,Cincinnati
﻿cin.oh.0151_02,﻿school,﻿H. Angels',English,,,,,,﻿Sidney,﻿Sidney,﻿OH,﻿OH,40.28232534,-84.1552737,,,,,,,,,,﻿child,"﻿2 divisions. av. attendance, 130 child'n",,,1870,﻿,﻿,﻿Cincinnati,Cincinnati
﻿cin.oh.0174_02,﻿school,﻿St. Mary's,English,,,,,,﻿Urbana,﻿Urbana,﻿OH,﻿OH,40.11218152,-83.74983332,,,,,,,,,,﻿child,"﻿1 division. av. attendance, 175 child'n",,,1870,﻿,﻿,﻿Cincinnati,Cincinnati
﻿cin.oh.0070_02,﻿school,﻿St. Peter's,English,,,,,,﻿Chillicothe,﻿Chillicothe,﻿OH,﻿OH,,-82.9909842,,,,,,,,,,﻿child,"﻿4 divisions. av. attendance, 492 child'n",,,1870,﻿,﻿,﻿Cincinnati,Cincinnati
﻿cin.oh.0119_02,﻿school,﻿St. Andrew's,English,,,,,,﻿Milford,﻿Milford,﻿OH,﻿OH,39.1753377,-84.2943821,,,,,,,,,,﻿child,"﻿1 division. av. attendance, 40 child'n",,,1870,﻿,﻿,﻿Cincinnati,Cincinnati
﻿cin.oh.0109_02,﻿school,﻿St. —,English,,,,,,﻿Loveland,﻿Loveland,﻿OH,﻿OH,39.2689476,-84.263826,,,,,,,,,,﻿child,"﻿1 division. av. attendance, 30 child'n",,,1870,﻿,﻿,﻿Cincinnati,Cincinnati
﻿cin.oh.0098_02,﻿school,﻿St. Mary's,English,,,,,,﻿Hillsboro,﻿Hillsboro,﻿OH,﻿OH,39.2022866,-83.611587,,,,,,,,,,﻿child,"﻿1 division. av. attendance, 80 child'n",,,1870,﻿,﻿,﻿Cincinnati,Cincinnati
﻿cin.oh.0092_02,﻿school,﻿St. Bineen's,English,,,,,,﻿Greenfield,﻿Greenfield,﻿OH,﻿OH,39.3520084,-83.3826928,,,,,,,,,,﻿child,"﻿1 division. av. attendance, 50 child'n",,,1870,﻿,﻿,﻿Cincinnati,Cincinnati
﻿cin.oh.0107_02,﻿school,﻿St. Patrick's,English,,,,,,﻿London,﻿London,﻿OH,﻿OH,39.8857078,-83.4463708,,,,,,,,,,﻿child,"﻿1 division. av. attendance, 80 child'n",,,1870,﻿,﻿,﻿Cincinnati,Cincinnati
﻿cin.oh.0141_02,﻿school,﻿St. Boniface's,English,,,,,,﻿Piqua,﻿Piqua,﻿OH,﻿OH,40.1447732,-84.2424449,,,,,,,,,,﻿child,"﻿2 divisions. av. attendance, 190 child'n",,,1870,﻿,﻿,﻿Cincinnati,Cincinnati
﻿cin.oh.0075_02,﻿school,﻿St. Emmanuel's,English,,,,,,﻿Dayton,﻿Dayton,﻿OH,﻿OH,39.7589478,-84.1916069,,,,,,,,,,﻿child,"﻿5 divisions. av. attendance, 500 child'n",,,1870,﻿,﻿,﻿Cincinnati,Cincinnati
﻿cin.oh.0258,﻿school,not recorded,English,,,,,,﻿Fairfield,,﻿OH,﻿OH,39.3454673,-84.5603187,,,,,,,,,,﻿child,"﻿1 division. av. attendance, 60 child'n",,,1870,﻿,﻿,﻿Cincinnati,Cincinnati
﻿cin.oh.0077_02,﻿school,﻿H. Trinity,English,,,,,,﻿Dayton,﻿Dayton,﻿OH,﻿OH,39.7589478,-84.1916069,,,,,,,,,,﻿child,"﻿4 divisions. av. attendance, 400 child'n",,,1870,﻿,﻿,﻿Cincinnati,Cincinnati
﻿cin.oh.0131_02,﻿school,﻿St. Peter's,English,,,,,,﻿New Richmond,﻿New Richmond,﻿OH,﻿OH,38.9486757,-84.2799366,,,,,,,,,,﻿child,"﻿1 division. av. attendance, 65 child'n",,,1870,﻿,﻿,﻿Cincinnati,Cincinnati
﻿cin.oh.0056_02,﻿school,﻿St. Michael's,English,,,,,,﻿Berlin,﻿Berlin,﻿OH,﻿OH,40.3514368,-84.3738386,,,,,,,,,,﻿child,"﻿2 divisions. av. attendance, 190 child'n",,,1870,﻿,﻿,﻿Cincinnati,Cincinnati
﻿cin.oh.0096_02,﻿school,﻿St. Joseph's,English,,,,,,﻿Hamilton,﻿Hamilton,﻿OH,﻿OH,39.39095005,-84.56539057,,,,,,,,,,﻿child,"﻿2 divisions. av. attendance, 260 child'n",,,1870,﻿,﻿,﻿Cincinnati,Cincinnati
﻿cin.oh.0095_02,﻿school,﻿St. Mary's,English,,,,,,﻿Hamilton,﻿Hamilton,﻿OH,﻿OH,39.3995008,-84.5613355,,,,,,,,,,﻿child,"﻿1 division. av. attendance, 100 child'n",,,1870,﻿,﻿,﻿Cincinnati,Cincinnati
﻿cin.oh.0170_02,﻿school,﻿St. Martin's,English,,,,﻿Brown County,﻿Brown County,,,﻿OH,﻿OH,39.21240901,-83.8931616,,,,,,,,,,﻿child,"﻿1 division. av. attendance, 40 child'n",,,1870,﻿,﻿,﻿Cincinnati,Cincinnati
﻿cin.oh.0078_02,﻿school,﻿St. Mary's,English,,,,,,﻿Dayton,﻿Dayton,﻿OH,﻿OH,39.7589478,-84.1916069,,,,,,,,,,﻿child,"﻿1 division. av. attendance, 90 child'n",,,1870,﻿,﻿,﻿Cincinnati,Cincinnati
﻿cin.oh.0034_02,﻿school,﻿St. Gabriel's,English,,,,,,﻿Glendale,﻿Glendale,﻿OH,﻿OH,39.27332771,-84.46995092,,,,,,,,,,﻿child,"﻿4 divisions. av. attendance, 200 child'n",,,1870,﻿,﻿,﻿Cincinnati,Cincinnati
﻿cin.oh.0063_02,﻿school,﻿St. Mary's,English,,,,﻿Mercer County,﻿Mercer County,,﻿Coldwater,﻿OH,﻿OH,40.452964,-84.656798,,,,,,,,,,﻿child,"﻿1 division. av. attendance, 40 child'n",,,1870,﻿,﻿,﻿Cincinnati,Cincinnati
﻿cin.oh.0065_02,﻿school,﻿St. Aloysius',English,,,,﻿Mercer County,﻿Mercer County,,﻿Carthagena,﻿OH,﻿OH,40.4378453,-84.5621823,,,,,,,,,,﻿child,"﻿1 division. av. attendance, 20 child'n",,,1870,﻿,﻿,﻿Cincinnati,Cincinnati
﻿cin.oh.0139_02,﻿school,﻿St. Mary's,English,,,,﻿Mercer County,﻿Mercer County,﻿Philothea,﻿Philothea,﻿OH,﻿OH,40.4516676,-84.6544515,,,,,,,,,,﻿child,"﻿1 division. av. attendance, 46 child'n",,,1870,﻿,﻿,﻿Cincinnati,Cincinnati
﻿cin.oh.0090_02,﻿school,﻿St. John's,English,,,,,,﻿Fryburgh,﻿Fryburgh,﻿OH,﻿OH,40.5559077,-84.0836642,,,,,,,,,,﻿child,"﻿1 division. av. attendance, 70 child'n",,,1870,﻿,﻿,﻿Cincinnati,Cincinnati
﻿cin.oh.0146_02,﻿school,﻿St. Lawrence's,English,,,,,,﻿Rhine,﻿Rhine,﻿OH,﻿OH,40.46976103,-84.12391448,,,,,,,,,,﻿child,"﻿1 division. av. attendance, 50 child'n",,,1870,﻿,﻿,﻿Cincinnati,Cincinnati
﻿cin.oh.0080_02,﻿school,﻿S. Heart,English,,,,,,﻿Dinsmore,﻿Dinsmore,﻿OH,﻿OH,40.4172871,-82.907123,,,,,,,,,,﻿child,"﻿1 division. av. attendance, 40 child'n",,,1870,﻿,﻿,﻿Cincinnati,Cincinnati
﻿cin.oh.0067_02,﻿school,﻿St. Mary's,English,,,,,,﻿Celina,﻿Celina,﻿OH,﻿OH,40.5489358,-84.5702338,,,,,,,,,,﻿child,"﻿1 division. av. attendance, 30 child'n",,,1870,﻿,﻿,﻿Cincinnati,Cincinnati
﻿cin.oh.0153_02,﻿school,﻿St. Raphael's,English,,,,,,﻿Springfield,﻿Springfield,﻿OH,﻿OH,39.9228962,-83.806463,,,,,,,,,,﻿child,"﻿2 divisions. av. attendance, 250 child'n",,,1870,﻿,﻿,﻿Cincinnati,Cincinnati
﻿cin.oh.0028_02,﻿school,﻿St. Boniface's,English,,,,,,﻿Cumminsville,﻿Cumminsville,﻿OH,﻿OH,39.16093257,-84.54465306,,,,,,,,,,﻿child,"﻿2 divisions. av. attendance, 155 child'n",,,1870,﻿,﻿,﻿Cincinnati,Cincinnati
﻿cin.oh.0076_02,﻿school,﻿St. Joseph's,English,,,,,,﻿Dayton,﻿Dayton,﻿OH,﻿OH,39.7589478,-84.1916069,,,,,,,,,,﻿child,"﻿3 divisions. av. attendance, 330 child'n",,,1870,﻿,﻿,﻿Cincinnati,Cincinnati
﻿cin.oh.0161_02,﻿school,﻿St. Joseph's,English,,,,﻿Mercer County,﻿Mercer County,,,﻿OH,﻿OH,40.42843203,-84.738673,,,,,,,,,,﻿child,"﻿1 division. av. attendance, 50 child'n",,,1870,﻿,﻿,﻿Cincinnati,Cincinnati
﻿cin.oh.0150_02,﻿school,﻿St. Paul's,English,,,,﻿Mercer County,﻿Mercer County,,﻿Fort Recovery,﻿OH,﻿OH,40.367753,-84.709733,,,,,,,,,,﻿child,"﻿1 division. av. attendance, 35 child'n",,,1870,﻿,﻿,﻿Cincinnati,Cincinnati
﻿cin.oh.0163_02,﻿school,﻿St. Rose's,English,,,,﻿Mercer County,﻿Mercer County,,,﻿OH,﻿OH,40.40633913,-84.51526807,,,,,,,,,,﻿child,"﻿1 division. av. attendance, 40 child'n",,,1870,﻿,﻿,﻿Cincinnati,Cincinnati
﻿cin.oh.0158_02,﻿school,﻿St. Francis',English,,,,﻿Mercer County,﻿Mercer County,,,﻿OH,﻿OH,40.39323589,-84.58165048,,,,,,,,,,﻿child,"﻿1 division. av. attendance, 40 child'n",,,1870,﻿,﻿,﻿Cincinnati,Cincinnati
﻿cin.oh.0157_02,﻿school,﻿St. Anthony's,English,,,,﻿Mercer County,﻿Mercer County,,,﻿OH,﻿OH,40.50893784,-84.78525098,,,,,,,,,,﻿child,"﻿1 division. av. attendance, 40 child'n",,,1870,﻿,﻿,﻿Cincinnati,Cincinnati
﻿cin.oh.0162_02,﻿school,﻿St. Peter's,English,,,,﻿Mercer County,﻿Mercer County,,,﻿OH,﻿OH,40.45093021,-84.74661681,,,,,,,,,,﻿child,"﻿1 division. av. attendance, 30 child'n",,,1870,﻿,﻿,﻿Cincinnati,Cincinnati
﻿cin.oh.0159_02,﻿school,﻿St. Henry's,English,,,,﻿Mercer County,﻿Mercer County,,﻿St. Henry,﻿OH,﻿OH,40.41758982,-84.63753219,,,,,,,,,,﻿child,"﻿2 divisions. av. attendance, 150 child'n",,,1870,﻿,﻿,﻿Cincinnati,Cincinnati
﻿cin.oh.0165_02,﻿school,﻿St. Wendelin's,English,,,,﻿Mercer County,﻿Mercer County,,,﻿OH,﻿OH,40.39901558,-84.69004224,,,,,,,,,,﻿child,"﻿1 division. av. attendance, 40 child'n",,,1870,﻿,﻿,﻿Cincinnati,Cincinnati
﻿cin.oh.0160_02,﻿school,﻿St. John's,English,,,,﻿Mercer County,﻿Mercer County,,,﻿OH,﻿OH,40.40818114,-84.47356079,,,,,,,,,,﻿child,"﻿1 division. av. attendance, 50 child'n",,,1870,﻿,﻿,﻿Cincinnati,Cincinnati
﻿cin.oh.0082_02,﻿school,﻿St. Egypt,English,,,,﻿Mercer County,﻿Auglaize County,,﻿Egypt,﻿OH,﻿OH,40.384722,-84.434444,,,,,,,,,,﻿child,"﻿2 divisions. av. attendance, 90 child'n",,,1870,﻿,﻿,﻿Cincinnati,Cincinnati
﻿cin.oh.0121_02,﻿school,﻿St. Augustine's,English,,,,﻿Mercer County,﻿Auglaize County,﻿Minster,﻿Minster,﻿OH,﻿OH,40.3931033,-84.3760612,,,,,,,,,,﻿child,"﻿4 divisions. av. attendance, 400 child'n",,,1870,﻿,﻿,﻿Cincinnati,Cincinnati
﻿cin.oh.0288,﻿school,﻿St. Joseph's,English,,,,,,﻿Hamilton,﻿Hamilton,﻿OH,﻿OH,39.39095005,-84.56539057,,,,,,,,,,﻿child,"﻿2 divisions. av. attendance, 220 child'n",,,1870,﻿,﻿,﻿Cincinnati,Cincinnati
﻿cin.oh.0027_02,﻿school,﻿St. Aloysius',English,,,,,,﻿Cumminsville,﻿Cumminsville,﻿OH,﻿OH,39.16129095,-84.54349556,,,,,,,,,,﻿child,"﻿2 divisions. av. attendance, 200 child'n",,,1870,﻿,﻿,﻿Cincinnati,Cincinnati
﻿cin.oh.0117_02,﻿school,﻿H. Trinity,English,,,,,,﻿Middletown,﻿Middletown,﻿OH,﻿OH,39.5150576,-84.3982763,,,,,,,,,,﻿child,"﻿1 division. av. attendance, 75 child'n",,,1870,﻿,﻿,﻿Cincinnati,Cincinnati
﻿cin.oh.0055_02,﻿school,﻿St. Patrick's,English,,,,,,﻿Bellefontaine,﻿Bellefontaine,﻿OH,﻿OH,40.3611643,-83.7596557,,,,,,,,,,﻿child,"﻿1 division. av. attendance, 105 child'n",,,1870,﻿,﻿,﻿Cincinnati,Cincinnati
