instID,church_type,instName,language,instNote,placeName,region,county_orig,county_reg,city_orig,city_reg,state_orig,state_reg,latitude,longitude,attendingInstID,attendingChurch,attendingChurchFrequency,persID,persTitle,persName,persSuffix,persRole,persNote,memberType,member,affiliated,order,year,attendingPersID,attendingChurchNote,diocese,diocese_reg
﻿erie.pa.0001,﻿cathedral,﻿St. Patrick's,English,,﻿Fourth street,,﻿Erie County,﻿Erie County,﻿Erie,﻿Erie,﻿PA,,42.13266597,-80.08374514,,,,﻿tho_a_casey_001,﻿Rev.,﻿Thos. A. Casey,,﻿Rector,,,,,,1870,﻿,﻿,﻿Erie,Erie
﻿erie.pa.0001,﻿cathedral,﻿St. Patrick's,English,,﻿Fourth street,,﻿Erie County,﻿Erie County,﻿Erie,﻿Erie,﻿PA,,42.13266597,-80.08374514,,,,﻿jam_a_mccabe_001,﻿Rev.,﻿James A. McCabe,,﻿Assistant,,,,,,1870,﻿,﻿,﻿Erie,Erie
﻿erie.pa.0002,﻿church,﻿St. Mary's,English,,﻿Ninth street,,﻿Erie County,﻿Erie County,﻿Erie,﻿Erie,﻿PA,,42.1288429,-80.0761177,,,,﻿mei_jeggle_001,﻿Rev.,﻿Meinrad Jeggle,﻿O.S.B.,﻿Prior,,,,,,1870,﻿,﻿,﻿Erie,Erie
﻿erie.pa.0002,﻿church,﻿St. Mary's,English,,﻿Ninth street,,﻿Erie County,﻿Erie County,﻿Erie,﻿Erie,﻿PA,,42.1288429,-80.0761177,,,,﻿ath_hintenach_001,﻿Rev.,﻿Athanasius Hintenach,﻿O.S.B.,,,,,,,1870,﻿,﻿,﻿Erie,Erie
﻿erie.pa.0003,﻿church,﻿St. Joseph's,English,,﻿Federal Hill,,﻿Erie County,﻿Erie County,﻿Erie,﻿Erie,﻿PA,,42.11240463,-80.0773457,,,,﻿joh_b_kuehn_001,﻿Rev.,﻿John Bl. Kuehn,,,,,,,,1870,﻿,﻿,﻿Erie,Erie
﻿erie.pa.0004,﻿church,not recorded,English,,,,﻿Crawford County,﻿Crawford County,﻿Adamsville,﻿Adamsville,﻿PA,,41.5111646,-80.3697888,﻿erie.pa.0091,﻿attended from Meadville,,,,,,,,,,,,1870,﻿,﻿,﻿Erie,Erie
﻿erie.pa.0005,﻿church,not recorded,English,,,,﻿Erie County,﻿Erie County,﻿Albion,﻿Albion,﻿PA,,41.8906112,-80.3664542,﻿erie.pa.0012,﻿attended from Linesville,,,,,,,,,,,,1870,﻿,﻿,﻿Erie,Erie
﻿erie.pa.0006,﻿church,not recorded,English,,,,﻿McKean County,﻿McKean County,﻿Alton,﻿Lafayette Township,﻿PA,,41.8142218,-78.6795836,﻿erie.pa.0053,﻿attended from Newel Creek,,,,,,,,,,,,1870,﻿,﻿,﻿Erie,Erie
﻿erie.pa.0007,﻿church,﻿St. Boniface,English,,,,﻿Erie County,﻿Erie County,﻿Beechwood,﻿Erie,﻿PA,,42.1292241,-80.085059,,,,﻿joh_vollmeyer_001,﻿Rev.,﻿John Vollmeyer,,,﻿Green Township P.O.,,,,,1870,﻿,﻿,﻿Erie,Erie
﻿erie.pa.0008,﻿church,not recorded,English,,,,﻿McKean County,﻿McKean County,﻿Bradford,﻿Bradford,﻿PA,,41.9564953,-78.649163,﻿erie.pa.0053,﻿attended from Newel Creek,,,,,,,,,,,,1870,﻿,﻿,﻿Erie,Erie
﻿erie.pa.0009,﻿church,﻿Immaculate Conception,English,,,,﻿Jefferson County,﻿Jefferson County,﻿Brookville,﻿Brookville,﻿PA,,41.1611746,-79.0830924,,,,﻿jos_stumpe_001,﻿Rev.,﻿Joseph Stumpe,,﻿Pastor,,,,,,1870,﻿,﻿,﻿Erie,Erie
﻿erie.pa.0009,﻿church,﻿Immaculate Conception,English,,,,﻿Jefferson County,﻿Jefferson County,﻿Brookville,﻿Brookville,﻿PA,,41.1611746,-79.0830924,,,,﻿her_c_wienker_001,﻿Rev.,﻿Herman C. Wienker,,﻿Assistant,,,,,,1870,﻿,﻿,﻿Erie,Erie
﻿erie.pa.0010,﻿church,not recorded,English,,,,﻿Crawford County,﻿Crawford County,﻿Cambridge,﻿Cambridge Springs,﻿PA,,41.8036675,-80.0564443,﻿erie.pa.0091,﻿attended from Meadville,,,,,,,,,,,,1870,﻿,﻿,﻿Erie,Erie
﻿erie.pa.0011,﻿church,﻿Immaculate Heart of Mary,English,,,,﻿Crawford County,﻿Crawford County,﻿Centreville,﻿Centerville,﻿PA,,41.7361695,-79.7631081,﻿erie.pa.0076,﻿attended from Titusville,,,,,,,,,,,,1870,﻿,﻿,﻿Erie,Erie
﻿erie.pa.0012,﻿church,﻿St. Boniface,English,,,,﻿Elk County,﻿Elk County,﻿Centreville,﻿Kersey,﻿PA,,41.3615046,-78.6012667,,,,﻿m_a_werzfeld_001,﻿Rev.,﻿M. A. M. Werzfeld,,,﻿Kersey P.O,,,,,1870,﻿,﻿,﻿Erie,Erie
﻿erie.pa.0013,﻿church,﻿Immaculate Conception,English,,,,﻿Clarion County,﻿Clarion County,﻿Clarion,﻿Clarion,﻿PA,,41.2133846,-79.3812441,﻿erie.pa.0079,﻿attended from Vogelbacher,,,,,,,,,,,,1870,﻿,﻿,﻿Erie,Erie
﻿erie.pa.0014,﻿church,not recorded,English,,,,﻿Mercer County,﻿Mercer County,﻿Clarksville,﻿Clark,﻿PA,,41.2861669,-80.4275684,﻿erie.pa.0038,﻿attended from Greensville,,,,,,,,,,,,1870,﻿,﻿,﻿Erie,Erie
﻿erie.pa.0015,﻿church,﻿St. Francis,English,,,,﻿Clearfield County,﻿Clearfield County,﻿Clearfield,﻿Clearfield,﻿PA,,41.019033,-78.439106,,,,﻿kie_obranigan_001,﻿Rev.,﻿Kiernan O'Branigan,,,,,,,,1870,﻿,﻿,﻿Erie,Erie
﻿erie.pa.0016,﻿church,not recorded,English,,,,﻿Crawford County,﻿Crawford County,﻿Cochranton,﻿Cochranton,﻿PA,,41.5200534,-80.0483929,﻿erie.pa.0053,﻿attended from Meadville,,,,,,,,,,,,1870,﻿,﻿,﻿Erie,Erie
﻿erie.pa.0142,﻿church,not recorded,English,,,,﻿Warren County,﻿Warren County,﻿Columbus,﻿Columbus,﻿PA,,41.9407183,-79.5817788,﻿erie.pa.0020,﻿attended from Corry,,,,,,,,,,,,1870,﻿,﻿,﻿Erie,Erie
﻿erie.pa.0018,﻿church,not recorded,English,,,,﻿Erie County,﻿Erie County,﻿Concord,﻿Concord Township,﻿PA,,42.0521954,-80.1875065,﻿erie.pa.0078,﻿attended from Union,,,,,,,,,,,,1870,﻿,﻿,﻿Erie,Erie
﻿erie.pa.0019,﻿church,﻿St. Peter's,English,,,,﻿Crawford County,﻿Crawford County,﻿Conneautville,﻿Conneautville,﻿PA,,41.757833,-80.3678424,﻿erie.pa.0012,﻿attended from Linesville,,,,,,,,,,,,1870,﻿,﻿,﻿Erie,Erie
﻿erie.pa.0020,﻿church,﻿St. Thomas,English,,,,﻿Erie County,﻿Erie County,﻿Corry,﻿Corry,﻿PA,,41.9203337,-79.6403287,,,,﻿tho_lonergan_001,﻿Rev.,﻿Thos. Lonergan,,﻿Pastor,,,,,,1870,﻿,﻿,﻿Erie,Erie
﻿erie.pa.0020,﻿church,﻿St. Thomas,English,,,,﻿Erie County,﻿Erie County,﻿Corry,﻿Corry,﻿PA,,41.9203337,-79.6403287,,,,﻿jos_m_dunn_001,﻿Rev.,﻿Joseph M. Dunn,,﻿Assistant,,,,,,1870,﻿,﻿,﻿Erie,Erie
﻿erie.pa.0021,﻿church,not recorded,English,,,,﻿Jefferson County,﻿Jefferson County,﻿Corsica,﻿Corsica,﻿PA,,41.1811753,-79.2022618,﻿erie.pa.0009,﻿attended from Brookville,,,,,,,,,,,,1870,﻿,﻿,﻿Erie,Erie
﻿erie.pa.0022,﻿church,not recorded,English,,,,﻿Venango County,﻿Venango County,﻿Cranberry,﻿Cranberry Township,﻿PA,,41.3896611,-79.8296743,﻿erie.pa.0029,﻿attended from Franklin,,,,,,,,,,,,1870,﻿,﻿,﻿Erie,Erie
﻿erie.pa.0023,﻿church,﻿St. Philip,English,,,,﻿Crawford County,﻿Crawford County,﻿Crossingville,﻿Crossingville,﻿PA,,41.8297778,-80.2389489,,,,﻿j_q_adams_001,﻿Rev.,﻿J. Q. Adams,,,,,,,,1870,﻿,﻿,﻿Erie,Erie
﻿erie.pa.0024,﻿church,not recorded,English,,,,﻿Cameron County,﻿Cameron County,﻿Driftwood,﻿Driftwood,﻿PA,,41.3397846,-78.134172,﻿erie.pa.0065,"﻿attended from St. Mary's, Elk Co.",,,,,,,,,,,,1870,﻿,﻿,﻿Erie,Erie
﻿erie.pa.0025,﻿church,not recorded,English,,,,﻿Venango County,﻿Venango County,﻿Eagle Rock,﻿Oil City,﻿PA,,41.4339484,-79.7064413,﻿erie.pa.0055,﻿attended from Oil City,,,,,,,,,,,,1870,﻿,﻿,﻿Erie,Erie
﻿erie.pa.0026,﻿church,not recorded,English,,,,﻿Venango County,﻿Venango County,﻿Emlenton,﻿Emlenton,﻿PA,,41.1772836,-79.7078274,﻿erie.pa.0079,﻿attended from Vogelbacher,,,,,,,,,,,,1870,﻿,﻿,﻿Erie,Erie
﻿erie.pa.0027,﻿church,not recorded,English,,,,﻿Cameron County,﻿Cameron County,﻿Emporium,﻿Emporium,﻿PA,,41.5114521,-78.2352872,﻿erie.pa.0065,"﻿attended from St. Mary's, Elk Co.",,,,,,,,,,,,1870,﻿,﻿,﻿Erie,Erie
﻿erie.pa.0028,﻿church,﻿St. Dominic,English,,,,﻿Clarion County,﻿Jefferson County,﻿Fiscus,﻿Sigel,﻿PA,,41.2748782,-79.1131619,﻿erie.pa.0009,﻿attended from Brookville,,,,,,,,,,,,1870,﻿,﻿,﻿Erie,Erie
﻿erie.pa.0029,﻿church,﻿St. Mark's,English,,,,﻿Venango County,﻿Venango County,﻿Franklin,﻿Franklin,﻿PA,,41.3978358,-79.8314437,,,,﻿tho_carrol_001,﻿Rev.,﻿Thomas Carrol,,,,,,,,1870,﻿,﻿,﻿Erie,Erie
﻿erie.pa.0030,﻿church,﻿St. Hippolytus,English,,﻿P.O. Meadville,,﻿Crawford County,﻿Crawford County,﻿Frenchtown,﻿Frenchtown,﻿PA,,41.6414438,-80.1514484,,,,﻿eug_cognerville_001,﻿Rev.,﻿Eugene Cogneville,,,,,,,,1870,﻿,﻿,﻿Erie,Erie
﻿erie.pa.0031,﻿church,﻿SS. Peter and Paul,English,,﻿P.O. Meadville,,﻿Crawford County,﻿Crawford County,﻿Frenchtown,﻿Frenchtown,﻿PA,,41.6414438,-80.1514484,,,,﻿eug_cognerville_001,﻿Rev.,﻿Eugene Cogneville,,,,,,,,1870,﻿,﻿,﻿Erie,Erie
﻿erie.pa.0032,﻿church,﻿St. Mary's,English,,,,﻿Clearfield County,﻿Clearfield County,﻿Frenchville,﻿Frenchville,﻿PA,,41.1047806,-78.2200114,,,,﻿joh_berbigier_001,﻿Rev.,﻿John Berbigier,,,﻿Leconte's Mills P.O.,,,,,1870,﻿,﻿,﻿Erie,Erie
﻿erie.pa.0033,﻿church,﻿St. Michael's,English,,,,﻿Clarion County,﻿Clarion County,﻿Freyburgh,﻿Fryburg,﻿PA,,41.3536732,-79.4381013,,,,﻿a_skopez_001,﻿Rev.,﻿A. Skopez,,,,,,,,1870,﻿,﻿,﻿Erie,Erie
﻿erie.pa.0034,﻿church,not recorded,English,,,,﻿Warren County,﻿Warren County,﻿Garland,﻿Garland,﻿PA,,41.8161696,-79.4439386,﻿erie.pa.0104,﻿attended from Corry,,,,,,,,,,,,1870,﻿,﻿,﻿Erie,Erie
﻿erie.pa.0035,﻿church,﻿St. Mary's,English,,,,﻿Potter County,﻿Potter County,﻿Genesee Township,﻿Genesee Township,﻿PA,,41.99018533,-77.86841788,,,,﻿wm_pugh_001,﻿Rev.,﻿Wm. Pugh,,,"﻿Shongo P.O., Alleghany Co., N.Y.",,,,,1870,﻿,﻿,﻿Erie,Erie
﻿erie.pa.0036,﻿church,﻿St. John's,English,,,,﻿Erie County,﻿Erie County,﻿Girard,﻿Girard,﻿PA,,42.0003337,-80.3181193,﻿erie.pa.0007,﻿attended from Beechwood,,,,,,,,,,,,1870,﻿,﻿,﻿Erie,Erie
﻿erie.pa.0037,﻿church,﻿St. Bonaventure,English,,,,﻿Clearfield County,﻿Clearfield County,﻿Grampian Hills,﻿Grampian,﻿PA,,40.966367,-78.616332,﻿erie.pa.0015,﻿attended from Clearfield,,,,,,,,,,,,1870,﻿,﻿,﻿Erie,Erie
﻿erie.pa.0038,﻿church,﻿St. Michael's,English,,,,﻿Mercer County,﻿Mercer County,﻿Greenville,﻿Greenville,﻿PA,,41.404499,-80.3911785,,,,﻿tho_tracy_001,﻿Rev.,﻿Thomas Tracy,,,,,,,,1870,﻿,﻿,﻿Erie,Erie
﻿erie.pa.0039,﻿church,not recorded,English,,,,﻿Clarion County,﻿Clarion County,﻿Henni Settlement,,﻿PA,,41.1982095,-79.4703885,﻿erie.pa.0033,﻿attended from Freyburgh,,,,,,,,,,,,1870,﻿,﻿,﻿Erie,Erie
﻿erie.pa.0040,﻿church,﻿St. Rose of Lima,English,,,,﻿Mercer County,﻿Mercer County,﻿Hermitage,﻿Hermitage,﻿PA,,41.24570636,-80.45731846,,,,﻿fj_hartman_001,﻿Rev.,﻿F.J. Hartman,,,,,,,,1870,﻿,﻿,﻿Erie,Erie
﻿erie.pa.0041,﻿church,﻿St. Bartholomew's,English,,,,﻿Warren County,﻿Warren County,﻿Irvineton,﻿Irvine,﻿PA,,41.839885,-79.2681029,﻿erie.pa.0080,﻿attended from Warren,,,,,,,,,,,,1870,﻿,﻿,﻿Erie,Erie
﻿erie.pa.0042,﻿church,﻿St. Matthew's,English,,,,﻿Erie County,﻿Erie County,﻿Jackson,﻿Summit Township,﻿PA,,42.0298052,-80.0423151,﻿erie.pa.0078,﻿attended from Union,,,,,,,,,,,,1870,﻿,﻿,﻿Erie,Erie
﻿erie.pa.0043,﻿church,not recorded,English,,,,﻿Mercer County,﻿Mercer County,﻿Jamestown,﻿Jamestown,﻿PA,,41.4847758,-80.4375687,﻿erie.pa.0038,﻿attended from Greenville,,,,,,,,,,,,1870,﻿,﻿,﻿Erie,Erie
﻿erie.pa.0044,﻿church,﻿St. Thomas',English,,,,﻿McKean County,﻿McKean County,﻿Kane City,﻿Kane,﻿PA,,41.6628394,-78.8111427,﻿erie.pa.0080,﻿attended from Warren,,,,,,,,,,,,1870,﻿,﻿,﻿Erie,Erie
﻿erie.pa.0045,﻿church,not recorded,English,,,,﻿Clarion County,﻿Clarion County,﻿Lucinda Furnace,﻿Lucinda,﻿PA,,41.308396,-79.3697665,﻿erie.pa.0079,﻿attended from Vogelbacher,,,,,,,,,,,,1870,﻿,﻿,﻿Erie,Erie
﻿erie.pa.0046,﻿church,﻿St. Francis Xavier's,English,,,,﻿Erie County,﻿Erie County,﻿McKean Corners,﻿McKean,﻿PA,,41.9968852,-80.1433144,﻿erie.pa.0007,﻿attended from Beechwood,,,,,,,,,,,,1870,﻿,﻿,﻿Erie,Erie
﻿erie.pa.0047,﻿church,﻿St. Bride's,English,,,,﻿Crawford County,﻿Crawford County,﻿Meadville,﻿Meadville,﻿PA,,41.635644,-80.1506365,,,,﻿j_l_finucane_001,﻿Rev.,﻿J. L. Finucane,,,,,,,,1870,﻿,﻿,﻿Erie,Erie
﻿erie.pa.0048,﻿church,﻿St. Agatha's,English,,,,﻿Crawford County,﻿Crawford County,﻿Meadville,﻿Meadville,﻿PA,,41.6351647,-80.150752,,,,﻿m_j_decker_001,﻿Rev.,﻿M. J. Decker,,,,,,,,1870,﻿,﻿,﻿Erie,Erie
﻿erie.pa.0049,﻿church,﻿All Saints',English,,,,﻿Mercer County,﻿Mercer County,﻿Mercer,﻿Mercer,﻿PA,,41.2270025,-80.2397852,,,,﻿j_j_gallaher_001,﻿Rev.,﻿J. J. Gallaher,,,,,,,,1870,﻿,﻿,﻿Erie,Erie
﻿erie.pa.0049,﻿church,﻿All Saints',English,,,,﻿Mercer County,﻿Mercer County,﻿Mercer,﻿Mercer,﻿PA,,41.2270025,-80.2397852,,,,﻿wm_coonan_001,﻿Rev.,﻿Wm. Coonan,,﻿Assistant,,,,,,1870,﻿,﻿,﻿Erie,Erie
﻿erie.pa.0050,﻿church,not recorded,English,,,,﻿Mercer County,﻿Mercer County,﻿Middlesex,﻿West Middlesex,﻿PA,,41.174224,-80.453402,﻿erie.pa.0068,﻿attended from Sharon,,,,,,,,,,,,1870,﻿,﻿,﻿Erie,Erie
﻿erie.pa.0051,﻿church,﻿St. Ann's,English,,,,﻿Clearfield County,﻿Clearfield County,﻿Morganland,﻿Jordan Township,﻿PA,,40.8410627,-78.5547283,﻿erie.pa.0015,﻿attended from Clearfield,,,,,,,,,,,,1870,﻿,﻿,﻿Erie,Erie
﻿erie.pa.0052,﻿church,﻿St. Severinus',English,,,,﻿Clearfield County,﻿Clearfield County,﻿Morris Township,﻿Morris Township,﻿PA,,40.9460006,-78.2134346,,,,﻿j_a_oberhofer_001,﻿Rev.,﻿J. A. Oberhofer,,,﻿Kylestown P.O.,,,,,1870,﻿,﻿,﻿Erie,Erie
﻿erie.pa.0053,﻿church,﻿St. Mary's,English,,,,﻿McKean County,﻿McKean County,﻿Newel Creek,,﻿PA,,41.9234351,-78.3247959,,,,﻿pet_patterson_001,﻿Rev.,﻿Peter Patterson,,,﻿Sarterell P.O.,,,,,1870,﻿,﻿,﻿Erie,Erie
﻿erie.pa.0054,﻿church,﻿St. Andrew's,English,,,,﻿Erie County,﻿Erie County,﻿North East,﻿North East,﻿PA,,42.2156131,-79.8342163,﻿erie.pa.0078,﻿attended from Union,,,,,,,,,,,,1870,﻿,﻿,﻿Erie,Erie
﻿erie.pa.0055,﻿church,﻿St. Joseph's,English,,,,﻿Venango County,﻿Venango County,﻿Oil City,﻿Oil City,﻿PA,,41.43495113,-79.70401768,,,,﻿joh_d_coady_001,﻿V. Rev.,﻿J. D. Coady,,"﻿Pastor, V.G.",,,,,,1870,﻿,﻿,﻿Erie,Erie
﻿erie.pa.0055,﻿church,﻿St. Joseph's,English,,,,﻿Venango County,﻿Venango County,﻿Oil City,﻿Oil City,﻿PA,,41.43495113,-79.70401768,,,,﻿jam_p_mccloskey_001,﻿Rev.,﻿James P. McCloskey,,﻿Assistant,,,,,,1870,﻿,﻿,﻿Erie,Erie
﻿erie.pa.0056,﻿church,﻿Immaculate Conception,English,,,,﻿Clearfield County,﻿Clearfield County,﻿Osceola,﻿Osceola Mills,﻿PA,,40.8500581,-78.2705706,﻿erie.pa.0015,﻿attended from Clearfield,,,,,,,,,,,,1870,﻿,﻿,﻿Erie,Erie
﻿erie.pa.0057,﻿church,﻿SS. Peter and Paul's,English,,,,﻿Venango County,﻿Venango County,﻿Petroleum Centre,﻿Petroleum Center,﻿PA,,41.5161706,-79.6822746,,,,﻿j_j_dunn_001,﻿Rev.,﻿J. J. Dunn,,,,,,,,1870,﻿,﻿,﻿Erie,Erie
﻿erie.pa.0058,﻿church,﻿St. Patrick's,English,,,,﻿Venango County,﻿Venango County,﻿Pithole,﻿Pithole,﻿PA,,41.520894,-79.5869943,﻿erie.pa.0060,﻿attended from Pleasantville,,,,,,,,,,,,1870,﻿,﻿,﻿Erie,Erie
﻿erie.pa.0059,﻿church,not recorded,English,,,,﻿Warren County,﻿Warren County,﻿Pittsfield,﻿Pittsfield Township,﻿PA,,41.8445244,-79.4028639,﻿erie.pa.0080,﻿attended from Warren,,,,,,,,,,,,1870,﻿,﻿,﻿Erie,Erie
﻿erie.pa.0060,﻿church,not recorded,English,,,,﻿Venango County,﻿Venango County,﻿Pleasantville,﻿Pleasantville,﻿PA,,41.5922825,-79.5794944,,,,﻿p_c_mcgrath_001,﻿Rev.,﻿P. C. McGrath,,,,,,,,1870,﻿,﻿,﻿Erie,Erie
﻿erie.pa.0061,﻿church,not recorded,English,,,,﻿Venango County,﻿Venango County,﻿Plumner,﻿Cornplanter Township,﻿PA,,41.5101928,-79.6277523,﻿erie.pa.0060,﻿attended from Pleasantville,,,,,,,,,,,,1870,﻿,﻿,﻿Erie,Erie
﻿erie.pa.0062,﻿church,not recorded,English,,﻿Farmington Township,,﻿Clarion County,﻿Clarion County,﻿Redbank,﻿Farmington Township,﻿PA,,41.3580734,-79.2676668,﻿erie.pa.0079,﻿attended from Vogelbacher,,,,,,,,,,,,1870,﻿,﻿,﻿Erie,Erie
﻿erie.pa.0063,﻿church,not recorded,English,,,,﻿Clarion County,﻿Clarion County,﻿Redbank Furnace,﻿Madison Township,﻿PA,,41.014087,-79.5266211,﻿erie.pa.0079,﻿attended from Vogelbacher,,,,,,,,,,,,1870,﻿,﻿,﻿Erie,Erie
﻿erie.pa.0064,﻿church,﻿Sacred Heart of Mary,English,,,,﻿Elk County,﻿Elk County,﻿Ridgeway,﻿Ridgway,﻿PA,,41.4203391,-78.7286388,﻿erie.pa.0085,"﻿attended from St. Mary's, Elk Co.",,,,,,,,,,,,1870,﻿,﻿,﻿Erie,Erie
﻿erie.pa.0085,﻿church,﻿St. Mary's,English,,,,﻿Elk County,﻿Elk County,﻿St. Mary's,﻿St. Marys,﻿PA,,41.4273738,-78.5609398,,,,﻿pau_winkman_001,﻿Rev.,﻿Paulinus Winkman,﻿O.S.B.,﻿Prior,,,,,,1870,﻿,﻿,﻿Erie,Erie
﻿erie.pa.0085,﻿church,﻿St. Mary's,English,,,,﻿Elk County,﻿Elk County,﻿St. Mary's,﻿St. Marys,﻿PA,,41.4273738,-78.5609398,,,,﻿wen_meyer_001,﻿Rev.,﻿Wendelinus Meyer,﻿O.S.B.,,,,,,,1870,﻿,﻿,﻿Erie,Erie
﻿erie.pa.0085,﻿church,﻿St. Mary's,English,,,,﻿Elk County,﻿Elk County,﻿St. Mary's,﻿St. Marys,﻿PA,,41.4273738,-78.5609398,,,,﻿chi_bernetzeder_001,﻿Rev.,﻿Chilian Benetzeder,﻿O.S.B.,,,,,,,1870,﻿,﻿,﻿Erie,Erie
﻿erie.pa.0085,﻿church,﻿St. Mary's,English,,,,﻿Elk County,﻿Elk County,﻿St. Mary's,﻿St. Marys,﻿PA,,41.4273738,-78.5609398,,,,﻿edw_hipelius_001,﻿Rev.,﻿Edward Hipelius,﻿O.S.B.,,,,,,,1870,﻿,﻿,﻿Erie,Erie
﻿erie.pa.0085,﻿church,﻿St. Mary's,English,,,,﻿Elk County,﻿Elk County,﻿St. Mary's,﻿St. Marys,﻿PA,,41.4273738,-78.5609398,,,,﻿eug_phelan_001,﻿Rev.,﻿Eugene Phelan,﻿O.S.B.,,,,,,,1870,﻿,﻿,﻿Erie,Erie
﻿erie.pa.0066,﻿church,not recorded,English,,,,﻿Venango County,﻿Venango County,﻿Scrubgrass,﻿Scrubgrass Township,﻿PA,,41.2157868,-79.7736306,﻿erie.pa.0029,﻿attended from Franklin,,,,,,,,,,,,1870,﻿,﻿,﻿Erie,Erie
﻿erie.pa.0067,﻿church,not recorded,English,,,,﻿Venango County,﻿Venango County,﻿Shamburgh,﻿Oil Creek Township,﻿PA,,41.5783825,-79.616521,﻿erie.pa.0060,﻿attended from Pleasantville,,,,,,,,,,,,1870,﻿,﻿,﻿Erie,Erie
﻿erie.pa.0068,﻿church,﻿Sacred Heart of Jesus,English,,,,﻿Mercer County,﻿Mercer County,﻿Sharon,﻿Sharon,﻿PA,,41.23258737,-80.51404513,,,,﻿jer_okeeffe_001,﻿Rev.,﻿Jerome O'Keefe,,,,,,,,1870,﻿,﻿,﻿Erie,Erie
﻿erie.pa.0069,﻿church,﻿St. Luke's,English,,,,﻿Elk County,﻿Elk County,﻿Shawmut,﻿Horton Township,﻿PA,,41.3057398,-78.7249469,﻿erie.pa.0011,﻿attended from Centreville,,,,,,,,,,,,1870,﻿,﻿,﻿Erie,Erie
﻿erie.pa.0070,﻿church,not recorded,English,,,,﻿Warren County,﻿Warren County,﻿Sheffield,﻿Sheffield,﻿PA,,41.7039499,-79.035595,﻿erie.pa.0080,﻿attended from Warren,,,,,,,,,,,,1870,﻿,﻿,﻿Erie,Erie
﻿erie.pa.0071,﻿church,not recorded,English,,,,﻿Clarion County,﻿Clarion County,﻿Sligo Furnace,﻿Sligo,﻿PA,,41.1092297,-79.4900454,﻿erie.pa.0079,﻿attended from Vogelbacher,,,,,,,,,,,,1870,﻿,﻿,﻿Erie,Erie
﻿erie.pa.0072,﻿church,﻿St. Elizabeth's,English,,,,﻿McKean County,﻿McKean County,﻿Smithport,﻿Smethport,﻿PA,,41.8098186,-78.4438523,﻿erie.pa.0053,﻿attended from Newel Creek,,,,,,,,,,,,1870,﻿,﻿,﻿Erie,Erie
﻿erie.pa.0073,﻿church,﻿Immaculate Conception,English,,,,﻿Crawford County,﻿Crawford County,﻿Summit,﻿Summit Township,﻿PA,,41.6661391,-80.2767327,﻿erie.pa.0012,﻿attended from Linesville,,,,,,,,,,,,1870,﻿,﻿,﻿Erie,Erie
﻿erie.pa.0074,﻿church,﻿St. John's,English,,,,﻿Warren County,﻿Warren County,﻿Tideoute,﻿Tidioute,﻿PA,,41.6850604,-79.4031034,﻿erie.pa.0105,﻿attended from Oil City,,,,,,,,,,,,1870,﻿,﻿,﻿Erie,Erie
﻿erie.pa.0075,﻿church,not recorded,English,,,,﻿Forest County,﻿Forest County,﻿Tionesta,﻿Tionesta,﻿PA,,41.49534,-79.4558798,﻿erie.pa.0105,﻿attended from Oil City,,,,,,,,,,,,1870,﻿,﻿,﻿Erie,Erie
﻿erie.pa.0076&0125,﻿church,﻿St. Titus',English,,,,﻿Crawford County,﻿Crawford County,﻿Titusville,﻿Titusville,﻿PA,,41.6278904,-79.681405,,,,﻿nap_mignault_001,﻿Rev.,﻿N. Mignault,,﻿Pastor,,,,,,1870,﻿,﻿,﻿Erie,Erie
﻿erie.pa.0076&0125,﻿church,﻿St. Titus',English,,,,﻿Crawford County,﻿Crawford County,﻿Titusville,﻿Titusville,﻿PA,,41.6278904,-79.681405,,,,﻿pet_sheridan_001,﻿Rev.,﻿Peter Sheridan,,,,,,,,1870,﻿,﻿,﻿Erie,Erie
﻿erie.pa.0077,﻿church,not recorded,English,,,,﻿Crawford County,﻿Crawford County,﻿Tryonville,﻿Steuben Township,﻿PA,,41.6952998,-79.8184684,﻿erie.pa.0076,﻿attended from Titusville,,,,,,,,,,,,1870,﻿,﻿,﻿Erie,Erie
﻿erie.pa.0078,﻿church,﻿St. Theresa's,English,,,,,,﻿Union,﻿Union City,﻿PA,,41.8999947,-79.85070049,,,,﻿j_l_maddigan_001,﻿Rev.,﻿J. L. Madigan,,,,,,,,1870,﻿,﻿,﻿Erie,Erie
﻿erie.pa.0079,﻿church,﻿St. Joseph's,English,,,,﻿Clarion County,﻿Clarion County,﻿Vogelbacher,﻿Lucinda,﻿PA,,41.3118383,-79.3651186,,,,﻿j_koch_001,﻿Rev.,﻿J. Koch,,﻿Pastor,,,,,,1870,﻿,﻿,﻿Erie,Erie
﻿erie.pa.0079,﻿church,﻿St. Joseph's,English,,,,﻿Clarion County,﻿Clarion County,﻿Vogelbacher,﻿Lucinda,﻿PA,,41.3118383,-79.3651186,,,,﻿p_maurel_001,﻿Rev.,﻿P. Maurel,,﻿Assistant,,,,,,1870,﻿,﻿,﻿Erie,Erie
﻿erie.pa.0080,﻿church,﻿St. Joseph's,English,,,,﻿Warren County,﻿Warren County,﻿Warren,﻿Warren,﻿PA,,41.8439486,-79.1450445,,,,﻿m_a_de-la-rocque_001,﻿Rev.,﻿M. A. De La Rocque,,,,,,,,1870,﻿,﻿,﻿Erie,Erie
﻿erie.pa.0081,﻿church,﻿St. Mary Help of Christians,English,,,,﻿Clarion County,﻿Clarion County,﻿Wilderness,,﻿PA,,41.1982095,-79.4703885,﻿erie.pa.0079,﻿attended from Vogelbacher,,,,,,,,,,,,1870,﻿,﻿,﻿Erie,Erie
﻿erie.pa.0082,﻿church,﻿Holy Cross,English,,,,﻿Elk County,﻿Elk County,﻿Williamsville,﻿Jones Township,﻿PA,,41.5735361,-78.6341996,﻿erie.pa.0085,﻿attended from St. Mary's,,,,,,,,,,,,1870,﻿,﻿,﻿Erie,Erie
﻿erie.pa.0083,﻿church,not recorded,English,,,,﻿Elk County,﻿Elk County,﻿Wilcox,﻿Wilcox,﻿PA,,41.5751089,-78.6877584,﻿erie.pa.0085,﻿attended from St. Mary's,,,,,,,,,,,,1870,﻿,﻿,﻿Erie,Erie
﻿erie.pa.0084,﻿church,not recorded,English,,,,﻿Warren County,﻿Warren County,﻿Youngsville,﻿Youngsville,﻿PA,,41.8522808,-79.3186597,﻿erie.pa.0080,﻿attended from Warren,,,,,,,,,,,,1870,﻿,﻿,﻿Erie,Erie
﻿erie.pa.0085_03,﻿priory,﻿Benedictine Priory,English,,,,﻿Elk County,,﻿St. Mary's,﻿St. Marys,﻿PA,,41.42610865,-78.57824537,,,,﻿pau_winkman_001,﻿Rev.,﻿Paulinus Winkman,,﻿Prior,,,,,,1870,﻿,﻿,﻿Erie,Erie
﻿erie.pa.0002_02,﻿priory,﻿Benedictine Priory,English,,﻿St. Mary's,,﻿Erie County,,,﻿Erie,﻿PA,,42.1288429,-80.0761177,,,,﻿mei_jeggle_001,﻿Rev.,﻿Meinrad Jeggle,,﻿Prior,,,,,,1870,﻿,﻿,﻿Erie,Erie
﻿erie.pa.0087,﻿monastery,﻿Franciscan Monastery,English,,,,,,﻿Erie,﻿Erie,﻿PA,,42.1290386,-80.0849716,,,,,﻿Brother,﻿Benedict McNally,,﻿Superior,,,,,,1870,﻿,﻿,﻿Erie,Erie
﻿erie.pa.0002_02,﻿convent,﻿St. Mary's Convent of Benedictine Nuns,English,,﻿St. Mary's,,﻿Erie County,,﻿Erie,﻿Erie,﻿PA,,42.12906558,-80.07534245,,,,,﻿Mother,﻿Scholastica Burkhardt,,﻿Prioress,,,,,,1870,﻿,﻿,﻿Erie,Erie
﻿erie.pa.0089,﻿convent,﻿St. Joseph's Convent of Sisters of St. Joseph,English,,,,,,﻿Erie,﻿Erie,﻿PA,,42.13433735,-80.08264976,,,,,﻿Mother,﻿Agnes Spencer,,﻿Superior,,,,,,1870,﻿,﻿,﻿Erie,Erie
﻿erie.pa.0090,﻿convent,﻿St. Joseph's Convent of Benedictine Nuns,English,,,,﻿Elk County,,﻿St. Mary's,﻿St. Marys,﻿PA,,41.42779237,-78.56946983,,,,,﻿Mother,﻿Theresa Vogle,,﻿Prioress,,,,,,1870,﻿,﻿,﻿Erie,Erie
﻿erie.pa.0091,﻿convent,﻿St. Joseph's Convent of Sisters of St. Joseph's,English,,,,,,﻿Meadville,﻿Meadville,﻿PA,,41.6414438,-80.1514484,,,,,﻿Mother,﻿George Bradley,,﻿Superior,,,,,,1870,﻿,﻿,﻿Erie,Erie
﻿erie.pa.0092,﻿academy,﻿St. Francis' Day Academy,English,,﻿Fifth street,,,,﻿Erie,﻿Erie,﻿PA,,42.13010754,-80.08717735,,,,,,,,,,﻿religious,﻿Franciscan Brothers,﻿Conducted by Franciscan Brothers,,1870,﻿,﻿,﻿Erie,Erie
﻿erie.pa.0093,﻿academy,﻿St. Benedict's Academy,English,,,,﻿Elk County,,﻿St. Mary's,﻿St. Marys,﻿PA,,41.42776474,-78.5702139,,,,,﻿Sister,﻿Marie Gleen,,﻿Directress,,,,,,1870,﻿,﻿,﻿Erie,Erie
﻿erie.pa.0089_03,﻿academy,﻿St. Joseph's Academy,English,,,,,,﻿Erie,﻿Erie,﻿PA,,42.13433735,-80.08264976,,,,,,,,,,﻿religious,﻿Sisters of St. Joseph,﻿Conducted by the Sisters of St. Joseph,,1870,﻿,﻿,﻿Erie,Erie
﻿erie.pa.0047_02,﻿academy,﻿St. Bride's Academy,English,,,,,,﻿Meadville,﻿Meadville,﻿PA,,41.63637673,-80.14925541,,,,,,,,,,﻿religious,﻿Sisters of St. Joseph,﻿Cared for by the Sisters of St. Joseph,,1870,﻿,﻿,﻿Erie,Erie
﻿erie.pa.0096,﻿school,﻿St. Benedict's Select School,English,,,,,,﻿Erie,﻿Erie,﻿PA,,42.12850441,-80.0753796,,,,,,,,,,﻿religious,﻿Benedictine Sisters,﻿In charge of Benedictine Sisters,,1870,﻿,﻿,﻿Erie,Erie
﻿erie.pa.0089_02,﻿asylum,﻿St. Joseph's Orphan Asylum,English,,,,,,﻿Erie,﻿Erie,﻿PA,,42.13433735,-80.08264976,,,,,,,,,,﻿religious,﻿Sisters of St. Joseph,﻿Conducted by Sisters of St. Joseph,,1870,﻿,﻿,﻿Erie,Erie
﻿erie.pa.0001_02&0001_02.01&0001_02.02&0001_03&0001_03.01&0001_03.02,﻿school,﻿Cathedral Schools,English,﻿Boys taught by Franciscan Brothers. Girls taught by Sisters of St. Joseph.,,,,,﻿Erie,﻿Erie,﻿PA,,42.13344168,-80.08367408,,,,,,,,,,﻿child,﻿600 children,﻿Franciscan Brothers. Sisters of St. Joseph.,,1870,﻿,﻿,﻿Erie,Erie
﻿erie.pa.0001_02&0001_02.01&0001_02.02&0001_03&0001_03.01&0001_03.02,﻿school,﻿Cathedral Schools,English,﻿Boys taught by Franciscan Brothers. Girls taught by Sisters of St. Joseph.,,,,,﻿Erie,﻿Erie,﻿PA,,42.13344168,-80.08367408,,,,,,,,,,﻿religious,﻿Franciscan Brothers,﻿Franciscan Brothers,,1870,﻿,﻿,﻿Erie,Erie
﻿erie.pa.0001_02&0001_02.01&0001_02.02&0001_03&0001_03.01&0001_03.02,﻿school,﻿Cathedral Schools,English,﻿Boys taught by Franciscan Brothers. Girls taught by Sisters of St. Joseph.,,,,,﻿Erie,﻿Erie,﻿PA,,42.13344168,-80.08367408,,,,,,,,,,﻿religious,﻿Sisters of St. Joseph,﻿Sisters of St. Joseph,,1870,﻿,﻿,﻿Erie,Erie
﻿erie.pa.0002_04,﻿school,﻿St. Mary's School,English,﻿in charge of religious and secular teachers,,,,,﻿Erie,﻿Erie,﻿PA,,42.12838553,-80.07614349,,,,,,,,,,﻿child,﻿600 children,,,1870,﻿,﻿,﻿Erie,Erie
﻿erie.pa.0003_04,﻿school,﻿St. Joseph's School,English,﻿in charge of secular teachers,,,,,﻿Erie,﻿Erie,﻿PA,,42.11240463,-80.0773457,,,,,,,,,,﻿child,﻿400 children,,,1870,﻿,﻿,﻿Erie,Erie
﻿erie.pa.0076_02,﻿school,﻿St. Titus',English,﻿in charge of secular teachers,,,,,﻿Titusville,﻿Titusville,﻿PA,,41.6278904,-79.681405,,,,,,,,,,﻿child,﻿300 children,,,1870,﻿,﻿,﻿Erie,Erie
﻿erie.pa.0048_02,﻿school,﻿St. Agatha's,English,﻿in charge of secular teachers,,,,,﻿Meadville,﻿Meadville,﻿PA,,41.63528325,-80.15073812,,,,,,,,,,﻿child,﻿200 children,,,1870,﻿,﻿,﻿Erie,Erie
﻿erie.pa.0047_03,﻿school,﻿St. Bride's,English,﻿in charge of religious teachers,,,,,﻿Meadville,﻿Meadville,﻿PA,,41.63637673,-80.14925541,,,,,,,,,,﻿child,﻿250 children,,,1870,﻿,﻿,﻿Erie,Erie
﻿erie.pa.0020_02,﻿school,﻿St. Thomas',English,﻿in charge of secular teachers,,,,,﻿Corry,﻿Corry,﻿PA,,41.9203337,-79.6403287,,,,,,,,,,﻿child,﻿300 children,,,1870,﻿,﻿,﻿Erie,Erie
﻿erie.pa.0055_02,﻿school,﻿St. Joseph's,English,﻿in charge of secular teachers,,,,,﻿Oil City,﻿Oil City,﻿PA,,41.43495113,-79.70401768,,,,,,,,,,﻿child,﻿200 children,,,1870,﻿,﻿,﻿Erie,Erie
﻿erie.pa.0106,﻿school,not recorded,English,﻿in charge of secular teachers,,,,,﻿Sharon,﻿Sharon,﻿PA,,41.23258737,-80.51404513,,,,,,,,,,﻿child,﻿250 children,,,1870,﻿,﻿,﻿Erie,Erie
﻿erie.pa.0107,﻿school,not recorded,English,﻿in charge of secular teachers,,,,,﻿Hermitage,﻿Hermitage,﻿PA,,41.24570636,-80.45731846,,,,,,,,,,﻿child,﻿100 children,,,1870,﻿,﻿,﻿Erie,Erie
﻿erie.pa.0108,﻿school,﻿St. Teresa's,English,﻿in charge of secular teachers,,,,,﻿Union,﻿Union City,﻿PA,,41.8999947,-79.85070049,,,,,,,,,,﻿child,﻿100 children,,,1870,﻿,﻿,﻿Erie,Erie
﻿erie.pa.0032_02,﻿school,﻿St. Mary's,English,﻿in charge of secular teachers,,,,,﻿Frenchville,﻿Frenchville,﻿PA,,41.1047806,-78.2200114,,,,,,,,,,﻿child,﻿150 children,,,1870,﻿,﻿,﻿Erie,Erie
﻿erie.pa.0057_02,﻿school,﻿SS. Peter and Paul,English,﻿in charge of secular teachers,,,,,﻿Petroleum Centre,﻿Petroleum Center,﻿PA,,41.5161706,-79.6822746,,,,,,,,,,﻿child,﻿100 children,,,1870,﻿,﻿,﻿Erie,Erie
﻿erie.pa.0035_02,﻿school,﻿St. Mary's,English,﻿in charge of secular teachers,,,,﻿Potter County,﻿Genesee Township,﻿Genesee Township,﻿PA,,41.99018533,-77.86841788,,,,,,,,,,﻿child,﻿150 children,,,1870,﻿,﻿,﻿Erie,Erie
﻿erie.pa.0085_02,﻿school,﻿St. Mary's,English,﻿in charge of religious teachers,,,﻿Elk County,﻿Elk County,,﻿St. Marys,﻿PA,,41.42897064,-78.56969802,,,,,,,,,,﻿child,﻿400 children,,,1870,﻿,﻿,﻿Erie,Erie
