instID,church_type,instName,language,instNote,placeName,region,county_orig,county_reg,city_orig,city_reg,state_orig,state_reg,latitude,longitude,attendingInstID,attendingChurch,attendingChurchFrequency,persID,persTitle,persName,persSuffix,persRole,persNote,memberType,member,affiliated,order,year,Unnamed: 30,Unnamed: 31,Unnamed: 32,Unnamed: 33,Unnamed: 34,Unnamed: 35,Unnamed: 36,Unnamed: 37,Unnamed: 38,Unnamed: 39,Unnamed: 40,attendingPersID,attendingChurchNote,diocese,diocese_reg
﻿erie.pa.0001,﻿cathedral,﻿St. Patrick's,English,﻿Conference of St. Vincent de Paul,﻿Fourth street,,﻿Erie County,,﻿Erie,﻿Erie,﻿PA,,42.1402924,-80.0621357,,,,﻿joh_d_coady_001,﻿Very Rev.,﻿J. D. Coady,,﻿Administrator,,,,,,1867,,,,,,,,,,,,﻿,﻿,﻿Erie,Erie
﻿erie.pa.0001,﻿cathedral,﻿St. Patrick's,English,﻿Conference of St. Vincent de Paul,﻿Fourth street,,﻿Erie County,,﻿Erie,﻿Erie,﻿PA,,42.1402924,-80.0621357,,,,,﻿Rev.,﻿Thomas Carroll,,﻿Pastor,,,,,,1867,,,,,,,,,,,,﻿,﻿,﻿Erie,Erie
﻿erie.pa.0002,﻿church,﻿St. Mary's,English,,﻿Ninth street,,﻿Erie County,,﻿Erie,﻿Erie,﻿PA,,42.1288429,-80.0761177,,,,,﻿Rev.,﻿Benno Hegele,﻿O.S.B.,﻿Prior,,,,,,1867,,,,,,,,,,,,﻿,﻿,﻿Erie,Erie
﻿erie.pa.0002,﻿church,﻿St. Mary's,English,,﻿Ninth street,,﻿Erie County,,﻿Erie,﻿Erie,﻿PA,,42.1288429,-80.0761177,,,,,﻿Rev.,﻿Thaddeus Heinzelmayer,﻿O.S.B.,,,,,,,1867,,,,,,,,,,,,﻿,﻿,﻿Erie,Erie
﻿erie.pa.0003,﻿church,not recorded,English,"﻿New church, about being built on Federal Hill",﻿Federal Hill,,﻿Erie County,,﻿Erie,﻿Erie,﻿PA,,42.1111077,-80.0748299,,,,,﻿Rev.,﻿Stumpe,,,,,,,,1867,,,,,,,,,,,,﻿,﻿,﻿Erie,Erie
﻿erie.pa.0046,﻿church,﻿St. Francis,English,,,,﻿Erie County,,﻿McKean Township,﻿McKean,﻿PA,,41.9968852,-80.1433144,,,,,﻿Rev.,﻿A. Reck,,,,,,,,1867,,,,,,,,,,,,﻿,﻿,﻿Erie,Erie
﻿erie.pa.0010,﻿church,﻿St. Boniface,English,,,,﻿Erie County,,﻿Green Township,,﻿PA,,42.0666555,-79.9704256,,,,,﻿Rev.,﻿F. J. Oberhofer,,,,,,,,1867,,,,,,,,,,,,﻿,﻿,﻿Erie,Erie
﻿erie.pa.0036,﻿church,﻿St. John's,English,,,,﻿Erie County,,﻿Girard Village,﻿Girard,﻿PA,,42.0003337,-80.3181193,,,,﻿p_f_maloney_001,﻿Rev.,﻿P. F. Molony,,,,,,,,1867,,,,,,,,,,,,﻿,﻿,﻿Erie,Erie
﻿erie.pa.0054,﻿church,not recorded,English,﻿new chruch,,,﻿Erie County,,﻿North-East,﻿North East,﻿PA,,42.2156131,-79.8342163,﻿erie.pa.0078,﻿attended from Union,,﻿p_f_maloney_001,﻿Rev.,﻿P. F. Molony,,,,,,,,1867,,,,,,42.2156131,-79.8342163,,,﻿erie.pa.0078,﻿attended from Union,﻿,﻿,﻿Erie,Erie
﻿erie.pa.0042,﻿church,not recorded,English,﻿church about being built,,,﻿Erie County,,﻿Jackson Station,﻿Summit Township,﻿PA,,42.0298052,-80.0423151,,,,﻿p_f_maloney_001,﻿Rev.,﻿P. F. Molony,,,,,,,,1867,,,,,,,,,,,,﻿,﻿,﻿Erie,Erie
﻿erie.pa.0020,﻿church,﻿St. Thomas,English,,,,﻿Erie County,,﻿Corry,﻿Corry,﻿PA,,41.9203337,-79.6403287,,,,﻿tho_lonergan_001,﻿Rev.,﻿Thomas Lonnergan,,,,,,,,1867,,,,,,,,,,,,﻿,﻿,﻿Erie,Erie
﻿erie.pa.0132,﻿church,﻿St. Bridget's,English,,,,﻿Erie County,,﻿Union Mills,,﻿PA,,,,,,,﻿tho_lonergan_001,﻿Rev.,﻿Thomas Lonnergan,,,﻿who is also assisted by Rev. Father Darcy,,,,,1867,,,,,,,,,,,,﻿,﻿,﻿Erie,Erie
﻿erie.pa.0048,﻿church,﻿St. Agatha's,English,﻿vacant,,,﻿Crawford County,,﻿Meadville,﻿Meadville,﻿PA,,41.6351647,-80.150752,,,,,,,,,,,,,,1867,,,,,,,,,,,,﻿,﻿,﻿Erie,Erie
﻿erie.pa.0047,﻿church,﻿St. Bride's,English,,,,﻿Crawford County,,﻿Meadville,﻿Meadville,﻿PA,,41.635644,-80.1506365,,,,,﻿Rev.,﻿M. A. De La Rocque,,,,,,,,1867,,,,,,,,,,,,﻿,﻿,﻿Erie,Erie
﻿erie.pa.0017,﻿church,﻿St. Hippolytus,English,,,,﻿Crawford County,,﻿Mead Township,,﻿PA,,41.6620352,-80.1266814,,,,﻿eug_cognerville_001,﻿Rev. Father,﻿Cogneville,,,,,,,,1867,,,,,,,,,,,,﻿,﻿,﻿Erie,Erie
﻿erie.pa.0024,﻿church,﻿Sts. Peter and Paul,English,,,,﻿Crawford County,,﻿Randolph Township,,﻿PA,,41.829255,-80.2375065,,,,,﻿Rev.,﻿M. A. De La Rocque,,,,,,,,1867,,,,,,,,,,,,﻿,﻿,﻿Erie,Erie
﻿erie.pa.0076,﻿church,﻿St. Titus',English,,,,﻿Crawford County,,﻿Titusville,﻿Titusville,﻿PA,,41.6278904,-79.681405,,,,,﻿Rev.,﻿Nap. Mignault,,,,,,,,1867,,,,,,,,,,,,﻿,﻿,﻿Erie,Erie
﻿erie.pa.0131,﻿church,﻿St. Stephen's,English,,,,﻿Crawford County,,﻿Oil Creek,﻿Oil City,﻿PA,,,,,,,,﻿Rev.,﻿Nap. Mignault,,,,,,,,1867,,,,,,,,,,,,﻿,﻿,﻿Erie,Erie
﻿erie.pa.0026,﻿church,﻿Immaculate Heart of Mary,English,,,,﻿Crawford County,,﻿Rome Township,,﻿PA,,41.6661391,-80.2767327,,,,,﻿Rev.,﻿Nap. Mignault,,,,,,,,1867,,,,,,,,,,,,﻿,﻿,﻿Erie,Erie
﻿erie.pa.0023,﻿church,﻿St. Phillip's,English,,,,﻿Crawford County,,﻿Crossingville,﻿Crossingville,﻿PA,,41.8297778,-80.2389489,,,,,﻿Rev.,﻿J. Q. Adams,,,,,,,,1867,,,,,,,,,,,,﻿,﻿,﻿Erie,Erie
﻿erie.pa.0019,﻿church,﻿St. Peter's,English,,,,﻿Crawford County,,﻿Conneautville,﻿Conneautville,﻿PA,,41.757833,-80.3678424,,,,,﻿Rev.,﻿J. Kearney,,,﻿once a month,,,,,1867,,,,,,,,,,,,﻿,﻿,﻿Erie,Erie
﻿erie.pa.0012,﻿station,not recorded,English,,,,﻿Crawford County,,﻿Linesville,,﻿PA,,41.6561656,-80.4239562,,,,,﻿Rev.,﻿J. Kearney,,,,,,,,1867,,,,,,,,,,,,﻿,﻿,﻿Erie,Erie
﻿erie.pa.0005,﻿station,not recorded,English,,,,﻿Crawford County,,﻿Albion,﻿Albion,﻿PA,,41.8906112,-80.3664542,,,,,﻿Rev.,﻿J. Kearney,,,,,,,,1867,,,,,,,,,,,,﻿,﻿,﻿Erie,Erie
﻿erie.pa.0049,﻿church,﻿All Saints',English,,,,﻿Mercer County,,﻿Mercer,﻿Mercer,﻿PA,,41.2270025,-80.2397852,,,,,﻿Rev.,﻿J. J. Gallaher,,,,,,,,1867,,,,,,,,,,,,﻿,﻿,﻿Erie,Erie
﻿erie.pa.0124,﻿church,﻿St. Rose of Lima,English,,,,﻿Mercer County,,﻿Sharon Mines,,﻿PA,,41.2331116,-80.4934035,,,,,﻿Rev.,﻿T. J. Hartmann,,,,,,,,1867,,,,,,,,,,,,﻿,﻿,﻿Erie,Erie
﻿erie.pa.0068,﻿church,not recorded,English,﻿church not dedicated,,,﻿Mercer County,,﻿Sharon,﻿Sharon,﻿PA,,41.2331116,-80.4934035,,,,﻿jer_okeeffe_001,﻿Rev.,﻿Jerome O'Keeffe,,,,,,,,1867,,,,,,,,,,,,﻿,﻿,﻿Erie,Erie
﻿erie.pa.0038,﻿church,﻿St. Michael's,English,,,,﻿Mercer County,,﻿Greenville,﻿Greenville,﻿PA,,41.404499,-80.3911785,,,,﻿kie_obranigan_001,﻿Rev.,﻿K. O'Branigan,,,,,,,,1867,,,,,,,,,,,,﻿,﻿,﻿Erie,Erie
﻿erie.pa.0043,﻿church,not recorded,English,,,,﻿Mercer County,,﻿Jamestown,﻿Jamestown,﻿PA,,41.4847758,-80.4375687,﻿erie.pa.0038,﻿attended from Greenville,,﻿kie_obranigan_001,﻿Rev.,﻿K. O'Branigan,,,,,,,,1867,,,,,,,,,,,,﻿,﻿,﻿Erie,Erie
﻿erie.pa.0014,﻿church,not recorded,English,,,,﻿Mercer County,,﻿Clarksville,,﻿PA,,41.2861669,-80.4275684,﻿erie.pa.0038,﻿attended from Greensville,,﻿kie_obranigan_001,﻿Rev.,﻿K. O'Branigan,,,,,,,,1867,,,,,,,,,,,,﻿,﻿,﻿Erie,Erie
﻿erie.pa.0133,﻿church,not recorded,English,,,,﻿Mercer County,,﻿West-Salem,,﻿PA,,,,,,,﻿kie_obranigan_001,﻿Rev.,﻿K. O'Branigan,,,,,,,,1867,,,,,,,,,,,,﻿,﻿,﻿Erie,Erie
﻿erie.pa.0050,﻿church,not recorded,English,,,,﻿Mercer County,,﻿Middlesex,﻿West Middlesex,﻿PA,,41.174224,-80.453402,,,,,﻿Rev.,﻿Jerome O'Keeffe,,,,,,,,1867,,,,,,,,,,,,﻿,﻿,﻿Erie,Erie
﻿erie.pa.0055,﻿church,﻿St. Joseph's,English,,,,﻿Venango County,,﻿Oil City,﻿Oil City,﻿PA,,41.4339484,-79.7064413,,,,﻿joh_d_coady_001,﻿Very Rev.,﻿J. D. Coady,,,﻿who attends from Erie,,,,,1867,,,,,,,,,,,,﻿,﻿,﻿Erie,Erie
﻿erie.pa.0022,﻿church,not recorded,English,,,,﻿Venango County,,﻿Cranberry,﻿Cranberry Township,﻿PA,,41.3896611,-79.8296743,,,,﻿j_l_maddigan_001,﻿Rev.,﻿J. L. Madigan,,,,,,,,1867,,,,,,,,,,,,﻿,﻿,﻿Erie,Erie
﻿erie.pa.0029,﻿church,not recorded,English,﻿church not dedicated,,,﻿Venango County,,﻿Franklin,﻿Franklin,﻿PA,,41.3978358,-79.8314437,,,,﻿j_l_maddigan_001,﻿Rev.,﻿J. L. Madigan,,,,,,,,1867,,,,,,,,,,,,﻿,﻿,﻿Erie,Erie
﻿erie.pa.0058,﻿church,not recorded,English,,,,﻿Venango County,,﻿Pithole City,﻿Pithole,﻿PA,,41.520894,-79.5869943,,﻿Rev. J. L Finucane,﻿once a month,,,,,,,,,,,1867,,,,,,,,,,,,﻿,﻿,﻿Erie,Erie
﻿erie.pa.0057,﻿church,not recorded,English,﻿new church,,,﻿Venango County,,﻿Petroleum Centre,﻿Petroleum Center,﻿PA,,41.5161706,-79.6822746,,,,,﻿Rev.,﻿J. L. Finucane,,,,,,,,1867,,,,,,,,,,,,﻿,﻿,﻿Erie,Erie
﻿erie.pa.0061,﻿church,not recorded,English,,,,﻿Venango County,,﻿Plumer,﻿Cornplanter Township,﻿PA,,41.5101928,-79.6277523,,﻿from Petroleum Centre,﻿a station once a month,,,,,,,,,,,1867,,,,,,,,,,,,﻿,﻿,﻿Erie,Erie
﻿erie.pa.0025,﻿church,not recorded,English,,,,﻿Venango County,,﻿Eagle Rock,﻿Oil City,﻿PA,,41.4339484,-79.7064413,,﻿attended from Tideoute,,,,,,,,,,,,1867,,,,,,,,,,,,﻿,﻿,﻿Erie,Erie
﻿erie.pa.0013,﻿church,﻿Immaculate Conception,English,,,,﻿Clarion County,,﻿Clarion Town,,﻿PA,,41.2133846,-79.3812441,,,,,﻿Rev.,﻿John Koch,,,,,,,,1867,,,,,,,,,,,,﻿,﻿,﻿Erie,Erie
﻿erie.pa.0011,﻿church,﻿St. Joseph's,English,,,,﻿Clarion County,,﻿Knox Township,,﻿PA,,41.3200651,-79.391605,,,,﻿joh_koch_001,﻿Rev.,﻿John Kock,,,,,,,,1867,,,,,,,,,,,,﻿,﻿,﻿Erie,Erie
﻿erie.pa.0008,﻿church,﻿Help of Christians,English,,,,﻿Clarion County,,﻿Farmington Township,,﻿PA,,41.1982095,-79.4703885,,,,﻿joh_koch_001,﻿Rev.,﻿John Kock,,,,,,,,1867,,,,,,,,,,,,﻿,﻿,﻿Erie,Erie
﻿erie.pa.0033,﻿church,﻿St. Michael's,English,,,,﻿Clarion County,,﻿Freyburgh,﻿Fryburg,﻿PA,,41.3536732,-79.4381013,,,,﻿and_skopez_001,﻿Rev.,﻿Andrew Skopez,,,,,,,,1867,,,,,,,,,,,,﻿,﻿,﻿Erie,Erie
﻿erie.pa.0016,﻿church,﻿St. Nicholas's,English,,,,﻿Clarion County,,﻿Limestone Township,,﻿PA,,41.1238761,-79.3127543,,,,,﻿Rev.,﻿David Snively,,,,,,,,1867,,,,,,,,,,,,﻿,﻿,﻿Erie,Erie
﻿erie.pa.0062,﻿church,not recorded,English,﻿a chapel,,,﻿Clarion County,,﻿Red Bank Township,﻿Farmington Township,﻿PA,,41.3580734,-79.2676668,,,,,﻿Rev.,﻿David Snively,,,,,,,,1867,,,,,,,,,,,,﻿,﻿,﻿Erie,Erie
﻿erie.pa.0028,﻿church,not recorded,English,"﻿a new church, in process of erection",,,﻿Clarion County,,﻿Fiscisa,﻿Sigel,﻿PA,,41.2748782,-79.1131619,,,,,﻿Rev.,﻿David Snively,,,,,,,,1867,,,,,,,,,,,,﻿,﻿,﻿Erie,Erie
﻿erie.pa.0009,﻿church,﻿Immaculate Conception,English,,,,﻿Jefferson County,,﻿Brookville,﻿Brookville,﻿PA,,41.1611746,-79.0830924,,,,,﻿Rev.,﻿Father La Magie,,,,,,,,1867,,,,,,,,,,,,﻿,﻿,﻿Erie,Erie
﻿erie.pa.0021,﻿church,not recorded,English,,,,﻿Jefferson County,,﻿Corsica,﻿Corsica,﻿PA,,41.1811753,-79.2022618,,,,,﻿Rev.,﻿David Snively,,,,,,,,1867,,,,,,,,,,,,﻿,﻿,﻿Erie,Erie
﻿erie.pa.0015,﻿church,﻿St. Francis,English,,,,﻿Clearfield County,,﻿Clearfieldboro,﻿Clearfield,﻿PA,,41.019033,-78.439106,,,,﻿tho_tracy_001,﻿Rev.,﻿T. Treacy,,,,,,,,1867,,,,,,,,,,,,﻿,﻿,﻿Erie,Erie
﻿erie.pa.0037,﻿church,﻿St. Bonaventura,English,,﻿Penn Township,,﻿Clearfield County,,﻿Grampian Hills,﻿Grampian,﻿PA,,40.9698648,-78.6455475,,,,﻿tho_tracy_001,﻿Rev.,﻿T. Treacy,,,,,,,,1867,,,,,,,,,,,,﻿,﻿,﻿Erie,Erie
﻿erie.pa.0134,﻿church,﻿St. Stanislaus,English,,,,﻿Clearfield County,,﻿Jordan Township,,﻿PA,,,,,,,﻿tho_tracy_001,﻿Rev.,﻿T. Treacy,,,,,,,,1867,,,,,,,,,,,,﻿,﻿,﻿Erie,Erie
﻿erie.pa.0032,﻿church,﻿St. Mary's,English,,,,﻿Clearfield County,,﻿Frenchville,﻿Frenchville,﻿PA,,41.1047806,-78.2200114,,,,﻿joh_berbigier_001,﻿Rev.,﻿J. Berbigier,,,﻿Leconte's Mills P.O.,,,,,1867,,,,,,,,,,,,﻿,﻿,﻿Erie,Erie
﻿erie.pa.0052,﻿church,﻿St. Severinus',English,,,,﻿Clearfield County,,﻿Morris Township,﻿Morris Township,﻿PA,,40.9460006,-78.2134346,,,,﻿gerst_001,﻿Rev. Father,﻿Gerst,,,,,,,,1867,,,,,,,,,,,,﻿,﻿,﻿Erie,Erie
﻿erie.pa.0035,﻿church,﻿St. Mary's,English,,,,﻿Potter County,,﻿Genesee Township,﻿Genesee Township,﻿PA,,41.9695789,-77.9053182,,,,﻿wil_pugh_001,﻿Rev.,﻿Wm. Pugh,,,"﻿who also attends Coudersport, a station",,,,,1867,,,,,,,,,,,,﻿,﻿,﻿Erie,Erie
﻿erie.pa.0004,﻿church,﻿St. Mary's,English,,,,﻿M'Kean County,,﻿Annin Township,,﻿PA,,41.8951377,-78.3159411,,,,,﻿Rev.,﻿J. F. McSweeny,,,,,,,,1867,,,,,,,,,,,,﻿,﻿,﻿Erie,Erie
﻿erie.pa.0072,﻿church,﻿St. Aloysius',English,,,,﻿M'Kean County,,﻿Smithport,﻿Smethport,﻿PA,,41.8098186,-78.4438523,,,,,﻿Rev.,﻿J. F. McSweeny,,,,,,,,1867,,,,,,,,,,,,﻿,﻿,﻿Erie,Erie
﻿erie.pa.0044,﻿church,not recorded,English,﻿new church,,,﻿McKean County,,﻿Kane City,﻿Kane,﻿PA,,41.6628394,-78.8111427,,,,,﻿Rev. Father,﻿Voizard,,,,,,,,1867,,,,,,,,,,,,﻿,﻿,﻿Erie,Erie
﻿erie.pa.0085,﻿church,﻿St. Mary's,English,,﻿P.O. Benzinger,,﻿Elk County,,﻿St. Mary's,﻿St. Mary's,﻿PA,,41.42954464,-78.56972001,,,,﻿fer_m_wolf_001,﻿Rev.,﻿Ferdinand Wolf,﻿O.S.B.,,,,,,,1867,,,,,,,,,,,,﻿,﻿,﻿Erie,Erie
﻿erie.pa.0006,﻿church,﻿St. Boniface's,English,,,,﻿Elk County,,﻿Centreville,,﻿PA,,41.4284924,-78.5660852,,,,,﻿Rev.,﻿Athanasius Hintenach,﻿O.S.B.,,,,,,,1867,,,,,,,,,,,,﻿,﻿,﻿Erie,Erie
﻿erie.pa.0082,﻿church,﻿Holy Cross,English,,,,﻿Elk County,,﻿Williamsville,﻿Jones Township,﻿PA,,41.5735361,-78.6341996,﻿erie.pa.0085,﻿attended from St. Mary's,,,,,,,,,,,,1867,,,,,,,,,,,,﻿,﻿,﻿Erie,Erie
﻿erie.pa.0069,﻿church,not recorded,English,﻿new church,,,﻿Elk County,,﻿Shawmut,﻿Horton Township,﻿PA,,41.3057398,-78.7249469,,,,,﻿Rev.,﻿Athanasius Hintenach,﻿O.S.B.,,,,,,,1867,,,,,,,,,,,,﻿,﻿,﻿Erie,Erie
﻿erie.pa.0112,﻿church,not recorded,English,,,,﻿Cameron County,,﻿Shippen,,﻿PA,,41.5239337,-78.3387066,﻿erie.pa.0085,﻿attended from St. Mary's,,,,,,,,,,,,1867,,,,,,,,,,,,﻿,﻿,﻿Erie,Erie
﻿erie.pa.0080,﻿church,﻿St. Joseph's,English,,,,﻿Warren County,,﻿Warrensboro,﻿Warren,﻿PA,,41.8439486,-79.1450445,,,,,﻿Rev. Father,﻿Voisard,,,,,,,,1867,,,,,,,,,,,,﻿,﻿,﻿Erie,Erie
﻿erie.pa.0084,﻿station,not recorded,English,,,,﻿Warren County,,﻿Youngsville,﻿Youngsville,﻿PA,,41.8522808,-79.3186597,,,,,﻿Rev. Father,﻿Voisard,,,,,,,,1867,,,,,,,,,,,,﻿,﻿,﻿Erie,Erie
﻿erie.pa.0135,﻿station,not recorded,English,,,,﻿Warren County,,﻿Pittsfield,,﻿PA,,,,,,,,﻿Rev. Father,﻿Voisard,,,,,,,,1867,,,,,,,,,,,,﻿,﻿,﻿Erie,Erie
﻿erie.pa.0113,﻿church,not recorded,English,﻿new church,,,﻿Warren County,,﻿Tideout,,﻿PA,,,,,,,,﻿Father,﻿Darcy,,,﻿from Corry,,,,,1867,,,,,,,,,,,,﻿,﻿,﻿Erie,Erie
﻿erie.pa.0085_03,﻿priory,﻿Benedictine Priory,English,,﻿Benzinger Township,,,﻿Elk County,﻿St. Mary's,﻿St. Marys,﻿PA,,41.42954464,-78.56972001,,,,﻿fer_m_wolf_001,﻿Rev.,﻿F. M. Wolf,﻿O.S.B.,﻿Prior,,,,,,1867,,,,,,,,,,,,﻿,﻿,﻿Erie,Erie
﻿erie.pa.0090,﻿convent,﻿St. Joseph's Convent of Benedictine Nuns,English,,﻿Benzinger P.O.,,﻿Elk County,﻿Elk County,﻿St. Mary's,﻿St. Marys,﻿PA,,41.42954464,-78.56972001,,,,,﻿Mother,﻿Theresa M. Vogel,﻿O.S.B.,﻿Prioress,,,,,,1867,,,,,,,,,,,,﻿,﻿,﻿Erie,Erie
﻿erie.pa.0093,﻿academy,﻿St. Benedict's Academy,English,,﻿Benzinger P.O.,,﻿Elk County,﻿Elk County,﻿St. Mary's,﻿St. Marys,﻿PA,,41.42954464,-78.56972001,,,,,﻿Sister,﻿Mary Glenn,﻿O.S.B.,﻿Directress,,﻿religious,﻿Benedictine Nuns,﻿conducted by Benedictine Nuns,,1867,,,,,,,,,,,,﻿,﻿,﻿Erie,Erie
﻿erie.pa.0119,﻿orphanage,﻿Orphanage at Meadville,English,,,,,,﻿Meadville,,﻿PA,,,,,,,,,,,,,﻿religious,"﻿sisters, 5",﻿Sisters of St. Joseph's,,1867,,,,,,,,,,,,﻿,﻿,﻿Erie,Erie
﻿erie.pa.0119,﻿orphanage,﻿Orphanage at Meadville,English,,,,,,﻿Meadville,,﻿PA,,,,,,,,,,,,,﻿religious,"﻿postulants, 2",﻿Sisters of St. Joseph's,,1867,,,,,,,,,,,,﻿,﻿,﻿Erie,Erie
﻿erie.pa.0118,﻿orphanage,﻿Orphanage at Erie,English,,,,,,﻿Erie,,﻿PA,,,,,,,,﻿Sister,﻿-----,,﻿Sister-Servant,,,,﻿Sisters of St. Joseph's,,1867,,,,,,,,,,,,﻿,﻿,﻿Erie,Erie
﻿erie.pa.0001_02&0001_03,﻿school,﻿Academy and School of St. Joseph,English,,﻿Fourth and Fifth streets,,,,,﻿Erie,﻿PA,,,,,,,,,,,,,﻿student,"﻿pupils, 55",﻿Sisters of St. Benedict,,1867,,,,,,,,,,,,﻿,﻿,﻿Erie,Erie
﻿erie.pa.0001_02&0001_03,﻿school,﻿Academy and School of St. Joseph,English,,﻿Fourth and Fifth streets,,,,,﻿Erie,﻿PA,,,,,,,,,,,,,﻿student,"﻿pupils, 55",﻿Pastor of St. Mary's (German) Church,,1867,,,,,,,,,,,,﻿,﻿,﻿Erie,Erie
﻿erie.pa.0001_03.01,﻿school,﻿Parochial School,English,"﻿for boys, in the basement of the Cathedral",,,,,,﻿Erie,﻿PA,,,,,,,,,,,,,﻿student,"﻿pupils, 80",,,1867,,,,,,,,,,,,﻿,﻿,﻿Erie,Erie
﻿erie.pa.0001_03.02,﻿school,﻿Parochial School,English,﻿for boys,﻿at St. Patrick's Church,,,,,﻿Erie,﻿PA,,,,,,,,,,,,,﻿student,"﻿pupils, 75 or 80",,,1867,,,,,,,,,,,,﻿,﻿,﻿Erie,Erie
﻿erie.pa.0139,﻿school,﻿German School,English,﻿for boys,﻿at St. Mary's Church,,,,,,,,,,,,,,,,,,,﻿student,"﻿pupils, 75",,,1867,,,,,,,,,,,,﻿,﻿,﻿Erie,Erie
﻿erie.pa.0140,﻿infirmary,﻿Infirmary of St. Francis de Sales,English,,﻿Brook Avenue,,,,﻿Richmond,,﻿PA,,,,,,,,﻿Sister,﻿Theresa Roche,,﻿Sister-Servant,,﻿religious,,,,1867,,,,,,,,,,,,﻿,﻿,﻿Erie,Erie
﻿erie.pa.0141,﻿hospital,﻿St. Vincent's Hospital,English,,,,,,﻿Norfolk,,﻿PA,,,,,,,,﻿Sister,﻿Isadore,,﻿Sister-Servant,,,,,,1867,,,,,,,,,,,,﻿,﻿,﻿Erie,Erie
