instID,church_type,instName,language,instNote,placeName,region,county_orig,county_reg,city_orig,city_reg,state_orig,state_reg,latitude,longitude,attendingInstID,attendingChurch,attendingChurchFrequency,persID,persTitle,persName,persSuffix,persRole,persNote,memberType,member,affiliated,order,year,Unnamed: 30,Unnamed: 31,Unnamed: 32,Unnamed: 33,Unnamed: 34,Unnamed: 35,Unnamed: 36,Unnamed: 37,Unnamed: 38,Unnamed: 39,Unnamed: 40,attendingPersID,attendingChurchNote,diocese,diocese_reg
﻿erie.pa.0001,﻿cathedral,﻿St. Patrick's,English,,﻿Fourth street,,﻿Erie County,,﻿Erie,﻿Erie,﻿PA,,,,,,,﻿joh_d_coady_001,﻿Very Rev.,﻿J. D. Coady,,﻿Administrator,,,,,,1868,,,,,,,,,,,,﻿,﻿,﻿Erie,Erie
﻿erie.pa.0001,﻿cathedral,﻿St. Patrick's,English,,﻿Fourth street,,﻿Erie County,,﻿Erie,﻿Erie,﻿PA,,,,,,,﻿tho_carroll_001,﻿Rev.,﻿Thomas Carroll,,﻿Pastor,,,,,,1868,,,,,,,,,,,,﻿,﻿,﻿Erie,Erie
﻿erie.pa.0001,﻿cathedral,﻿St. Patrick's,English,,﻿Fourth street,,﻿Erie County,,﻿Erie,﻿Erie,﻿PA,,,,,,,﻿dav_snively_001,﻿Rev.,﻿David Snively,,,,,,,,1868,,,,,,,,,,,,﻿,﻿,﻿Erie,Erie
﻿erie.pa.0002,﻿church,﻿St. Mary's,English,,﻿Ninth street,,﻿Erie County,,﻿Erie,﻿Erie,﻿PA,,,,,,,﻿ben_hegele_001,﻿Rev.,﻿Benno Hegele,﻿O.S.B.,﻿Prior,,,,,,1868,,,,,,,,,,,,﻿,﻿,﻿Erie,Erie
﻿erie.pa.0002,﻿church,﻿St. Mary's,English,,﻿Ninth street,,﻿Erie County,,﻿Erie,﻿Erie,﻿PA,,,,,,,﻿ger_pilz_001,﻿Rev.,﻿Gerhard Pilz,﻿O.S.B.,,,,,,,1868,,,,,,,,,,,,﻿,﻿,﻿Erie,Erie
﻿erie.pa.0002,﻿church,﻿St. Mary's,English,,﻿Ninth street,,﻿Erie County,,﻿Erie,﻿Erie,﻿PA,,,,,,,﻿tha_heinzelmayer_001,﻿Rev.,﻿Thaddeus Heinzelmayer,﻿O.S.B.,,,,,,,1868,,,,,,,,,,,,﻿,﻿,﻿Erie,Erie
﻿erie.pa.0003,﻿church,﻿St. Joseph's,English,,﻿Federal Hill,,﻿Erie County,,﻿Erie,﻿Erie,﻿PA,,,,,,,﻿jos_stumpe_001,﻿Rev.,﻿Joseph Stumpe,,,,,,,,1868,,,,,,,,,,,,﻿,﻿,﻿Erie,Erie
﻿erie.pa.0005,﻿church,not recorded,English,,,,﻿Crawford County,,﻿Albion,﻿Albion,﻿PA,,,,,﻿attended from Conneautville,,,,,,,,,,,,1868,,,,,,,,,,,,﻿,﻿,﻿Erie,Erie
﻿erie.pa.0004,﻿church,﻿St. Mary's,English,,,,﻿McKean County,,﻿Annin Township,,﻿PA,,,,,,,﻿phi_maurel_001,﻿Rev.,﻿Philip Maurel,,,,,,,,1868,,,,,,,,,,,,﻿,﻿,﻿Erie,Erie
﻿erie.pa.0009,﻿church,﻿Immaculate Conception,English,﻿vacant,,,﻿Jefferson County,,﻿Brookville,﻿Brookville,﻿PA,,,,,,,,,,,,,,,,,1868,,,,,,,,,,,,﻿,﻿,﻿Erie,Erie
﻿erie.pa.0013,﻿church,﻿Immaculate Conception,English,,,,﻿Clarion County,,﻿Clarion,,﻿PA,,,,,,,﻿joh_koch_001,﻿Rev.,﻿John Koch,,,,,,,,1868,,,,,,,,,,,,﻿,﻿,﻿Erie,Erie
﻿erie.pa.0014,﻿church,not recorded,English,,,,﻿Mercer County,,﻿Clarksville,,﻿PA,,,,﻿erie.pa.0038,﻿attended from Greensville,,,,,,,,,,,,1868,,,,,,,,,,,,﻿,﻿,﻿Erie,Erie
﻿erie.pa.0015,﻿church,﻿St. Francis,English,,,,﻿Clearfield County,,﻿Clearfield,﻿Clearfield,﻿PA,,,,,,,﻿tho_tracy_001,﻿Rev.,﻿Thomas Tracy,,,,,,,,1868,,,,,,,,,,,,﻿,﻿,﻿Erie,Erie
﻿erie.pa.0019,﻿church,﻿St. Peter's,English,,,,﻿Crawford County,,﻿Conneautville,﻿Conneautville,﻿PA,,,,,,,﻿kie_obranigan_001,﻿Rev.,﻿Kyran O'Branigan,,,﻿once a month,,,,,1868,,,,,,,,,,,,﻿,﻿,﻿Erie,Erie
﻿erie.pa.0020,﻿church,﻿St. Thomas,English,,,,﻿Erie County,,﻿Corry,﻿Corry,﻿PA,,,,,,,﻿tho_lonergan_001,﻿Rev.,﻿Thomas Lonergan,,,,,,,,1868,,,,,,,,,,,,﻿,﻿,﻿Erie,Erie
﻿erie.pa.0022,﻿church,not recorded,English,,,,﻿Venango County,,﻿Cranberry,﻿Cranberry Township,﻿PA,,,,﻿erie.pa.0029,﻿attended from Franklin,,,,,,,,,,,,1868,,,,,,,,,,,,﻿,﻿,﻿Erie,Erie
﻿erie.pa.0006,﻿church,﻿St. Boniface's,English,,,,﻿Elk County,,﻿Centreville,,﻿PA,,,,,,,﻿f_j_oberhofer_001,﻿Rev.,﻿F. J. Oberhoffer,,,,,,,,1868,,,,,,,,,,,,﻿,﻿,﻿Erie,Erie
﻿erie.pa.0023,﻿church,﻿St. Philip,English,,,,﻿Crawford County,,﻿Crossingville,﻿Crossingville,﻿PA,,,,,,,﻿j_q_adams_001,﻿Rev.,﻿J. Q. Adams,,,,,,,,1868,,,,,,,,,,,,﻿,﻿,﻿Erie,Erie
﻿erie.pa.0021,﻿church,not recorded,English,,,,﻿Jefferson County,,﻿Corsica,﻿Corsica,﻿PA,,,,﻿erie.pa.0013,﻿attended from Clarion,,,,,,,,,,,,1868,,,,,,,,,,,,﻿,﻿,﻿Erie,Erie
﻿erie.pa.0025,﻿church,not recorded,English,,,,﻿Venango County,,﻿Eagle Rock,﻿Oil City,﻿PA,,,,,﻿attended from Tideoute,,,,,,,,,,,,1868,,,,,,,,,,,,﻿,﻿,﻿Erie,Erie
﻿erie.pa.0008,﻿church,﻿Help of Christians,English,,,,﻿Clarion County,,﻿Farmington,,﻿PA,,,,﻿erie.pa.0013,﻿attended from Clarion,,,,,,,,,,,,1868,,,,,,,,,,,,﻿,﻿,﻿Erie,Erie
﻿erie.pa.0029,﻿church,not recorded,English,﻿church not dedicated,,,﻿Venango County,,﻿Franklin,﻿Franklin,﻿PA,,,,,,,﻿j_l_maddigan_001,﻿Rev.,﻿J. L. Maddigan,,,,,,,,1868,,,,,,,,,,,,﻿,﻿,﻿Erie,Erie
﻿erie.pa.0032,﻿church,﻿St. Mary's,English,,,,﻿Clearfield County,,﻿Frenchville,﻿Frenchville,﻿PA,,,,,,,﻿joh_berbigier_001,﻿Rev.,﻿John Berbigier,,,﻿Leconte's Mills P.O.,,,,,1868,,,,,,,,,,,,﻿,﻿,﻿Erie,Erie
﻿erie.pa.0033,﻿church,﻿St. Michael's,English,,,,﻿Clarion County,,﻿Freyburgh,﻿Fryburg,﻿PA,,,,,,,﻿and_skopez_001,﻿Rev.,﻿Andrew Skopez,,,,,,,,1868,,,,,,,,,,,,﻿,﻿,﻿Erie,Erie
﻿erie.pa.0028,﻿church,not recorded,English,﻿church not dedicated,,,﻿Clarion County,,﻿Fiscus,﻿Sigel,﻿PA,,,,﻿erie.pa.0013,﻿attended from Clarion,,,,,,,,,,,,1868,,,,,,,,,,,,﻿,﻿,﻿Erie,Erie
﻿erie.pa.0035,﻿church,﻿St. Mary's,English,,,,﻿Potter County,,﻿Genesee Township,﻿Genesee Township,﻿PA,,,,,,,﻿wil_pugh_001,﻿Rev.,﻿William Pugh,,,"﻿Shongo P.O., Alleghany Co., N.Y.",,,,,1868,,,,,,,,,,,,﻿,﻿,﻿Erie,Erie
﻿erie.pa.0036,﻿church,﻿St. John's,English,,,,﻿Erie County,,﻿Girard Village,﻿Girard,﻿PA,,,,﻿erie.pa.0007,﻿attended from Beechwood,,,,,,,,,,,,1868,,,,,,,,,,,,﻿,﻿,﻿Erie,Erie
﻿erie.pa.0010,﻿church,﻿St. Boniface's,English,,,,﻿Erie County,,﻿Green Township,,﻿PA,,,,﻿erie.pa.0002,"﻿attended from St. Mary's, Erie",,,,,,,,,,,,1868,,,,,,,,,,,,﻿,﻿,﻿Erie,Erie
﻿erie.pa.0038,﻿church,﻿St. Michael's,English,,,,﻿Mercer County,,﻿Greenville,﻿Greenville,﻿PA,,,,,,,﻿kie_obranigan_001,﻿Rev.,﻿K. O'Branigan,,,,,,,,1868,,,,,,,,,,,,﻿,﻿,﻿Erie,Erie
﻿erie.pa.0041,﻿church,not recorded,English,,,,﻿Warren County,,﻿Irvington,﻿Irvine,﻿PA,,,,﻿erie.pa.0080,﻿attended from Warren,,,,,,,,,,,,1868,,,,,,,,,,,,﻿,﻿,﻿Erie,Erie
﻿erie.pa.0042,﻿church,not recorded,English,﻿church building,,,﻿Erie County,,﻿Jackson,﻿Summit Township,﻿PA,,,,﻿erie.pa.0078,﻿attended from Union,,,,,,,,,,,,1868,,,,,,,,,,,,﻿,﻿,﻿Erie,Erie
﻿erie.pa.0043,﻿church,not recorded,English,,,,﻿Mercer County,,﻿Jamestown,﻿Jamestown,﻿PA,,,,﻿erie.pa.0038,﻿attended from Greenville,,,,,,,,,,,,1868,,,,,,,,,,,,﻿,﻿,﻿Erie,Erie
﻿erie.pa.0044,﻿church,not recorded,English,﻿church not dedicated,,,﻿McKean County,,﻿Kane City,﻿Kane,﻿PA,,,,﻿erie.pa.0080,﻿attended from Warren,,,,,,,,,,,,1868,,,,,,,,,,,,﻿,﻿,﻿Erie,Erie
﻿erie.pa.0011,﻿church,﻿St. Joseph's,English,,,,﻿Clarion County,,﻿Knox Township,,﻿PA,,,,﻿erie.pa.0013,﻿attended from Clarion,,,,,,,,,,,,1868,,,,,,,,,,,,﻿,﻿,﻿Erie,Erie
﻿erie.pa.0012,﻿church,not recorded,English,,,,﻿Crawford County,,﻿Linesville,,﻿PA,,,,,,,﻿mic_tracy_001,﻿Rev.,﻿Michael Tracy,,,,,,,,1868,,,,,,,,,,,,﻿,﻿,﻿Erie,Erie
﻿erie.pa.0016,﻿church,﻿St. Nicholas's,English,,,,﻿Clarion County,,﻿Limestone Township,,﻿PA,,,,﻿erie.pa.0013,﻿attended from Clarion,,,,,,,,,,,,1868,,,,,,,,,,,,﻿,﻿,﻿Erie,Erie
﻿erie.pa.0046,﻿church,﻿St. Francis',English,﻿vacant,,,﻿Erie County,,﻿McKean Township,﻿McKean,﻿PA,,,,,,,,,,,,,,,,,1868,,,,,,,,,,,,﻿,﻿,﻿Erie,Erie
﻿erie.pa.0046,﻿church,"﻿""Methodist church""",English,"﻿just bought, not yet dedicated",,,﻿Crawford County,,﻿Meadville,﻿McKean,﻿PA,,,,,,,﻿m_a_de-la-rocque_001,﻿Rev.,﻿M. A. De la Roque,,﻿Pastor,,,,,,1868,,,,,,,,,,,,﻿,﻿,﻿Erie,Erie
﻿erie.pa.0046,﻿church,"﻿""Methodist church""",English,"﻿just bought, not yet dedicated",,,﻿Crawford County,,﻿Meadville,﻿McKean,﻿PA,,,,,,,﻿j_l_finucane_001,﻿Rev.,﻿J. L. Finucane,,﻿Associate,,,,,,1868,,,,,,,,,,,,﻿,﻿,﻿Erie,Erie
﻿erie.pa.0047,﻿church,﻿St. Bride's,English,,,,﻿Crawford County,,﻿Meadville,﻿Meadville,﻿PA,,,,,,,﻿m_a_de-la-rocque_001,﻿Rev.,﻿M. A. De La Roque,,,,,,,,1868,,,,,,,,,,,,﻿,﻿,﻿Erie,Erie
﻿erie.pa.0047,﻿church,﻿St. Bride's,English,,,,﻿Crawford County,,﻿Meadville,﻿Meadville,﻿PA,,,,,,,,,﻿J. L. Finucane,,,,,,,,1868,,,,,,,,,,,,﻿,﻿,﻿Erie,Erie
﻿erie.pa.0048,﻿church,﻿St. Agatha's,﻿German,,,,﻿Crawford County,,﻿Meadville,﻿Meadville,﻿PA,,,,,,,﻿ant_keck_001,﻿Rev.,﻿Anthony Keck,,,,,,,,1868,,,,,,,,,,,,﻿,﻿,﻿Erie,Erie
﻿erie.pa.0017,﻿church,﻿St. Hippolytus',English,,,,﻿Crawford County,,﻿Mead Township,,﻿PA,,,,,,,﻿eug_cognerville_001,﻿Rev.,﻿Eugene Cognerville,,,,,,,,1868,,,,,,,,,,,,﻿,﻿,﻿Erie,Erie
﻿erie.pa.0049,﻿church,﻿All Saints',English,,,,﻿Mercer County,,﻿Mercer,﻿Mercer,﻿PA,,,,,,,﻿j_j_gallaher_001,﻿Rev.,﻿J. J. Gallaher,,,,,,,,1868,,,,,,,,,,,,﻿,﻿,﻿Erie,Erie
﻿erie.pa.0050,﻿church,not recorded,English,,,,﻿Mercer County,,﻿Middlesex,﻿West Middlesex,﻿PA,,,,,﻿attended from Sharon,,,,,,,,,,,,1868,,,,,,,,,,,,﻿,﻿,﻿Erie,Erie
﻿erie.pa.0052,﻿church,﻿St. Severinus',English,,,,﻿Clearfield County,,﻿Morris Township,﻿Morris Township,﻿PA,,,,,,,﻿gerst_001,﻿Rev. Father,﻿Gerst,,,,,,,,1868,,,,,,,,,,,,﻿,﻿,﻿Erie,Erie
﻿erie.pa.0054,﻿church,not recorded,English,﻿church not dedicated,,,﻿Erie County,,﻿North-East,﻿North East,﻿PA,,,,﻿erie.pa.0078,﻿attended from Union,,,,,,,,,,,,1868,,,,,,42.2156131,-79.8342163,,,﻿erie.pa.0078,﻿attended from Union,﻿,﻿,﻿Erie,Erie
﻿erie.pa.0055,﻿church,﻿St. Joseph's,English,,,,﻿Venango County,,﻿Oil City,﻿Oil City,﻿PA,,,,,,,﻿joh_d_coady_001,﻿V. Rev.,﻿John D. Coady,,﻿Administrator,,,,,,1868,,,,,,,,,,,,﻿,﻿,﻿Erie,Erie
﻿erie.pa.0056,﻿church,﻿Immaculate Conception,English,,,,﻿Clearfield County,,﻿Osceola,﻿Osceola Mills,﻿PA,,,,﻿erie.pa.0015,﻿attended from Clearfield,,,,,,,,,,,,1868,,,,,,,,,,,,﻿,﻿,﻿Erie,Erie
﻿erie.pa.0057,﻿church,﻿SS. Peter and Paul's,English,,,,﻿Venango County,,﻿Petroleum Centre,﻿Petroleum Center,﻿PA,,,,,﻿attended from Oil City,,,,,,,,,,,,1868,,,,,,,,,,,,﻿,﻿,﻿Erie,Erie
﻿erie.pa.0058,﻿church,﻿St. Patrick's,English,,,,﻿Venango County,,﻿Pit-Hole City,﻿Pithole,﻿PA,,,,,﻿attended from Tideoute,,,,,,,,,,,,1868,,,,,,,,,,,,﻿,﻿,﻿Erie,Erie
﻿erie.pa.0061,﻿church,not recorded,English,,,,﻿Venango County,,﻿Plumer,﻿Cornplanter Township,﻿PA,,,,,﻿attended from Oil City,,,,,,,,,,,,1868,,,,,,,,,,,,﻿,﻿,﻿Erie,Erie
﻿erie.pa.0037,﻿church,﻿St. Bonaventura,English,,﻿Penn Township,,﻿Clearfield County,,﻿Grampian Hills,﻿Grampian,﻿PA,,,,﻿erie.pa.0015,﻿attended from Clearfield,,,,,,,,,,,,1868,,,,,,,,,,,,﻿,﻿,﻿Erie,Erie
﻿erie.pa.0024,﻿church,﻿SS. Peter and Paul,English,,,,﻿Crawford County,,﻿Randolph,,﻿PA,,,,,﻿attended from Frenchtown,,,,,,,,,,,,1868,,,,,,,,,,,,﻿,﻿,﻿Erie,Erie
﻿erie.pa.0026,﻿church,﻿Immaculate Heart of Mary,English,,,,﻿Crawford County,,﻿Rome,,﻿PA,,,,﻿erie.pa.0076,﻿attended from Titusville,,,,,,,,,,,,1868,,,,,,,,,,,,﻿,﻿,﻿Erie,Erie
﻿erie.pa.0062,﻿church,not recorded,English,﻿a chapel,,,﻿Clarion County,,﻿Red Bank,﻿Farmington Township,﻿PA,,,,﻿erie.pa.0013,﻿attended from Clarion,,,,,,,,,,,,1868,,,,,,,,,,,,﻿,﻿,﻿Erie,Erie
﻿erie.pa.0073,﻿church,﻿Immaculate Conception,English,,,,﻿Crawford County,,﻿Summit,﻿Summit Township,﻿PA,,,,,﻿attended from Greenville,,,,,,,,,,,,1868,,,,,,,,,,,,﻿,﻿,﻿Erie,Erie
﻿erie.pa.0068,﻿church,not recorded,English,﻿church not dedicated,,,﻿Mercer County,,﻿Sharon,﻿Sharon,﻿PA,,,,,,,﻿joh_h_okeeffe_001,﻿Rev.,﻿John H. O'Keeffe,,,,,,,,1868,,,,,,,,,,,,﻿,﻿,﻿Erie,Erie
﻿erie.pa.0124,﻿church,﻿St. Rose of Lima,English,,,,﻿Mercer County,,﻿Sharon Mines,,﻿PA,,,,,,,﻿t_j_hartmann_001,﻿Rev.,﻿T. J. Hartmann,,,,,,,,1868,,,,,,,,,,,,﻿,﻿,﻿Erie,Erie
﻿erie.pa.0072,﻿church,﻿St. Aloysius',English,,,,﻿McKean County,,﻿Smithport,﻿Smethport,﻿PA,,,,﻿erie.pa.0053,﻿attended from Annin Township,,,,,,,,,,,,1868,,,,,,,,,,,,﻿,﻿,﻿Erie,Erie
﻿erie.pa.0085,﻿church,﻿St. Mary's,English,,﻿P.O. Benzinger,,﻿Elk County,,﻿St. Mary's,﻿St. Mary's,﻿PA,,,,,,,﻿pau_wenkmann_001,﻿Rev.,﻿Paulinus Wenkmann,﻿O.S.B.,﻿Prior,,,,,,1868,,,,,,,,,,,,﻿,﻿,﻿Erie,Erie
﻿erie.pa.0085,﻿church,﻿St. Mary's,English,,﻿P.O. Benzinger,,﻿Elk County,,﻿St. Mary's,﻿St. Mary's,﻿PA,,,,,,,﻿wen_meyer_001,﻿Rev.,﻿Wendelinus Mayer,﻿O.S.B.,,,,,,,1868,,,,,,,,,,,,﻿,﻿,﻿Erie,Erie
﻿erie.pa.0085,﻿church,﻿St. Mary's,English,,﻿P.O. Benzinger,,﻿Elk County,,﻿St. Mary's,﻿St. Mary's,﻿PA,,,,,,,﻿chi_bernetzeder_001,﻿Rev.,﻿Chilianus Bernetzeder,﻿O.S.B.,,,,,,,1868,,,,,,,,,,,,﻿,﻿,﻿Erie,Erie
﻿erie.pa.0085,﻿church,﻿St. Mary's,English,,﻿P.O. Benzinger,,﻿Elk County,,﻿St. Mary's,﻿St. Mary's,﻿PA,,,,,,,﻿eug_phelan_001,﻿Rev.,﻿Eugenius Phelan,﻿O.S.B.,,,,,,,1868,,,,,,,,,,,,﻿,﻿,﻿Erie,Erie
﻿erie.pa.0069,﻿church,not recorded,English,﻿church not dedicated,,,﻿Elk County,,﻿Shawmut,﻿Horton Township,﻿PA,,,,﻿erie.pa.0011,﻿attended from Centreville,,,,,,,,,,,,1868,,,,,,,,,,,,﻿,﻿,﻿Erie,Erie
﻿erie.pa.0112,﻿church,not recorded,English,,,,﻿Cameron County,,﻿Shippen,,﻿PA,,,,﻿erie.pa.0085,"﻿attended from St. Mary's, Elk Co.",,,,,,,,,,,,1868,,,,,,,,,,,,﻿,﻿,﻿Erie,Erie
﻿erie.pa.0076,﻿church,﻿St. Titus',English,,,,﻿Crawford County,,﻿Titusville,﻿Titusville,﻿PA,,,,,,,﻿nap_mignault_001,﻿Rev.,﻿Napolean Mignault,,,,,,,,1868,,,,,,,,,,,,﻿,﻿,﻿Erie,Erie
﻿erie.pa.0076,﻿church,﻿St. Titus',English,,,,﻿Crawford County,,﻿Titusville,﻿Titusville,﻿PA,,,,,,,﻿art_mignault_001,﻿Rev.,﻿Arthur Mignault,,,,,,,,1868,,,,,,,,,,,,﻿,﻿,﻿Erie,Erie
﻿erie.pa.0125,﻿church,﻿St. Stephen's,English,,,,﻿Crawford County,,﻿Titusville,,﻿PA,,,,,,,﻿nap_mignault_001,﻿Rev.,﻿Napolean Mignault,,,,,,,,1868,,,,,,,,,,,,﻿,﻿,﻿Erie,Erie
﻿erie.pa.0125,﻿church,﻿St. Stephen's,English,,,,﻿Crawford County,,﻿Titusville,,﻿PA,,,,,,,﻿art_mignault_001,﻿Rev.,﻿Arthur Mignault,,,,,,,,1868,,,,,,,,,,,,﻿,﻿,﻿Erie,Erie
﻿erie.pa.0113,﻿church,﻿St. John's,English,,,,﻿Warren County,,﻿Tideout,,﻿PA,,,,,,,﻿f_j_mcsweeney_001,﻿Rev.,﻿F. J. McSweeney,,,,,,,,1868,,,,,,,,,,,,﻿,﻿,﻿Erie,Erie
﻿erie.pa.0078,﻿church,﻿St. Theresa's,English,,,,﻿Erie County,,﻿Union,﻿Union City,﻿PA,,,,,,,﻿phi_maurel_001,﻿Rev.,﻿Philip Maurel,,,,,,,,1868,,,,,,,,,,,,﻿,﻿,﻿Erie,Erie
﻿erie.pa.0080,﻿church,﻿St. Joseph's,English,,,,﻿Warren County,,﻿Warren,﻿Warren,﻿PA,,,,,,,﻿jos_a_voisard_001,﻿Rev.,﻿Joseph A. Voisard,,,,,,,,1868,,,,,,,,,,,,﻿,﻿,﻿Erie,Erie
﻿erie.pa.0082,﻿church,﻿Holy Cross,English,,,,﻿Elk County,,﻿Williamsville,﻿Jones Township,﻿PA,,,,﻿erie.pa.0065,﻿attended from St. Mary's,,,,,,,,,,,,1868,,,,,,,,,,,,﻿,﻿,﻿Erie,Erie
﻿erie.pa.0084,﻿church,not recorded,English,,,,﻿Warren County,,﻿Youngsville,﻿Youngsville,﻿PA,,,,﻿erie.pa.0080,﻿attended from Warren,,,,,,,,,,,,1868,,,,,,,,,,,,﻿,﻿,﻿Erie,Erie
﻿erie.pa.0085_03,﻿priory,﻿Benedictine Priory,English,,﻿Benzinger P.O.,,,﻿Elk County,﻿St. Mary's,﻿St. Marys,﻿PA,,,,,,,﻿pau_wenkmann_001,﻿Rev.,﻿Paulinus Wenkmann,,﻿Prior,,,,,,1868,,,,,,,,,,,,﻿,﻿,﻿Erie,Erie
﻿erie.pa.0002_02,﻿priory,﻿Benedictine Priory,English,,﻿St. Mary's.  Ninth Street,,,,﻿Erie,﻿Erie,﻿PA,,,,,,,﻿ben_hegele_001,﻿Rev.,﻿Benno Hegele,,﻿Prior,,,,,,1868,,,,,,,,,,,,﻿,﻿,﻿Erie,Erie
﻿erie.pa.0090,﻿convent,﻿St. Joseph's Convent of Benedictine Nuns,English,,,,﻿Elk County,﻿Elk County,﻿St. Mary's,﻿St. Marys,﻿PA,,,,,,,,﻿Mother,﻿Theresa Fogle,,﻿Prioress,,,,,,1868,,,,,,,,,,,,﻿,﻿,﻿Erie,Erie
﻿erie.pa.0093,﻿academy,﻿St. Benedict's Academy,English,,,,﻿Elk County,﻿Elk County,﻿St. Mary's,﻿St. Marys,﻿PA,,,,,,,,﻿Sister,﻿Mary Glenn,,﻿Directress,,﻿nun,﻿Benedictine Nuns,﻿conducted by Benedictine Nuns,,1868,,,,,,,,,,,,﻿,﻿,﻿Erie,Erie
﻿erie.pa.0001_02.01,﻿academy,﻿Academy for Boys,English,,﻿Fourth street,,,,﻿Erie,,﻿PA,,,,,,,,﻿Brother,﻿Philip,,﻿Superior,,﻿religious,﻿Franciscan Brothers,﻿conducted by the Franciscan Brothers,,1868,,,,,,,,,,,,﻿,﻿,﻿Erie,Erie
﻿erie.pa.0001_02.02,﻿academy,﻿Academy for Girls,English,,﻿Fourth Street,,,,﻿Erie,,﻿PA,,,,,,,,﻿Sister,﻿Ambrosia,,﻿Directress,,﻿religious,﻿Sisters of St. Joseph,﻿conducted by Sisters of St. Joseph,,1868,,,,,,,,,,,,﻿,﻿,﻿Erie,Erie
﻿erie.pa.0002_05,﻿academy,﻿Academy for Girls,English,,﻿Ninth Street,,,,﻿Erie,,﻿PA,,,,,,,,﻿Sister,﻿----,,﻿Directress,,﻿nun,﻿Benedictine Nuns,﻿conducted by Benedictine Nuns,,1868,,,,,,,,,,,,﻿,﻿,﻿Erie,Erie
﻿erie.pa.0116,﻿academy,﻿Mother House and Novitiate of the Sisters of St. Bridget,English,,,,,,﻿Titusville,,﻿PA,,,,,,,,﻿Mother,﻿Mary Ann,,﻿Superior,,,,,,1868,,,,,,,,,,,,﻿,﻿,﻿Erie,Erie
﻿erie.pa.0117,﻿academy,﻿Academy of the Sisters of St. Bridget,English,,,,,,﻿Titusville,,﻿PA,,,,,,,,﻿Sister,﻿Mary Joseph,,﻿Directress,,﻿religious,﻿Sisters of St. Bridget,,,1868,,,,,,,,,,,,﻿,﻿,﻿Erie,Erie
﻿erie.pa.0089_03,﻿orphanage,﻿St. Joseph's Orphanage,English,,,,,,﻿Erie,,﻿PA,,,,,,,,﻿Mother,﻿Martha,,﻿Superior,,﻿religious,﻿Sisters of St. Joseph,﻿under the care of Sisters of St. Joseph,,1868,,,,,,,,,,,,﻿,﻿,﻿Erie,Erie
﻿erie.pa.0119,﻿asylum,﻿Orphan Asylum,English,,,,,,﻿Meadville,,﻿PA,,,,,,,,﻿Mother,﻿Agnes,,﻿Superior,,﻿religious,﻿Sisters of St. Joseph,﻿under the care of Sisters of St. Joseph,,1868,,,,,,,,,,,,﻿,﻿,﻿Erie,Erie
﻿erie.pa.0001_03.01&0001_03.02,﻿school,﻿St. Patrick's,English,,,,,,﻿Erie,,﻿PA,,,,,,,,,,,,,﻿child,﻿600 children,,,1868,,,,,,,,,,,,﻿,﻿,﻿Erie,Erie
﻿erie.pa.0002_04,﻿school,﻿St. Mary's,English,,,,,,﻿Erie,﻿Erie,﻿PA,,,,,,,,,,,,,﻿child,﻿600 children,,,1868,,,,,,,,,,,,﻿,﻿,﻿Erie,Erie
﻿erie.pa.0089_04,﻿school,﻿St. Joseph's,English,,,,,,﻿Erie,﻿Erie,﻿PA,,,,,,,,,,,,,﻿child,﻿500 children,,,1868,,,,,,,,,,,,﻿,﻿,﻿Erie,Erie
﻿erie.pa.0076_02,﻿school,﻿St. Titus',English,,,,,,﻿Titusville,﻿Titusville,﻿PA,,,,,,,,,,,,,﻿child,﻿250 children,,,1868,,,,,,,,,,,,﻿,﻿,﻿Erie,Erie
﻿erie.pa.0048_02,﻿school,﻿St. Agatha's,English,,,,,,﻿Meadville,﻿Meadville,﻿PA,,,,,,,,,,,,,﻿child,﻿200 children,,,1868,,,,,,,,,,,,﻿,﻿,﻿Erie,Erie
﻿erie.pa.0047_03,﻿school,﻿St. Bride's,English,,,,,,﻿Meadsville,﻿Meadville,﻿PA,,,,,,,,,,,,,﻿child,﻿250 children,,,1868,,,,,,,,,,,,﻿,﻿,﻿Erie,Erie
﻿erie.pa.0020_02,﻿school,﻿St. Thomas',English,,,,,,﻿Corry,﻿Corry,﻿PA,,,,,,,,,,,,,﻿child,﻿300 children,,,1868,,,,,,,,,,,,﻿,﻿,﻿Erie,Erie
﻿erie.pa.0121,﻿school,not recorded,English,,,,,,﻿Ceres Township,,﻿PA,,,,,,,,,,,,,﻿child,﻿50 children,,,1868,,,,,,,,,,,,﻿,﻿,﻿Erie,Erie
﻿erie.pa.0055_02,﻿school,﻿St. Joseph's,English,,,,,,﻿Oil City,﻿Oil City,﻿PA,,,,,,,,,,,,,﻿child,﻿200 children,,,1868,,,,,,,,,,,,﻿,﻿,﻿Erie,Erie
﻿erie.pa.0106,﻿school,not recorded,English,,,,,,﻿Sharon,﻿Sharon,﻿PA,,,,,,,,,,,,,﻿child,﻿250 children,,,1868,,,,,,,,,,,,﻿,﻿,﻿Erie,Erie
﻿erie.pa.0122,﻿school,﻿St. Rose of Lima,English,,,,,,﻿Sharon mines,,﻿PA,,,,,,,,,,,,,﻿child,﻿50 children,,,1868,,,,,,,,,,,,﻿,﻿,﻿Erie,Erie
﻿erie.pa.0108,﻿school,﻿St. Teresa's,English,,,,,,﻿Union,﻿Union City,﻿PA,,,,,,,,,,,,,﻿child,﻿100 children,,,1868,,,,,,,,,,,,﻿,﻿,﻿Erie,Erie
﻿erie.pa.0032_02,﻿school,﻿St. Mary's,English,,,,,,﻿Frenchville,﻿Frenchville,﻿PA,,,,,,,,,,,,,﻿child,﻿150 children,,,1868,,,,,,,,,,,,﻿,﻿,﻿Erie,Erie
﻿erie.pa.0127,﻿school,﻿St. Mary's,English,,,,,,﻿Annin Township,,﻿PA,,,,,,,,,,,,,﻿child,﻿100 children,,,1868,,,,,,,,,,,,﻿,﻿,﻿Erie,Erie
﻿erie.pa.0057_02,﻿school,﻿SS. Peter and Paul,English,,,,,,﻿Petroleum Centre,﻿Petroleum Center,﻿PA,,,,,,,,,,,,,﻿child,﻿75 children,,,1868,,,,,,,,,,,,﻿,﻿,﻿Erie,Erie
﻿erie.pa.0035_02,﻿school,﻿St. Mary's,English,,﻿Genesee Township,,,,﻿Genesee Township,,﻿PA,,,,,,,,,,,,,﻿child,﻿75 children,,,1868,,,,,,,,,,,,﻿,﻿,﻿Erie,Erie
﻿erie.pa.0085_02,﻿school,not recorded,English,,﻿Benzinger P.O.,,,,,,﻿PA,,,,,,,,,,,,,﻿child,﻿400 children,,,1868,,,,,,,,,,,,﻿,﻿,﻿Erie,Erie
