instID,church_type,instName,language,instNote,placeName,region,county_orig,county_reg,city_orig,city_reg,state_orig,state_reg,latitude,longitude,attendingInstID,attendingChurch,attendingChurchFrequency,persID,persTitle,persName,persSuffix,persRole,persNote,memberType,member,affiliated,order,year,attendingPersID,attendingChurchNote,diocese,diocese_reg
﻿for.in.0001,﻿cathedral,﻿Cathedral of the Immaculate Conception,English,,,,﻿Allen County,﻿Allen County,﻿Fort Wayne,﻿Fort Wayne,﻿IN,,,,,,,﻿joh_h_luers_001,﻿Rt. Rev.,﻿John H. Luers,﻿D.D.,,,,,,,1867,﻿,﻿,﻿Fort Wayne,FortWayne
﻿for.in.0001,﻿cathedral,﻿Cathedral of the Immaculate Conception,English,,,,﻿Allen County,﻿Allen County,﻿Fort Wayne,﻿Fort Wayne,﻿IN,,,,,,,﻿jul_benoit_001,﻿Very Rev.,﻿Julian Benoit,,"﻿Pastor, V.G.",,,,,,1867,﻿,﻿,﻿Fort Wayne,FortWayne
﻿for.in.0001,﻿cathedral,﻿Cathedral of the Immaculate Conception,English,,,,﻿Allen County,﻿Allen County,﻿Fort Wayne,﻿Fort Wayne,﻿IN,,,,,,,﻿edw_p_walters_001,﻿Rev.,﻿Edward P. Walters,,,,,,,,1867,﻿,﻿,﻿Fort Wayne,FortWayne
﻿for.in.0002,﻿church,﻿Mother of God,﻿German,,,,﻿Allen County,﻿Allen County,﻿Fort Wayne,﻿Fort Wayne,﻿IN,,,,,,,﻿jos_weutz_001,﻿Rev.,﻿Joseph Weutz,,﻿Pastor,,,,,,1867,﻿,﻿,﻿Fort Wayne,FortWayne
﻿for.in.0002,﻿church,﻿Mother of God,﻿German,,,,﻿Allen County,﻿Allen County,﻿Fort Wayne,﻿Fort Wayne,﻿IN,,,,,,,﻿a_a_heitmann_001,﻿Rev.,﻿A. Heitmann,,,,,,,,1867,﻿,﻿,﻿Fort Wayne,FortWayne
﻿for.in.0003,﻿church,﻿St. Paul's,﻿German,,,,﻿Allen County,﻿Allen County,﻿Fort Wayne,﻿Fort Wayne,﻿IN,,,,,,,﻿edw_koenig_001,﻿Rev.,﻿E. Koenig,,,,,,,,1867,﻿,﻿,﻿Fort Wayne,FortWayne
﻿for.in.0005,﻿church,not recorded,English,﻿church building,,,﻿Allen County,﻿Allen County,﻿Arcola,﻿Arcola,﻿IN,,,,﻿for.in.0023,﻿Attended from Columbia City,,,,,,,,,,,,1867,﻿,﻿,﻿Fort Wayne,FortWayne
﻿for.in.0006,﻿church,﻿St. Francis',English,,,,﻿Fountain County,﻿Fountain County,﻿Attica,﻿Attica,﻿IN,,,,,,,﻿jos_rademacher_001,﻿Rev.,﻿Joseph Rademacher,,﻿Pastor,,,,,,1867,﻿,﻿,﻿Fort Wayne,FortWayne
﻿for.in.0007,﻿church,﻿Assumption B.V.M.,English,,,,﻿Noble County,﻿Noble County,﻿Avilla,﻿Avilla,﻿IN,,,,,,,﻿aug_oechtering_001,﻿Rev.,﻿Augustin B. Oechtering,,,,,,,,1867,﻿,﻿,﻿Fort Wayne,FortWayne
﻿for.in.0008,﻿church,not recorded,English,﻿no church,,,﻿DeKalb County,﻿DeKalb County,﻿Auburn,﻿Auburn,﻿IN,,,,﻿for.in.0007,﻿attended from Avilla,,,,,,,,,,,,1867,﻿,﻿,﻿Fort Wayne,FortWayne
﻿for.in.0009,﻿church,﻿St. Mary's,English,,,,﻿Madison County,﻿Madison County,﻿Anderson,﻿Anderson,﻿IN,,,,,,,﻿jam_crawley_001,﻿Rev.,﻿James Crowley,,﻿Pastor,,,,,,1867,﻿,﻿,﻿Fort Wayne,FortWayne
﻿for.in.0010,﻿church,﻿St. Aloysius',English,﻿vacant,,,﻿Allen County,﻿Allen County,﻿Besançon,﻿New Haven,﻿IN,,,,,,,,,,,,,,,,,1867,﻿,﻿,﻿Fort Wayne,FortWayne
﻿for.in.0011,﻿church,not recorded,English,,,,﻿Pulaski County,﻿Pulaski County,﻿Bradford,,﻿IN,,,,﻿for.in.0062,﻿attended from Lafayette,,,,,,,,,,,,1867,﻿,﻿,﻿Fort Wayne,FortWayne
﻿for.in.0013,﻿church,not recorded,English,,,,﻿White County,﻿White County,﻿Brookston,﻿Brookston,﻿IN,,,,﻿for.in.0062,﻿attended from Lafayette,,,,,,,,,,,,1867,﻿,﻿,﻿Fort Wayne,FortWayne
﻿for.in.0014,﻿church,not recorded,English,,,,﻿Wells County,﻿Wells County,﻿Blufton,﻿Bluffton,﻿IN,,,,﻿for.in.0001,﻿attended from Fort Wayne,,,,,,,,,,,,1867,﻿,﻿,﻿Fort Wayne,FortWayne
﻿for.in.0185,﻿church,not recorded,English,,,,﻿Noble County,﻿Noble County,﻿Blue River,﻿Blue River,﻿IN,,,,﻿for.in.0007,﻿attended from Avilla,,,,,,,,,,,,1867,﻿,﻿,﻿Fort Wayne,FortWayne
﻿for.in.0015,﻿church,not recorded,English,,,,﻿Tippecanoe County,﻿Tippecanoe County,﻿Buck Creek,﻿Buck Creek,﻿IN,,,,﻿for.in.0062,﻿attended from Lafayette,,,,,,,,,,,,1867,﻿,﻿,﻿Fort Wayne,FortWayne
﻿for.in.0164,﻿church,not recorded,English,,﻿near Cicero,,﻿Hamilton County,,﻿Busker's Settlement,,﻿IN,,,,﻿for.in.0109,﻿attended from Peru,,,,,,,,,,,,1867,﻿,﻿,﻿Fort Wayne,FortWayne
﻿for.in.0019,﻿church,not recorded,English,﻿no church,,,﻿De Kalb County,﻿De Kalb County,﻿Butler,﻿Butler,﻿IN,,,,﻿for.in.0007,﻿attended from Avilla,,,,,,,,,,,,1867,﻿,﻿,﻿Fort Wayne,FortWayne
﻿for.in.0016,﻿church,not recorded,English,,,,﻿Marshall County,﻿Marshall County,﻿Bourbon,﻿Bourbon,﻿IN,,,,﻿for.in.0111,﻿attended from Plymouth,,,,,,,,,,,,1867,﻿,﻿,﻿Fort Wayne,FortWayne
﻿for.in.0017,﻿church,not recorded,English,,,,﻿Elkhart County,﻿Elkhart County,﻿Bristol,﻿Bristol,﻿IN,,,,﻿for.in.0045,﻿attended from Goshen,,,,,,,,,,,,1867,﻿,﻿,﻿Fort Wayne,FortWayne
﻿for.in.0020,﻿church,﻿St. Patrick's,English,,,,﻿Porter County,﻿Porter County,﻿Calumet,﻿Chesterton,﻿IN,,,,﻿for.in.0069,﻿attended from Laporte,,,,,,,,,,,,1867,﻿,﻿,﻿Fort Wayne,FortWayne
﻿for.in.0021,﻿church,not recorded,English,,,,﻿Jay County,﻿Jay County,﻿Camden,﻿Pennville,﻿IN,,,,﻿for.in.0135,﻿attended from St. Mary's Home,,,,,,,,,,,,1867,﻿,﻿,﻿Fort Wayne,FortWayne
﻿for.in.0022,﻿church,not recorded,English,,,,﻿St. Joseph's County,,﻿Carlisle,﻿Carlisle,﻿IN,,,,﻿for.in.0069,﻿attended from Laporte,,,,,,,,,,,,1867,﻿,﻿,﻿Fort Wayne,FortWayne
﻿for.in.0023,﻿church,﻿St. Mary's,English,,,,﻿Whitley County,﻿Whitley County,﻿Columbia City,﻿Columbia City,﻿IN,,,,,,,﻿hen_schaefer_001,﻿Rev.,﻿Henry Schaefer,,﻿Pastor,,,,,,1867,﻿,﻿,﻿Fort Wayne,FortWayne
﻿for.in.0024,﻿church,not recorded,English,,,,﻿Tippecanoe County,﻿Tippecanoe County,﻿Clarke's Hill,﻿Clarks Hill,﻿IN,,,,﻿for.in.0062,﻿attended from Lafayette,,,,,,,,,,,,1867,﻿,﻿,﻿Fort Wayne,FortWayne
﻿for.in.0025,﻿church,not recorded,English,,,,﻿Tippecanoe County,﻿Tippecanoe County,﻿Colfax,﻿Colfax,﻿IN,,,,﻿for.in.0062,﻿attended from Lafayette,,,,,,,,,,,,1867,﻿,﻿,﻿Fort Wayne,FortWayne
﻿for.in.0026,﻿church,not recorded,English,,,,﻿Cass County,﻿Cass County,﻿Clymer,﻿Clymers,﻿IN,,,,﻿for.in.0081,﻿attended from Logansport,,,,,,,,,,,,1867,﻿,﻿,﻿Fort Wayne,FortWayne
﻿for.in.0188,﻿church,not recorded,English,,,,﻿Hamilton County,﻿Hamilton County,﻿Cicero,﻿Cicero,﻿IN,,,,﻿for.in.0109,﻿attended from Peru,,,,,,,,,,,,1867,﻿,﻿,﻿Fort Wayne,FortWayne
﻿for.in.0031,﻿church,not recorded,English,,,,﻿Lake County,﻿Lake County,﻿Crown Point,﻿Crown Point,﻿IN,,,,,,,﻿m_p_wehrle_001,﻿Rev.,﻿M. P. Wehrle,,,,,,,,1867,﻿,﻿,﻿Fort Wayne,FortWayne
﻿for.in.0027,﻿church,not recorded,English,﻿no church,,,﻿Noble County,﻿DeKalb County,﻿Corona,﻿Corunna,﻿IN,,,,﻿for.in.0007,﻿attended from Avilla,,,,,,,,,,,,1867,﻿,﻿,﻿Fort Wayne,FortWayne
﻿for.in.0028,﻿church,not recorded,English,﻿church building,,,﻿Fountain County,﻿Fountain County,﻿Covington,﻿Covington,﻿IN,,,,﻿for.in.0006,﻿attended from Attica,,,,,,,,,,,,1867,﻿,﻿,﻿Fort Wayne,FortWayne
﻿for.in.0029,﻿church,not recorded,English,,,,﻿Lake County,﻿Lake County,﻿Cedar Lake,﻿Cedar Lake,﻿IN,,,,,,,,﻿Rev.,﻿- Bartolz,,,,,,,,1867,﻿,﻿,﻿Fort Wayne,FortWayne
﻿for.in.0030,﻿church,﻿St. Bernard's,English,,,,﻿Montgomery County,﻿Montgomery County,﻿Crawfordsville,﻿Crawfordsville,﻿IN,,,,,,,﻿cha_maugin_001,﻿Rev.,﻿Charles Maugin,,﻿Pastor,,,,,,1867,﻿,﻿,﻿Fort Wayne,FortWayne
﻿for.in.0194,﻿church,not recorded,English,,,,﻿Tippecanoe County,﻿Tippecanoe County,﻿Dayton,﻿Dayton,﻿IN,,,,﻿for.in.0062,﻿attended from Lafayette,,,,,,,,,,,,1867,﻿,﻿,﻿Fort Wayne,FortWayne
﻿for.in.0034,﻿church,﻿St. Mary's,English,,,,﻿Adams County,﻿Adams County,﻿Decatur,﻿Decatur,﻿IN,,,,,,,﻿joh_wemhoff_001,﻿Rev.,﻿John Wemhoff,,,,,,,,1867,﻿,﻿,﻿Fort Wayne,FortWayne
﻿for.in.0035,﻿church,﻿St. Joseph's,English,,,,﻿Carroll County,﻿Carroll County,﻿Delphi,﻿Delphi,﻿IN,,,,﻿for.in.0062,﻿attended from Lafayette,,,,,,,,,,,,1867,﻿,﻿,﻿Fort Wayne,FortWayne
﻿for.in.0037,﻿church,not recorded,English,﻿church building,,,﻿Elkhart County,﻿Elkhart County,﻿Elkhart,﻿Elkhart,﻿IN,,,,,,,,,,,,,,,,,1867,﻿,﻿,﻿Fort Wayne,FortWayne
﻿for.in.0039,﻿church,not recorded,English,,,,﻿Clinton County,﻿Clinton County,﻿Frankfort,﻿Frankfort,﻿IN,,,,﻿for.in.0062,﻿attended from Lafayette,,,,,,,,,,,,1867,﻿,﻿,﻿Fort Wayne,FortWayne
﻿for.in.0041,﻿church,not recorded,English,﻿church building,,,﻿Pulaski County,﻿Pulaski County,﻿Francisville,﻿Francesville,﻿IN,,,,﻿for.in.0062,﻿attended from Lafayette,,,,,,,,,,,,1867,﻿,﻿,﻿Fort Wayne,FortWayne
﻿for.in.0043,﻿church,﻿Immaculate Conception,English,,﻿Eel River,,﻿Allen County,﻿Allen County,﻿Girardot,﻿Eel River,﻿IN,,,,﻿for.in.0007,﻿attended from Avilla,,,,,,,,,,,,1867,﻿,﻿,﻿Fort Wayne,FortWayne
﻿for.in.0045,﻿church,﻿St. John's,English,,,,﻿Elkhart County,﻿Elkhart County,﻿Goshen,﻿Goshen,﻿IN,,,,,,,﻿wil_starr_001,﻿Rev.,﻿William Starr,,,,,,,,1867,﻿,﻿,﻿Fort Wayne,FortWayne
﻿for.in.0046,﻿church,not recorded,English,,,,﻿Marshall County,﻿Starke County,﻿Grovertown,﻿Grovertown,﻿IN,,,,﻿for.in.0111,﻿attended from Plymouth,,,,,,,,,,,,1867,﻿,﻿,﻿Fort Wayne,FortWayne
﻿for.in.0047,﻿church,not recorded,English,,,,﻿Laporte County,﻿LaPorte County,﻿Hanna,﻿Hanna,﻿IN,,,,﻿for.in.0146,﻿attended from Valparaiso,,,,,,,,,,,,1867,﻿,﻿,﻿Fort Wayne,FortWayne
﻿for.in.0048,﻿church,﻿St. Elizabeth's,English,,,,﻿Cass County,﻿Cass County,﻿Harrison Township,﻿Harrison Township,﻿IN,,,,﻿for.in.0081,﻿attended from Logansport,,,,,,,,,,,,1867,﻿,﻿,﻿Fort Wayne,FortWayne
﻿for.in.0049,﻿church,not recorded,English,,,,﻿Blackford County,﻿Blackford County,﻿Hartford,﻿Hartford City,﻿IN,,,,﻿for.in.0145,﻿attended from Union City,,,,,,,,,,,,1867,﻿,﻿,﻿Fort Wayne,FortWayne
﻿for.in.0050,﻿church,not recorded,English,,,,﻿Porter County,﻿Porter County,﻿Hebron,﻿Hebron,﻿IN,,,,﻿for.in.0146,﻿attended from Valparaiso,,,,,,,,,,,,1867,﻿,﻿,﻿Fort Wayne,FortWayne
﻿for.in.0051,﻿church,﻿St. Joseph's,English,,,,﻿Allen County,﻿Allen County,﻿Hesse Cassel,﻿Hessen Cassel,﻿IN,,,,,,,﻿wil_woeste_001,﻿Rev.,﻿William Woeste,,,,,,,,1867,﻿,﻿,﻿Fort Wayne,FortWayne
﻿for.in.0052,﻿church,not recorded,English,,,,﻿Porter County,﻿Lake County,﻿Hobart,﻿Hobart,﻿IN,,,,﻿for.in.0146,﻿attended from Valparaiso,,,,,,,,,,,,1867,﻿,﻿,﻿Fort Wayne,FortWayne
﻿for.in.0054,﻿church,﻿SS. Peter and Paul's,English,,,,﻿Huntington County,﻿Huntington County,﻿Huntington,﻿Huntington,﻿IN,,,,,,,﻿jac_mayer_001,﻿Rev.,﻿Jacob Meyer,,﻿Pastor,,,,,,1867,﻿,﻿,﻿Fort Wayne,FortWayne
﻿for.in.0056,﻿church,not recorded,English,,,,﻿Grant County,﻿Grant County,﻿Jonesboro,﻿Jonesboro,﻿IN,,,,﻿for.in.0079,﻿attended from Lagro,,,,,,,,,,,,1867,﻿,﻿,﻿Fort Wayne,FortWayne
﻿for.in.0055,﻿church,not recorded,English,,,,﻿Warren County,﻿Warren County,﻿Independence,﻿Independence,﻿IN,,,,﻿for.in.0006,﻿attended from Attica,,,,,,,,,,,,1867,﻿,﻿,﻿Fort Wayne,FortWayne
﻿for.in.0058,﻿church,﻿St. Patrick's,English,,,,﻿Howard County,﻿Howard County,﻿Kokomo,﻿Kokomo,﻿IN,,,,﻿for.in.0109,﻿attended from Peru,,,,,,,,,,,,1867,﻿,﻿,﻿Fort Wayne,FortWayne
﻿for.in.0059,﻿church,﻿St. Joseph's,English,,,,﻿Newton County,﻿Newton County,﻿Kent,﻿Kentland,﻿IN,,,,﻿for.in.0108,﻿attended from Oxford,,,,,,,,,,,,1867,﻿,﻿,﻿Fort Wayne,FortWayne
﻿for.in.0060,﻿church,﻿Immaculate Conception,English,,,,﻿Noble County,﻿Noble County,﻿Kendallville,﻿Kendallville,﻿IN,,,,﻿for.in.0007,﻿attended from Avilla,﻿twice a month,,,,,,,,,,,1867,﻿,﻿,﻿Fort Wayne,FortWayne
﻿for.in.0062,﻿church,﻿St. Mary's,English,,,,﻿Tippecanoe County,﻿Tippecanoe County,﻿Lafayette,﻿Lafayette,﻿IN,,,,,,,﻿geo_a_hamilton_001,﻿Rev.,﻿Geo. A. Hamilton,,﻿Pastor,,,,,,1867,﻿,﻿,﻿Fort Wayne,FortWayne
﻿for.in.0062,﻿church,﻿St. Mary's,English,,,,﻿Tippecanoe County,﻿Tippecanoe County,﻿Lafayette,﻿Lafayette,﻿IN,,,,,,,﻿den_byrne_001,﻿Rev.,﻿Dennis Byrne,,,,,,,,1867,﻿,﻿,﻿Fort Wayne,FortWayne
﻿for.in.0062,﻿church,﻿St. Mary's,English,,,,﻿Tippecanoe County,﻿Tippecanoe County,﻿Lafayette,﻿Lafayette,﻿IN,,,,,,,,﻿Rev.,﻿Joseph A. Winters,,﻿Assistant,,,,,,1867,﻿,﻿,﻿Fort Wayne,FortWayne
﻿for.in.0063,﻿church,﻿St. Boniface's,﻿German,,,,﻿Tippecanoe County,﻿Tippecanoe County,﻿Lafayette,﻿Lafayette,﻿IN,,,,,,,﻿ven_arnold_002,﻿Rev.,﻿Venantius Arnold,﻿O.S.F.,﻿Superior,,,,,,1867,﻿,﻿,﻿Fort Wayne,FortWayne
﻿for.in.0063,﻿church,﻿St. Boniface's,﻿German,,,,﻿Tippecanoe County,﻿Tippecanoe County,﻿Lafayette,﻿Lafayette,﻿IN,,,,,,,,﻿Rev.,﻿Wm. Gansepohl,﻿O.S.F.,,,,,,,1867,﻿,﻿,﻿Fort Wayne,FortWayne
﻿for.in.0064,﻿church,﻿St. Rose of Lima's,English,,,,﻿Montgomery County,﻿Montgomery County,﻿Ladoga,﻿Ladoga,﻿IN,,,,﻿for.in.0030,﻿attended from Crawfordsville,,,,,,,,,,,,1867,﻿,﻿,﻿Fort Wayne,FortWayne
﻿for.in.0065,﻿church,﻿St. Charles Borromeo's,English,,,,﻿Boone County,﻿Boone County,﻿Lebanon,﻿Lebanon,﻿IN,,,,﻿for.in.0062,﻿attended from Lafayette,,,,,,,,,,,,1867,﻿,﻿,﻿Fort Wayne,FortWayne
﻿for.in.0066,﻿church,not recorded,English,﻿no church,,,﻿Noble County,﻿Noble County,﻿Lawrence,,﻿IN,,,,﻿for.in.0007,﻿attended from Avilla,,,,,,,,,,,,1867,﻿,﻿,﻿Fort Wayne,FortWayne
﻿for.in.0067,﻿church,﻿St. Martin's,English,,,,﻿Stark County,﻿LaPorte County,﻿Lacroix,﻿La Crosse,﻿IN,,,,﻿for.in.0086,﻿attended from Michigan City,,,,,,,,,,,,1867,﻿,﻿,﻿Fort Wayne,FortWayne
﻿for.in.0069,﻿church,﻿Nativity B.V.,English,,,,﻿Laporte County,﻿LaPorte County,﻿Laporte,﻿La Porte,﻿IN,,,,,,,﻿fra_lawler_001,﻿Rev.,﻿Francis Lawler,,﻿Pastor,,,,,,1867,﻿,﻿,﻿Fort Wayne,FortWayne
﻿for.in.0070,﻿church,﻿St. Joseph's,English,,,,﻿Laporte County,﻿LaPorte County,﻿Laporte,﻿La Porte,﻿IN,,,,,,,,﻿Rev.,﻿-,,﻿Pastor,,,,,,1867,﻿,﻿,﻿Fort Wayne,FortWayne
﻿for.in.0071,﻿church,﻿St. Leo's,English,,,,﻿Allen County,﻿Allen County,﻿Leo,﻿Leo—Cedarville,﻿IN,,,,,,,﻿the_vanderpoel_001,﻿Rev.,﻿Theodore Van de Poel,,,,,,,,1867,﻿,﻿,﻿Fort Wayne,FortWayne
﻿for.in.0077,﻿church,not recorded,English,,,,﻿Lake County,﻿Lake County,﻿Lowell,﻿Lowell,﻿IN,,,,﻿for.in.0029,﻿attended from Cedar Lake,,,,,,,,,,,,1867,﻿,﻿,﻿Fort Wayne,FortWayne
﻿for.in.0078,﻿church,﻿St. Joseph's,English,,,,,,﻿Lowell,﻿South Bend,﻿IN,,,,,,,﻿lou_neron_001,﻿Rev.,﻿Louis Neron,,﻿Pastor,,,,,,1867,﻿,﻿,﻿Fort Wayne,FortWayne
﻿for.in.0079,﻿church,﻿St. Patrick's,English,,,,﻿Wabash County,﻿Wabash County,﻿Lagro,﻿Lagro,﻿IN,,,,,,,﻿geo_steiner_001,﻿Rev.,﻿George Steiner,,﻿Pastor,,,,,,1867,﻿,﻿,﻿Fort Wayne,FortWayne
﻿for.in.0080,﻿church,﻿St. Patrick's,English,,,,﻿Noble County,﻿Noble County,﻿Ligonier,﻿Ligonier,﻿IN,,,,﻿for.in.0045,﻿attended from Goshen,,,,,,,,,,,,1867,﻿,﻿,﻿Fort Wayne,FortWayne
﻿for.in.0081,﻿church,﻿St. Vincent de Paul's,English,,,,﻿Cass County,﻿Cass County,﻿Logansport,﻿Logansport,﻿IN,,,,,,,﻿jos_b_force_001,﻿Rev.,﻿Jos. B. Force,,﻿Pastor,,,,,,1867,﻿,﻿,﻿Fort Wayne,FortWayne
﻿for.in.0081,﻿church,﻿St. Vincent de Paul's,English,,,,﻿Cass County,﻿Cass County,﻿Logansport,﻿Logansport,﻿IN,,,,,,,,﻿Rev.,﻿Francis Liegerock,,﻿Assistant,,,,,,1867,﻿,﻿,﻿Fort Wayne,FortWayne
﻿for.in.0083,﻿church,not recorded,English,,,,﻿Porter County,﻿Lake County,﻿Lake Station,﻿Lake Station,﻿IN,,,,﻿for.in.0086,﻿attended from Michigan City,,,,,,,,,,,,1867,﻿,﻿,﻿Fort Wayne,FortWayne
﻿for.in.0084,﻿church,not recorded,English,,,,﻿Lake County,,﻿Miller's Station,﻿Gary,﻿IN,,,,﻿for.in.0069,﻿attended from Laporte,,,,,,,,,,,,1867,﻿,﻿,﻿Fort Wayne,FortWayne
﻿for.in.0085,﻿church,﻿St. Joseph's,English,,,,﻿St. Joseph's County,﻿St. Joseph County,﻿Mishawaka,﻿Mishawaka,﻿IN,,,,,,,﻿hen_koening_001,﻿Rev.,﻿Henry Koening,,﻿Pastor,,,,,,1867,﻿,﻿,﻿Fort Wayne,FortWayne
﻿for.in.0086,﻿church,﻿St. Ambrose's,English,,,,﻿Laporte County,﻿LaPorte County,﻿Michigan City,﻿Michigan City,﻿IN,,,,,,,﻿jul_becks_001,﻿Rev.,﻿Julius Becks,,,,,,,,1867,﻿,﻿,﻿Fort Wayne,FortWayne
﻿for.in.0190,﻿church,﻿St. Joseph's,﻿German,,,,﻿Laporte County,﻿LaPorte County,﻿Michigan City,﻿Michigan City,﻿IN,,,,,,,﻿jul_becks_001,﻿Rev.,﻿Julius Becks,,,,,,,,1867,﻿,﻿,﻿Fort Wayne,FortWayne
﻿for.in.0087,﻿church,not recorded,English,﻿church building,,,﻿Grant County,﻿Grant County,﻿Marion,﻿Marion,﻿IN,,,,﻿for.in.0079,﻿attended from Lagro,,,,,,,,,,,,1867,﻿,﻿,﻿Fort Wayne,FortWayne
﻿for.in.0089,﻿church,not recorded,English,,,,﻿Miami County,﻿Miami County,﻿Miami,﻿Miami,﻿IN,,40.614167,-86.106667,﻿for.in.0109,﻿attended from Peru,,,,,,,,,,,,1867,﻿,﻿,﻿Fort Wayne,FortWayne
﻿for.in.0091,﻿church,not recorded,English,﻿church building,,,﻿Hamilton County,﻿Hamilton County,﻿Boxly,﻿Boxley,﻿IN,,,,﻿for.in.0109,﻿attended from Peru,,,,,,,,,,,,1867,﻿,﻿,﻿Fort Wayne,FortWayne
﻿for.in.0092,﻿church,not recorded,English,,,,﻿White County,﻿White County,﻿Monticello,﻿Monticello,﻿IN,,,,﻿for.in.0081,﻿attended from Logansport,,,,,,,,,,,,1867,﻿,﻿,﻿Fort Wayne,FortWayne
﻿for.in.0093,﻿church,not recorded,English,,,,﻿Laporte County,﻿La Porte County,﻿Morgan,,﻿IN,,41.4305964,-86.898358,﻿for.in.0111,﻿attended from Plymouth,,,,,,,,,,,,1867,﻿,﻿,﻿Fort Wayne,FortWayne
﻿for.in.0094,﻿church,not recorded,English,﻿church building,,,﻿Warren County,﻿Warren County,﻿Marshfield,﻿Marshfield,﻿IN,,,,﻿for.in.0006,﻿attended from Attica,,,,,,,,,,,,1867,﻿,﻿,﻿Fort Wayne,FortWayne
﻿for.in.0095,﻿church,not recorded,English,﻿church building,,,﻿Delaware County,﻿Delaware County,﻿Muncie,﻿Muncie,﻿IN,,,,﻿for.in.0145,﻿attended from Union City,,,,,,,,,,,,1867,﻿,﻿,﻿Fort Wayne,FortWayne
﻿for.in.0096,﻿church,﻿St. Ann's,English,,,,﻿Pulaski County,﻿Pulaski County,﻿Monterey,﻿Monterey,﻿IN,,,,﻿for.in.0111,﻿attended from Plymouth,,,,,,,,,,,,1867,﻿,﻿,﻿Fort Wayne,FortWayne
﻿for.in.0097,﻿church,not recorded,English,,,,,,﻿Monroeville,﻿Monroeville,﻿IN,,,,﻿for.in.0001,﻿attended from Fort Wayne,,,,,,,,,,,,1867,﻿,﻿,﻿Fort Wayne,FortWayne
﻿for.in.0098,﻿church,not recorded,English,﻿church building,,,,,﻿Montpelier,﻿Montpelier,﻿IN,,,,﻿for.in.0001,﻿attended from Fort Wayne,,,,,,,,,,,,1867,﻿,﻿,﻿Fort Wayne,FortWayne
﻿for.in.0100,﻿church,not recorded,English,,,,﻿Stark County,,﻿Madeiraville,﻿Medaryville,﻿IN,,,,﻿for.in.0062,﻿attended from Lafayette,,,,,,,,,,,,1867,﻿,﻿,﻿Fort Wayne,FortWayne
﻿for.in.0101,﻿church,not recorded,English,﻿church building,,,﻿Elkhart County,﻿Elkhart County,﻿Millersburg,﻿Millersburg,﻿IN,,,,﻿for.in.0045,﻿attended from Goshen,,,,,,,,,,,,1867,﻿,﻿,﻿Fort Wayne,FortWayne
﻿for.in.0102,﻿church,﻿St. Vincent de Paul's,English,,,,﻿Allen County,﻿Allen County,﻿New France,﻿New Haven,﻿IN,,,,,,,﻿aug_adam_001,﻿Rev.,﻿Aug. Adam,,,,,,,,1867,﻿,﻿,﻿Fort Wayne,FortWayne
﻿for.in.0103,﻿church,﻿St. John the Baptist's,English,,,,﻿Allen County,﻿Allen County,﻿New Haven,﻿New Haven,﻿IN,,,,,,,﻿wol_giedl_001,﻿Rev.,﻿Wolfgang Giedl,,,,,,,,1867,﻿,﻿,﻿Fort Wayne,FortWayne
﻿for.in.0104,﻿church,﻿St. Catharine's,English,,,,﻿Whitley County,﻿Whitley County,﻿Nix Settlement,﻿Columbia City,﻿IN,,,,﻿for.in.0023,﻿attended from Columbia City,,,,,,,,,,,,1867,﻿,﻿,﻿Fort Wayne,FortWayne
﻿for.in.0106,﻿church,﻿Sacred Heart,English,,,,﻿St. Joseph County,﻿St. Joseph County,﻿Notre Dame du Lac,,﻿IN,,,,,,,﻿a_granger_001,﻿Very Rev.,﻿A. Granger,﻿C.S.S.C.,,,,,,,1867,﻿,﻿,﻿Fort Wayne,FortWayne
﻿for.in.0107,﻿church,not recorded,English,,,,﻿Hamilton County,﻿Hamilton County,﻿Nobleville,﻿Noblesville,﻿IN,,,,﻿for.in.0109,﻿attended from Peru,,,,,,,,,,,,1867,﻿,﻿,﻿Fort Wayne,FortWayne
﻿for.in.0108,﻿church,not recorded,English,﻿church building,,,﻿Benton County,﻿Benton County,﻿Oxford,﻿Oxford,﻿IN,,,,,,,﻿jos_a_stephan_001,﻿Rev.,﻿Joseph A. Stephan,,,,,,,,1867,﻿,﻿,﻿Fort Wayne,FortWayne
﻿for.in.0109,﻿church,﻿St. Charles Borromeo's,English,﻿new church building,,,﻿Miami County,﻿Miami County,﻿Peru,﻿Peru,﻿IN,,,,,,,﻿ber_kroeger_001,﻿Rev.,﻿Bernard Kroeger,,,,,,,,1867,﻿,﻿,﻿Fort Wayne,FortWayne
﻿for.in.0109,﻿church,﻿St. Charles Borromeo's,English,﻿new church building,,,﻿Miami County,﻿Miami County,﻿Peru,﻿Peru,﻿IN,,,,,,,﻿d_duchmig_001,﻿Rev.,﻿D. Duchmig,,,,,,,,1867,﻿,﻿,﻿Fort Wayne,FortWayne
﻿for.in.0110,﻿church,not recorded,English,,,,﻿Madison County,﻿Madison County,﻿Pendleton,﻿Pendleton,﻿IN,,,,﻿for.in.0009,﻿attended from Anderson,,,,,,,,,,,,1867,﻿,﻿,﻿Fort Wayne,FortWayne
﻿for.in.0111,﻿church,﻿St. Michael's,English,,,,﻿Marshall County,﻿Marshall County,﻿Plymouth,﻿Plymouth,﻿IN,,,,,,,,﻿Rev.,,,,,,,,,1867,﻿,﻿,﻿Fort Wayne,FortWayne
﻿for.in.0112,﻿church,not recorded,English,,,,﻿Lake County,﻿Lake County,﻿Pine Station,,﻿IN,,,,﻿for.in.0069,﻿attended from Laporte,,,,,,,,,,,,1867,﻿,﻿,﻿Fort Wayne,FortWayne
﻿for.in.0113,﻿church,not recorded,English,,,,﻿Pulaski County,﻿Pulaski County,﻿Pulaski,﻿Pulaski,﻿IN,,,,﻿for.in.0081,﻿attended from Logansport,,﻿jos_a_stephan_001,,,,,,,,,,1867,﻿,﻿,﻿Fort Wayne,FortWayne
﻿for.in.0114,﻿church,﻿St. Francis',English,,,,﻿Kosciusko County,﻿Kosciusko County,﻿Pierceton,﻿Pierceton,﻿IN,,,,﻿for.in.0111,﻿attended from Plymouth,,,,,,,,,,,,1867,﻿,﻿,﻿Fort Wayne,FortWayne
﻿for.in.0115,﻿church,﻿St. Ann's,English,,,,﻿Fulton County,﻿Fulton County,﻿Pleasant Grove,﻿Kewanna,﻿IN,,,,﻿for.in.0081,﻿attended from Logansport,,,,,,,,,,,,1867,﻿,﻿,﻿Fort Wayne,FortWayne
﻿for.in.0116,﻿church,﻿St. Aloysius',English,,,,﻿Allen County,﻿Allen County,﻿Pleasant Township,﻿Pleasant Township,﻿IN,,,,﻿for.in.0051,﻿attended from Hesse Cassel,,,,,,,,,,,,1867,﻿,﻿,﻿Fort Wayne,FortWayne
﻿for.in.0118,﻿church,not recorded,English,﻿church building,,,﻿Madison County,﻿Madison County,﻿Quincy,﻿Elwood,﻿IN,,,,﻿for.in.0009,﻿attended from Anderson,,,,,,,,,,,,1867,﻿,﻿,﻿Fort Wayne,FortWayne
﻿for.in.0120,﻿church,not recorded,English,﻿no church,,,﻿Noble County,﻿Noble County,﻿Rome City,﻿Rome City,﻿IN,,,,﻿for.in.0007,﻿attended from Avilla,,,,,,,,,,,,1867,﻿,﻿,﻿Fort Wayne,FortWayne
﻿for.in.0195,﻿church,not recorded,English,﻿no church,,,﻿Noble County,﻿Noble County,﻿Rome Station,﻿Rome Station,﻿IN,,,,﻿for.in.0007,﻿attended from Avilla,,,,,,,,,,,,1867,﻿,﻿,﻿Fort Wayne,FortWayne
﻿for.in.0122,﻿church,not recorded,English,,,,﻿Tippecanoe County,﻿Tippecanoe County,﻿Raub's Station,﻿South Raub,﻿IN,,,,﻿for.in.0062,﻿attended from Lafayette,,,,,,,,,,,,1867,﻿,﻿,﻿Fort Wayne,FortWayne
﻿for.in.0123,﻿church,not recorded,English,﻿church building,,,﻿White County,﻿White County,﻿Reynolds,﻿Reynolds,﻿IN,,,,﻿for.in.0062,﻿attended from Lafayette,,,,,,,,,,,,1867,﻿,﻿,﻿Fort Wayne,FortWayne
﻿for.in.0124,﻿church,not recorded,English,,,,﻿Huntington County,﻿Huntington County,﻿Roanoke,﻿Roanoke,﻿IN,,,,﻿for.in.0001,﻿attended from Cathedral,,,,,,,,,,,,1867,﻿,﻿,﻿Fort Wayne,FortWayne
﻿for.in.0125,﻿church,not recorded,English,,,,﻿Carroll County,﻿Carroll County,﻿Rock Creek Township,﻿Rock Creek Township,﻿IN,,,,﻿for.in.0035,﻿attended from Delphi,,,,,,,,,,,,1867,﻿,﻿,﻿Fort Wayne,FortWayne
﻿for.in.0126,﻿church,not recorded,English,﻿church building,,,﻿Jasper County,﻿Jasper County,﻿Rensselaer,﻿Rensselaer,﻿IN,,,,﻿for.in.0108,﻿attended from Oxford,,,,,,,,,,,,1867,﻿,﻿,﻿Fort Wayne,FortWayne
﻿for.in.0127,﻿church,﻿St. Patrick's,English,,,,﻿St. Joseph's County,﻿St. Joseph County,﻿South Bend,﻿South Bend,﻿IN,,,,,,,﻿p_cooney_001,﻿Rev.,﻿P. Cooney,﻿C.S.C,,,,,,,1867,﻿,﻿,﻿Fort Wayne,FortWayne
﻿for.in.0128,﻿church,﻿St. John's,English,﻿church building,,,﻿Stark County,﻿Starke County,﻿St. Pierre's,﻿San Pierre,﻿IN,,,,﻿for.in.0062,﻿attended from Lafayette,,,,,,,,,,,,1867,﻿,﻿,﻿Fort Wayne,FortWayne
﻿for.in.0129,﻿church,﻿St. John Evangelist's,English,,,,﻿Lake County,﻿Lake County,,,﻿IN,,,,,,,﻿b_rachor_001,﻿Rev.,﻿B. Rachor,,,,,,,,1867,﻿,﻿,﻿Fort Wayne,FortWayne
﻿for.in.0130,﻿church,not recorded,English,,,,﻿Carroll County,﻿Carroll County,﻿Sugar Creek,,﻿IN,,40.50988,-86.665816,﻿for.in.0035,﻿attended from Delphi,,,,,,,,,,,,1867,﻿,﻿,﻿Fort Wayne,FortWayne
﻿for.in.0131,﻿church,not recorded,English,,,,﻿Tippecanoe County,﻿Tippecanoe County,﻿Stockwell,﻿Stockwell,﻿IN,,,,﻿for.in.0062,﻿attended from Lafayette,,,,,,,,,,,,1867,﻿,﻿,﻿Fort Wayne,FortWayne
﻿for.in.0132,﻿church,not recorded,English,,,,﻿Tipton County,﻿Tipton County,﻿Shielsville,,﻿IN,,,,﻿for.in.0109,﻿attended from Peru,,,,,,,,,,,,1867,﻿,﻿,﻿Fort Wayne,FortWayne
﻿for.in.0133,﻿church,not recorded,English,,,,﻿Tipton County,﻿Tipton County,﻿Sharpsville,﻿Sharpsville,﻿IN,,,,﻿for.in.0109,﻿attended from Peru,,,,,,,,,,,,1867,﻿,﻿,﻿Fort Wayne,FortWayne
﻿for.in.0134,﻿church,not recorded,English,,,,﻿Warren County,﻿Warren County,﻿State Line,﻿State Line City,﻿IN,,,,﻿for.in.0006,﻿attended from Attica,,,,,,,,,,,,1867,﻿,﻿,﻿Fort Wayne,FortWayne
﻿for.in.0135,﻿church,﻿Holy Trinity,English,,﻿St. Mary's Home,,﻿Jay County,﻿Jay County,,,﻿IN,,,,,,,﻿pet_wilhelmi_001,﻿Rev.,﻿Peter Wilhelmi,﻿C.PP.S.,,,,,,,1867,﻿,﻿,﻿Fort Wayne,FortWayne
﻿for.in.0135,﻿church,﻿Holy Trinity,English,,﻿St. Mary's Home,,﻿Jay County,﻿Jay County,,,﻿IN,,,,,,,,﻿Rev.,﻿Paul Reuter,﻿C.PP.S.,,,,,,,1867,﻿,﻿,﻿Fort Wayne,FortWayne
﻿for.in.0136,﻿church,not recorded,English,,,,﻿Porter County,﻿Porter County,﻿Stark,,﻿IN,,,,﻿for.in.0111,﻿attended from Plymouth,,,,,,,,,,,,1867,﻿,﻿,﻿Fort Wayne,FortWayne
﻿for.in.0137,﻿church,not recorded,English,,,,﻿Boone County,﻿Boone County,﻿Thornton,﻿Thorntown,﻿IN,,,,﻿for.in.0062,﻿attended from Lafayette,,,,,,,,,,,,1867,﻿,﻿,﻿Fort Wayne,FortWayne
﻿for.in.0138,﻿church,not recorded,English,,,,﻿Lake County,﻿Lake County,﻿Tolleston,﻿Tolleston,﻿IN,,,,﻿for.in.0086,﻿attended from Michigan City,,,,,,,,,,,,1867,﻿,﻿,﻿Fort Wayne,FortWayne
﻿for.in.0139,﻿church,﻿SS. Peter and Paul,English,,﻿Merrillsville P.O.,,﻿Lake County,﻿Lake County,﻿Turkey Creek,﻿Merrillville,﻿IN,,,,﻿for.in.0036,﻿attended from Cedar Lake,,,,,,,,,,,,1867,﻿,﻿,﻿Fort Wayne,FortWayne
﻿for.in.0140,﻿church,not recorded,English,,,,﻿Tipton County,﻿Tipton County,﻿Tipton,﻿Tipton,﻿IN,,,,﻿for.in.0109,﻿attended from Peru,,,,,,,,,,,,1867,﻿,﻿,﻿Fort Wayne,FortWayne
﻿for.in.0141,﻿church,not recorded,English,,,,﻿Tipton County,﻿Tipton County,﻿Tetersburgh,﻿Tetersburg,﻿IN,,,,﻿for.in.0109,﻿attended from Peru,,,,,,,,,,,,1867,﻿,﻿,﻿Fort Wayne,FortWayne
﻿for.in.0143,﻿church,not recorded,English,,,,﻿Tippecanoe County,﻿Tippecanoe County,﻿Taylor's Station,﻿Shadeland,﻿IN,,,,﻿for.in.0062,﻿attended from Lafayette,,,,,,,,,,,,1867,﻿,﻿,﻿Fort Wayne,FortWayne
﻿for.in.0145,﻿church,﻿St. Mary's,English,,,,﻿Randolph County,﻿Randolph County,﻿Union,﻿Union City,﻿IN,,,,,,,﻿l_lamour_001,﻿Rev.,﻿L. Lamour,,﻿Pastor,,,,,,1867,﻿,﻿,﻿Fort Wayne,FortWayne
﻿for.in.0146,﻿church,﻿St. Paul's,English,,,,﻿Porter County,﻿Porter County,﻿Valparaiso,﻿Valparaiso,﻿IN,,,,,,,﻿mic_oreilly_001,﻿Rev.,﻿Michael O'Reilly,,,,,,,,1867,﻿,﻿,﻿Fort Wayne,FortWayne
﻿for.in.0147,﻿church,not recorded,English,,,,﻿Kosciusko County,﻿Kosciusko County,﻿Warsaw,﻿Warsaw,﻿IN,,,,﻿for.in.0111,﻿attended from Plymouth,,,,,,,,,,,,1867,﻿,﻿,﻿Fort Wayne,FortWayne
﻿for.in.0148,﻿church,﻿St. Francis',English,,,,﻿De Kalb County,﻿DeKalb County,﻿Waterloo City,﻿Waterloo,﻿IN,,,,﻿for.in.0007,﻿attended from Avilla,,,,,,,,,,,,1867,﻿,﻿,﻿Fort Wayne,FortWayne
﻿for.in.0149,﻿church,﻿St. Bernard's,English,,,,﻿Wabash County,﻿Wabash County,﻿Wabash,﻿Wabash,﻿IN,,,,﻿for.in.0007,﻿attended from Avilla,,,,,,,,,,,,1867,﻿,﻿,﻿Fort Wayne,FortWayne
﻿for.in.0150,﻿church,﻿St. Anthony's,English,,﻿Brunswick P.O.,,﻿Lake County,﻿Lake County,﻿West Creek,﻿West Creek Township,﻿IN,,,,,,,﻿hen_rensen_001,﻿Rev.,﻿Henry Rensen,,,,,,,,1867,﻿,﻿,﻿Fort Wayne,FortWayne
﻿for.in.0151,﻿church,not recorded,English,,,,﻿Tippecanoe County,﻿Tippecanoe County,﻿West Point,﻿West Point,﻿IN,,,,﻿for.in.0006,﻿attended from Attica,,,,,,,,,,,,1867,﻿,﻿,﻿Fort Wayne,FortWayne
﻿for.in.0153,﻿church,not recorded,English,,,,﻿Randolph County,﻿Randolph County,﻿Winchester,﻿Winchester,﻿IN,,,,﻿for.in.0145,﻿attended from Union,,,,,,,,,,,,1867,﻿,﻿,﻿Fort Wayne,FortWayne
﻿for.in.0154,﻿church,not recorded,English,,,,﻿Pulaski County,﻿Pulaski County,﻿Winamac,﻿Winamac,﻿IN,,,,﻿for.in.0081,﻿attended from Logansport,,,,,,,,,,,,1867,﻿,﻿,﻿Fort Wayne,FortWayne
﻿for.in.0155,﻿church,not recorded,English,,,,﻿Warren County,﻿Warren County,﻿Williamsport,﻿Williamsport,﻿IN,,,,﻿for.in.0006,﻿attended from Attica,,,,,,,,,,,,1867,﻿,﻿,﻿Fort Wayne,FortWayne
﻿for.in.0156,﻿church,not recorded,English,,,,﻿Boone County,﻿Boone County,﻿Whitestown,﻿Whitestown,﻿IN,,,,﻿for.in.0062,﻿attended from Lafayette,,,,,,,,,,,,1867,﻿,﻿,﻿Fort Wayne,FortWayne
﻿for.in.0158,﻿church,not recorded,English,﻿church building,,,﻿White County,﻿White County,﻿Wolcott,﻿Wolcott,﻿IN,,,,,,,,,,,,,,,,,1867,﻿,﻿,﻿Fort Wayne,FortWayne
﻿for.in.0159,﻿church,not recorded,English,,,,﻿Porter County,﻿LaPorte County,﻿Wanatah,﻿Wanatah,﻿IN,,,,﻿for.in.0146,﻿attended from Valparaiso,,,,,,,,,,,,1867,﻿,﻿,﻿Fort Wayne,FortWayne
﻿for.in.0160,﻿church,not recorded,English,﻿no church,,,﻿Noble County,﻿Noble County,﻿Wowaukee,﻿Wawaka,﻿IN,,,,﻿for.in.0007,﻿attended from Avilla,,,,,,,,,,,,1867,﻿,﻿,﻿Fort Wayne,FortWayne
﻿for.in.0198,﻿consecrated life institution,﻿Congregation of Holy Cross,English,,,,﻿St. Joseph's County,﻿St. Joseph County,﻿Notre Dame,﻿Notre Dame,﻿IN,,,,,,,,﻿Very Rev.,﻿E. Sorin,﻿C.S.C,﻿Superior,,,,,,1867,﻿,﻿,﻿Fort Wayne,FortWayne
﻿for.in.0198,﻿consecrated life institution,﻿Congregation of Holy Cross,English,,,,﻿St. Joseph's County,﻿St. Joseph County,﻿Notre Dame,﻿Notre Dame,﻿IN,,,,,,,,﻿Rev.,﻿A. Granger,﻿C.S.C,﻿Master of Novices Salvatorists,,﻿teacher,﻿14 scholastics and novices Salvatorists,,,1867,﻿,﻿,﻿Fort Wayne,FortWayne
﻿for.in.0198,﻿consecrated life institution,﻿Congregation of Holy Cross,English,,,,﻿St. Joseph's County,﻿St. Joseph County,﻿Notre Dame,﻿Notre Dame,﻿IN,,,,,,,,﻿Rev.,﻿L. Letourneau,﻿C.S.C,﻿Master of Novices Josephites,,﻿layperson,﻿75 professed lay brothers,,,1867,﻿,﻿,﻿Fort Wayne,FortWayne
﻿for.in.0198,﻿consecrated life institution,﻿Congregation of Holy Cross,English,,,,﻿St. Joseph's County,﻿St. Joseph County,﻿Notre Dame,﻿Notre Dame,﻿IN,,,,,,,,﻿Rev.,﻿P. Dillon,﻿C.S.C,,,﻿religious,﻿55 novices,,,1867,﻿,﻿,﻿Fort Wayne,FortWayne
﻿for.in.0198,﻿consecrated life institution,﻿Congregation of Holy Cross,English,,,,﻿St. Joseph's County,﻿St. Joseph County,﻿Notre Dame,﻿Notre Dame,﻿IN,,,,,,,,﻿Rev.,﻿Jas. Dillon,﻿C.S.C,,,﻿religious,﻿10 postulants,,,1867,﻿,﻿,﻿Fort Wayne,FortWayne
﻿for.in.0198,﻿consecrated life institution,﻿Congregation of Holy Cross,English,,,,﻿St. Joseph's County,﻿St. Joseph County,﻿Notre Dame,﻿Notre Dame,﻿IN,,,,,,,,﻿Rev.,﻿W. Corby,﻿C.S.C,,,﻿religious,﻿10 postulants,,,1867,﻿,﻿,﻿Fort Wayne,FortWayne
﻿for.in.0198,﻿consecrated life institution,﻿Congregation of Holy Cross,English,,,,﻿St. Joseph's County,﻿St. Joseph County,﻿Notre Dame,﻿Notre Dame,﻿IN,,,,,,,,﻿Rev.,﻿Paul Gillen,﻿C.S.C,,,﻿religious,﻿10 postulants,,,1867,﻿,﻿,﻿Fort Wayne,FortWayne
﻿for.in.0198,﻿consecrated life institution,﻿Congregation of Holy Cross,English,,,,﻿St. Joseph's County,﻿St. Joseph County,﻿Notre Dame,﻿Notre Dame,﻿IN,,,,,,,,﻿Rev.,﻿P. Cooney,﻿C.S.C,,,﻿religious,﻿10 postulants,,,1867,﻿,﻿,﻿Fort Wayne,FortWayne
﻿for.in.0198,﻿consecrated life institution,﻿Congregation of Holy Cross,English,,,,﻿St. Joseph's County,﻿St. Joseph County,﻿Notre Dame,﻿Notre Dame,﻿IN,,,,,,,,﻿Rev.,﻿J. C. Carrier,﻿C.S.C,,,﻿religious,﻿10 postulants,,,1867,﻿,﻿,﻿Fort Wayne,FortWayne
﻿for.in.0198,﻿consecrated life institution,﻿Congregation of Holy Cross,English,,,,﻿St. Joseph's County,﻿St. Joseph County,﻿Notre Dame,﻿Notre Dame,﻿IN,,,,,,,,﻿Rev.,﻿A. Lemonnier,﻿C.S.C,,,﻿religious,﻿10 postulants,,,1867,﻿,﻿,﻿Fort Wayne,FortWayne
﻿for.in.0198,﻿consecrated life institution,﻿Congregation of Holy Cross,English,,,,﻿St. Joseph's County,﻿St. Joseph County,﻿Notre Dame,﻿Notre Dame,﻿IN,,,,,,,,﻿Rev.,﻿L. Lemonnier,﻿C.S.C,,,﻿religious,﻿10 postulants,,,1867,﻿,﻿,﻿Fort Wayne,FortWayne
﻿for.in.0166,﻿consecrated life institution,﻿Community of the Sisters of the Holy Cross,English,,﻿Notre Dame P.O.,,﻿St. Joseph's County,,,,﻿IN,,,,,,,,﻿Mother,﻿Mary,﻿of St. Alphonsus Rodriguez,﻿Provincial Superioress,,﻿community,﻿194 Community numbers at present,,,1867,﻿,﻿,﻿Fort Wayne,FortWayne
﻿for.in.0169,﻿university,﻿University of Notre Dame,English,﻿Incorporated in 1844.,,,﻿St. Joseph's County,,,,﻿IN,,,,,,,﻿e_sorin_001,﻿Very Rev.,﻿E. Sorin,﻿C.S.C,﻿President,,"﻿professors, tutor",﻿28 professors and tutors,﻿conducted by the Rev. Fathers of the Congregation of Holy Cross.,,1867,﻿,﻿,﻿Fort Wayne,FortWayne
﻿for.in.0169,﻿university,﻿University of Notre Dame,English,﻿Incorporated in 1844.,,,﻿St. Joseph's County,,,,﻿IN,,,,,,,,,,,﻿Vice-President,,﻿student,﻿378 pupils,﻿conducted by the Rev. Fathers of the Congregation of Holy Cross.,,1867,﻿,﻿,﻿Fort Wayne,FortWayne
﻿for.in.0146_02,﻿school,﻿St. Paul's High School,English,,,,,,﻿Valparaiso,,﻿IN,,,,,,,﻿mic_oreilly_001,﻿Rev.,﻿Michael O'Reilly,,﻿Principal,,,,,,1867,﻿,﻿,﻿Fort Wayne,FortWayne
﻿for.in.0171,﻿industrial school,﻿Manual Labor School,English,,,,,,﻿Notre Dame,,﻿IN,,,,,,,,﻿Brother,﻿Eugene,,﻿Director,,﻿apprentice,﻿62 apprentices,,,1867,﻿,﻿,﻿Fort Wayne,FortWayne
﻿for.in.0192,﻿academy,﻿St. Mary's Academy,English,,,,﻿St. Joseph's County,,,,﻿IN,,,,,,,,﻿Mother,﻿Mary of St. Charles,,﻿Superioress,,﻿teacher,﻿30 teachers,﻿Under the charge of the Sisters of the Holy Cross,,1867,﻿,﻿,﻿Fort Wayne,FortWayne
﻿for.in.0192,﻿academy,﻿St. Mary's Academy,English,,,,﻿St. Joseph's County,,,,﻿IN,,,,,,,,,,,,,﻿boarder,﻿225 boarders,﻿Under the charge of the Sisters of the Holy Cross,,1867,﻿,﻿,﻿Fort Wayne,FortWayne
﻿for.in.0192,﻿academy,﻿St. Mary's Academy,English,,,,﻿St. Joseph's County,,,,﻿IN,,,,,,,,,,,,,﻿religious,﻿167 sisters,﻿Under the charge of the Sisters of the Holy Cross,,1867,﻿,﻿,﻿Fort Wayne,FortWayne
﻿for.in.0192,﻿academy,﻿St. Mary's Academy,English,,,,﻿St. Joseph's County,,,,﻿IN,,,,,,,,,,,,,﻿religious,﻿30 novices,﻿Under the charge of the Sisters of the Holy Cross,,1867,﻿,﻿,﻿Fort Wayne,FortWayne
﻿for.in.0192,﻿academy,﻿St. Mary's Academy,English,,,,﻿St. Joseph's County,,,,﻿IN,,,,,,,,,,,,,﻿religious,﻿10 postulants,﻿Under the charge of the Sisters of the Holy Cross,,1867,﻿,﻿,﻿Fort Wayne,FortWayne
﻿for.in.0172,﻿academy,﻿St. Rose's Academy,English,,,,﻿Laporte County,,﻿Laporte,,﻿IN,,,,,,,﻿a_lemonnier_001,﻿Sisters,﻿Eusebia,,﻿Directress,,,,﻿Directed by the Sisters of the Holy Cross,,1867,﻿,﻿,﻿Fort Wayne,FortWayne
﻿for.in.0173,﻿academy,﻿St. Charles' Academy,English,,,,﻿Montgomery County,,﻿Crawfordsville,,﻿IN,,,,,,,,﻿Sister,﻿M. Euphrosine,,﻿Directress,,﻿religious,﻿5 Sisters of the Holy Cross,﻿Directed by the Sisters of the Holy Cross,,1867,﻿,﻿,﻿Fort Wayne,FortWayne
﻿for.in.0173,﻿academy,﻿St. Charles' Academy,English,,,,﻿Montgomery County,,﻿Crawfordsville,,﻿IN,,,,,,,,,,,,,﻿student,﻿68 pupils,﻿Directed by the Sisters of the Holy Cross,,1867,﻿,﻿,﻿Fort Wayne,FortWayne
﻿for.in.0173,﻿academy,﻿St. Charles' Academy,English,,,,﻿Montgomery County,,﻿Crawfordsville,,﻿IN,,,,,,,,,,,,,﻿child,"﻿Parish school, 80 children",﻿Directed by the Sisters of the Holy Cross,,1867,﻿,﻿,﻿Fort Wayne,FortWayne
﻿for.in.0174,﻿academy,﻿Academy of the Holy Angels,English,,,,﻿Cass County,,﻿Logansport,,﻿IN,,41.07401935,-85.13797461,,,,,﻿Sister,﻿M. Edward,,﻿Directress,,,,﻿Directed by the Sisters of the Holy Cross,,1867,﻿,﻿,﻿Fort Wayne,FortWayne
﻿for.in.0180,﻿school,﻿St. Augustine's Day-School,English,"﻿This house is prepared to accomodate about 30 boarders.  The school is divided into three classes; the third is a high school department. Letters written to the establishment are addressed to ""Sister-Superior.""",,,,,﻿Fort Wayne,,﻿IN,,,,,,,,,,,,,,,﻿Conducted by the Sisters of Providence from St. Mary's of the Woods.,,1867,﻿,﻿,﻿Fort Wayne,FortWayne
﻿for.in.0181,﻿school,﻿St. Ignatius' Day School,English,"﻿About 30 boarders can be accomodated. There are three separate classes - a high school, a common school, and a German school. Each has its locality in the city. Letters written to the house are addressed to ""Sister-Superior.""",,,,,﻿Lafayette,,﻿IN,,,,,,,,,,,,,,,﻿Conducted by the Sisters of Providence from St. Mary's of the Woods.,,1867,﻿,﻿,﻿Fort Wayne,FortWayne
﻿for.in.0182,﻿convent,﻿Convent Sisters of Precious Blood,English,,﻿St. Mary's Home,,﻿Jay County,,,,﻿IN,,,,,,,,,,,,,,,,,1867,﻿,﻿,﻿Fort Wayne,FortWayne
﻿for.in.0001_02,﻿school,﻿Cathedral School,English,﻿for boys,,,,,﻿Fort Wayne,,﻿IN,,,,,,,,,,,,,,,﻿Brothers of the Holy Cross,,1867,﻿,﻿,﻿Fort Wayne,FortWayne
