instID,church_type,instName,language,instNote,placeName,region,county_orig,county_reg,city_orig,city_reg,state_orig,state_reg,latitude,longitude,attendingInstID,attendingChurch,attendingChurchFrequency,persID,persTitle,persName,persSuffix,persRole,persNote,memberType,member,affiliated,order,year,attendingPersID,attendingChurchNote,diocese,diocese_reg
﻿for.in.0001,﻿cathedral,﻿Cathedral of the Immaculate Conception,English,,,,﻿Allen County,﻿Allen County,﻿Fort Wayne,﻿Fort Wayne,﻿IN,,41.075714,-85.138157,,,,﻿joh_h_luers_001,﻿Rt. Rev.,﻿John H. Luers,﻿D.D.,,,,,,,1869,﻿,﻿,﻿Fort Wayne,FortWayne
﻿for.in.0001,﻿cathedral,﻿Cathedral of the Immaculate Conception,English,,,,﻿Allen County,﻿Allen County,﻿Fort Wayne,﻿Fort Wayne,﻿IN,,41.075714,-85.138157,,,,﻿jul_benoit_001,﻿Very Rev.,﻿Julian Benoit,,"﻿Pastor, V.G.",,,,,,1869,﻿,﻿,﻿Fort Wayne,FortWayne
﻿for.in.0001,﻿cathedral,﻿Cathedral of the Immaculate Conception,English,,,,﻿Allen County,﻿Allen County,﻿Fort Wayne,﻿Fort Wayne,﻿IN,,41.075714,-85.138157,,,,﻿hen_brammer_001,﻿Rev.,﻿Henry Brammer,,,,,,,,1869,﻿,﻿,﻿Fort Wayne,FortWayne
﻿for.in.0002,﻿church,﻿Mother of God,﻿German,,,,﻿Allen County,﻿Allen County,﻿Fort Wayne,﻿Fort Wayne,﻿IN,,41.079273,-85.139351,,,,﻿jos_weutz_001,﻿Rev.,﻿Joseph Weutz,,﻿Pastor,,,,,,1869,﻿,﻿,﻿Fort Wayne,FortWayne
﻿for.in.0002,﻿church,﻿Mother of God,﻿German,,,,﻿Allen County,﻿Allen County,﻿Fort Wayne,﻿Fort Wayne,﻿IN,,41.079273,-85.139351,,,,﻿a_a_heitmann_001,﻿Rev.,﻿A. Heitmann,,,,,,,,1869,﻿,﻿,﻿Fort Wayne,FortWayne
﻿for.in.0003,﻿church,﻿St. Paul's,﻿German,,,,﻿Allen County,﻿Allen County,﻿Fort Wayne,﻿Fort Wayne,﻿IN,,41.079273,-85.139351,,,,﻿edw_koenig_001,﻿Rev.,﻿E. Koenig,,,,,,,,1869,﻿,﻿,﻿Fort Wayne,FortWayne
﻿for.in.0005,﻿church,﻿St. Patrick's,English,,,,﻿Allen County,﻿Allen County,﻿Arcola,﻿Arcola,﻿IN,,41.103659,-85.294141,,,,﻿the_vanderpoel_001,﻿Rev.,﻿Theodore Vanderpoel,,,,,,,,1869,﻿,﻿,﻿Fort Wayne,FortWayne
﻿for.in.0006,﻿church,﻿St. Francis',English,,,,﻿Fountain County,﻿Fountain County,﻿Attica,﻿Attica,﻿IN,,40.294204,-87.248899,,,,﻿jos_rademacher_001,﻿Rev.,﻿Joseph Rademacher,,﻿Pastor,,,,,,1869,﻿,﻿,﻿Fort Wayne,FortWayne
﻿for.in.0007,﻿church,﻿Assumption B.V.M.,English,,,,﻿Noble County,﻿Noble County,﻿Avilla,﻿Avilla,﻿IN,,41.365882,-85.238863,,,,﻿dom_duehmig_001,﻿Rev.,﻿Dominic Duehmig,,,,,,,,1869,﻿,﻿,﻿Fort Wayne,FortWayne
﻿for.in.0008,﻿church,not recorded,English,,,,﻿DeKalb County,﻿DeKalb County,﻿Auburn,﻿Auburn,﻿IN,,41.366994,-85.058857,﻿for.in.0071,﻿attended from Leo,,,,,,,,,,,,1869,﻿,﻿,﻿Fort Wayne,FortWayne
﻿for.in.0009,﻿church,﻿St. Mary's,English,,,,﻿Madison County,﻿Madison County,﻿Anderson,﻿Anderson,﻿IN,,40.10532,-85.680254,,,,﻿jam_crawley_001,﻿Rev.,﻿James Crawley,,﻿Pastor,,,,,,1869,﻿,﻿,﻿Fort Wayne,FortWayne
﻿for.in.0010,﻿church,﻿St. Aloysius',English,,,,﻿Allen County,﻿Allen County,﻿Besançon,﻿New Haven,﻿IN,,41.070604,-85.014412,,,,﻿vandervannet_001,﻿Rev.,﻿Vandervannet,,,,,,,,1869,﻿,﻿,﻿Fort Wayne,FortWayne
﻿for.in.0011,﻿church,not recorded,English,,,,﻿Pulaski County,﻿Pulaski County,﻿Bradford,,﻿IN,,40.995738,-86.822034,﻿for.in.0062,﻿attended from Lafayette,,,,,,,,,,,,1869,﻿,﻿,﻿Fort Wayne,FortWayne
﻿for.in.0013,﻿church,not recorded,English,,,,﻿White County,﻿White County,﻿Brookston,﻿Brookston,﻿IN,,40.602814,-86.867234,﻿for.in.0062,﻿attended from Lafayette,,,,,,,,,,,,1869,﻿,﻿,﻿Fort Wayne,FortWayne
﻿for.in.0014,﻿church,not recorded,English,,,,﻿Wells County,﻿Wells County,﻿Blufton,﻿Bluffton,﻿IN,,40.738658,-85.171637,﻿for.in.0034,﻿attended from Decatur,,,,,,,,,,,,1869,﻿,﻿,﻿Fort Wayne,FortWayne
﻿for.in.0015,﻿church,not recorded,English,,,,﻿Tippecanoe County,﻿Tippecanoe County,﻿Buck Creek,﻿Buck Creek,﻿IN,,40.487801,-86.761544,﻿for.in.0062,﻿attended from Lafayette,,,,,,,,,,,,1869,﻿,﻿,﻿Fort Wayne,FortWayne
﻿for.in.0164,﻿church,﻿St. Mary's,English,,﻿near Cicero,,﻿Hamilton County,,﻿Busher's,,﻿IN,,40.216213,-86.127157,﻿for.in.0109,﻿attended from Peru,,,,,,,,,,,,1869,﻿,﻿,﻿Fort Wayne,FortWayne
﻿for.in.0016,﻿church,not recorded,English,,,,﻿Marshall County,﻿Marshall County,﻿Bourbon,﻿Bourbon,﻿IN,,41.2956,-86.116389,﻿for.in.0111,﻿attended from Plymouth,,,,,,,,,,,,1869,﻿,﻿,﻿Fort Wayne,FortWayne
﻿for.in.0017,﻿church,not recorded,English,,,,﻿Elkhart County,﻿Elkhart County,﻿Bristol,﻿Bristol,﻿IN,,41.716739,-85.817372,﻿for.in.0085,﻿attended from Mishawaka,,,,,,,,,,,,1869,﻿,﻿,﻿Fort Wayne,FortWayne
﻿for.in.0018,﻿church,not recorded,English,,,,﻿Miami County,﻿Miami County,﻿Bunker Hill,﻿Bunker Hill,﻿IN,,40.660318,-86.10277,﻿for.in.0109,﻿attended from Peru,,,,,,,,,,,,1869,﻿,﻿,﻿Fort Wayne,FortWayne
﻿for.in.0019,﻿church,not recorded,English,,,,﻿DeKalb County,﻿DeKalb County,﻿Butler,﻿Butler,﻿IN,,41.429773,-84.87135,﻿for.in.0071,﻿attended from Leo,,,,,,,,,,,,1869,﻿,﻿,﻿Fort Wayne,FortWayne
﻿for.in.0020,﻿church,﻿St. Patrick's,English,,﻿Coffee Creek P.O.,,﻿Porter County,﻿Porter County,﻿Calumet,﻿Chesterton,﻿IN,,41.567713,-87.023684,,,,﻿joh_flynn_001,﻿Rev.,﻿John Flynn,,,,,,,,1869,﻿,﻿,﻿Fort Wayne,FortWayne
﻿for.in.0021,﻿church,not recorded,English,,,,﻿Jay County,﻿Jay County,﻿Camden,﻿Pennville,﻿IN,,40.493934,-85.148304,﻿for.in.0135,﻿attended from St. Mary's Home,,,,,,,,,,,,1869,﻿,﻿,﻿Fort Wayne,FortWayne
﻿for.in.0022,﻿church,not recorded,English,,,,,,﻿Carlisle,﻿Carlisle,﻿IN,,38.962951,-87.399738,﻿for.in.0069,﻿attended from Laporte,,,,,,,,,,,,1869,﻿,﻿,﻿Fort Wayne,FortWayne
﻿for.in.0023,﻿church,﻿St. Mary's,English,,,,﻿Whitley County,﻿Whitley County,﻿Columbia City,﻿Columbia City,﻿IN,,41.151888,-85.48549,,,,﻿hen_schaefer_001,﻿Rev.,﻿Henry Schaefer,,﻿Pastor,,,,,,1869,﻿,﻿,﻿Fort Wayne,FortWayne
﻿for.in.0024,﻿church,﻿St. Rose of Lima,English,,,,﻿Tippecanoe County,﻿Tippecanoe County,﻿Clarke's Hill,﻿Clarks Hill,﻿IN,,40.246981,-86.725005,﻿for.in.0062,﻿attended from Lafayette,,,,,,,,,,,,1869,﻿,﻿,﻿Fort Wayne,FortWayne
﻿for.in.0025,﻿church,not recorded,English,,,,﻿Tippecanoe County,﻿Tippecanoe County,﻿Colfax,﻿Colfax,﻿IN,,40.346973,-86.822034,﻿for.in.0062,﻿attended from Lafayette,,,,,,,,,,,,1869,﻿,﻿,﻿Fort Wayne,FortWayne
﻿for.in.0026,﻿church,not recorded,English,,,,﻿Cass County,﻿Cass County,﻿Clymer,﻿Clymers,﻿IN,,40.707601,-86.448713,﻿for.in.0035,﻿attended from Delphi,,,,,,,,,,,,1869,﻿,﻿,﻿Fort Wayne,FortWayne
﻿for.in.0031,﻿church,﻿St. Joseph's,English,,,,﻿Lake County,﻿Lake County,﻿Crown Point,﻿Crown Point,﻿IN,,41.416981,-87.365313,,,,﻿lou_weiser_001,﻿Rev.,﻿Louis Weiser,,,,,,,,1869,﻿,﻿,﻿Fort Wayne,FortWayne
﻿for.in.0027,﻿church,not recorded,English,,,,﻿Noble County,﻿DeKalb County,﻿Corona,﻿Corunna,﻿IN,,41.437272,-85.147193,﻿for.in.0007,﻿attended from Avilla,,,,,,,,,,,,1869,﻿,﻿,﻿Fort Wayne,FortWayne
﻿for.in.0028,﻿church,not recorded,English,,,,﻿Fountain County,﻿Fountain County,﻿Covington,﻿Covington,﻿IN,,40.141705,-87.394736,﻿for.in.0006,﻿attended from Attica,,,,,,,,,,,,1869,﻿,﻿,﻿Fort Wayne,FortWayne
﻿for.in.0029,﻿church,not recorded,English,,,,﻿Lake County,﻿Lake County,﻿Cedar Lake,﻿Cedar Lake,﻿IN,,41.364758,-87.441147,,,,,﻿Rev.,﻿-,,,,,,,,1869,﻿,﻿,﻿Fort Wayne,FortWayne
﻿for.in.0030,﻿church,﻿St. Bernard's,English,,,,﻿Montgomery County,﻿Montgomery County,﻿Crawfordsville,﻿Crawfordsville,﻿IN,,40.041154,-86.874452,,,,﻿edw_p_walters_001,﻿Rev.,﻿E.P. Walters,,﻿Pastor,,,,,,1869,﻿,﻿,﻿Fort Wayne,FortWayne
﻿for.in.0034,﻿church,﻿St. Mary's,English,,,,﻿Adams County,﻿Adams County,﻿Decatur,﻿Decatur,﻿IN,,40.830603,-84.929133,,,,﻿joh_wemhoff_001,﻿Rev.,﻿John Wemhoff,,,,,,,,1869,﻿,﻿,﻿Fort Wayne,FortWayne
﻿for.in.0035,﻿church,﻿St. Joseph's,English,,,,﻿Carroll County,﻿Carroll County,﻿Delphi,﻿Delphi,﻿IN,,40.587537,-86.675006,,,,﻿tim_osullivan_001,﻿Rev.,﻿Timothy O'Sullivan,,,,,,,,1869,﻿,﻿,﻿Fort Wayne,FortWayne
﻿for.in.0036,﻿church,﻿St. Mary's,English,,,,﻿Lake County,﻿Lake County,﻿Dyer Station,﻿Dyer,﻿IN,,41.494202,-87.521707,,,,﻿j_schmitz_001,﻿Rev.,﻿J. Schmitz,,,,,,,,1869,﻿,﻿,﻿Fort Wayne,FortWayne
﻿for.in.0037,﻿church,not recorded,English,﻿church building,,,﻿Elkhart County,﻿Elkhart County,﻿Elkhart,﻿Elkhart,﻿IN,,41.67789,-85.965179,﻿for.in.0085,﻿attended from Mishawaka,,,,,,,,,,,,1869,﻿,﻿,﻿Fort Wayne,FortWayne
﻿for.in.0038,﻿church,not recorded,English,,,,﻿Randolph County,﻿Randolph County,﻿Farmland,﻿Farmland,﻿IN,,40.187822,-85.127468,﻿for.in.0145,﻿attended from Union City,,,,,,,,,,,,1869,﻿,﻿,﻿Fort Wayne,FortWayne
﻿for.in.0039,﻿church,not recorded,English,,,,﻿Clinton County,﻿Clinton County,﻿Frankfort,﻿Frankfort,﻿IN,,40.279481,-86.510835,﻿for.in.0065,﻿attended from Lebanon,,,,,,,,,,,,1869,﻿,﻿,﻿Fort Wayne,FortWayne
﻿for.in.0040,﻿church,not recorded,English,,,,﻿Laporte County,﻿LaPorte County,﻿Fish Lake,﻿Fish Lake,﻿IN,,41.56667,-86.55194,﻿for.in.0069,﻿attended from Laporte,,,,,,,,,,,,1869,﻿,﻿,﻿Fort Wayne,FortWayne
﻿for.in.0041,﻿church,﻿St. Francis',English,,,,﻿Pulaski County,﻿Pulaski County,﻿Francisville,﻿Francesville,﻿IN,,40.985317,-86.879461,﻿for.in.0154,﻿attended from Winemac,,,,,,,,,,,,1869,﻿,﻿,﻿Fort Wayne,FortWayne
﻿for.in.0042,﻿church,not recorded,English,,,,﻿Cass County,﻿Cass County,﻿Galveston,﻿Galveston,﻿IN,,40.578928,-86.190272,﻿for.in.0081,﻿attended from Logansport,,,,,,,,,,,,1869,﻿,﻿,﻿Fort Wayne,FortWayne
﻿for.in.0043,﻿church,﻿Immaculate Conception,English,,,,﻿Noble County,﻿Noble County,﻿Girardot,﻿Ege,﻿IN,,41.292826,-85.287754,﻿for.in.0007,﻿attended from Avilla,,,,,,,,,,,,1869,﻿,﻿,﻿Fort Wayne,FortWayne
﻿for.in.0044,﻿church,not recorded,English,,,,﻿Lake County,﻿Lake County,﻿Gibson's Station,﻿Hammond,﻿IN,,41.583369,-87.500041,﻿for.in.0036,﻿attended from Dyer,,,,,,,,,,,,1869,﻿,﻿,﻿Fort Wayne,FortWayne
﻿for.in.0045,﻿church,﻿St. John's,English,,,,﻿Elkhart County,﻿Elkhart County,﻿Goshen,﻿Goshen,﻿IN,,41.580427,-85.905964,,,,﻿hen_meisner_001,﻿Rev.,﻿Henry Meisner,,,,,,,,1869,﻿,﻿,﻿Fort Wayne,FortWayne
﻿for.in.0046,﻿church,not recorded,English,,,,﻿Marshall County,﻿Starke County,﻿Grovertown,﻿Grovertown,﻿IN,,41.375043,-86.504734,﻿for.in.0111,﻿attended from Plymouth,,,,,,,,,,,,1869,﻿,﻿,﻿Fort Wayne,FortWayne
﻿for.in.0047,﻿church,not recorded,English,,,,﻿Laporte County,﻿LaPorte County,﻿Hanna,﻿Hanna,﻿IN,,41.41234,-86.781186,﻿for.in.0146,﻿attended from Valparaiso,,,,,,,,,,,,1869,﻿,﻿,﻿Fort Wayne,FortWayne
﻿for.in.0048,﻿church,﻿St. Elizabeth's,English,,,,﻿Cass County,﻿Cass County,﻿Harrison Township,﻿Harrison Township,﻿IN,,40.882434,-86.398479,﻿for.in.0115,﻿attended from Fulton,,,,,,,,,,,,1869,﻿,﻿,﻿Fort Wayne,FortWayne
﻿for.in.0049,﻿church,not recorded,English,,,,﻿Blackford County,﻿Blackford County,﻿Hartford,﻿Hartford City,﻿IN,,40.451154,-85.369972,﻿for.in.0145,﻿attended from Union City,,,,,,,,,,,,1869,﻿,﻿,﻿Fort Wayne,FortWayne
﻿for.in.0050,﻿church,not recorded,English,,,,﻿Porter County,﻿Porter County,﻿Hebron,﻿Hebron,﻿IN,,41.318648,-87.200309,﻿for.in.0146,﻿attended from Valparaiso,,,,,,,,,,,,1869,﻿,﻿,﻿Fort Wayne,FortWayne
﻿for.in.0051,﻿church,﻿St. Joseph's,English,,,,﻿Allen County,﻿Allen County,﻿Hesse Cassel,﻿Hessen Cassel,﻿IN,,40.977826,-85.079136,,,,﻿wil_woeste_001,﻿Rev.,﻿William Woeste,,,,,,,,1869,﻿,﻿,﻿Fort Wayne,FortWayne
﻿for.in.0052,﻿church,not recorded,English,,,,﻿Porter County,﻿Lake County,﻿Hobart,﻿Hobart,﻿IN,,41.532259,-87.255035,﻿for.in.0146,﻿attended from Valparaiso,,,,,,,,,,,,1869,﻿,﻿,﻿Fort Wayne,FortWayne
﻿for.in.0053,﻿church,not recorded,English,,,,﻿Porter County,﻿Porter County,﻿Horse Prairie,﻿Winfield Township,﻿IN,,41.524858,-87.102375,﻿for.in.0146,﻿attended from Valparaiso,,,,,,,,,,,,1869,﻿,﻿,﻿Fort Wayne,FortWayne
﻿for.in.0054,﻿church,﻿SS. Peter and Paul's,English,,,,﻿Huntington County,﻿Huntington County,﻿Huntington,﻿Huntington,﻿IN,,40.884244,-85.499273,,,,﻿geo_steiner_001,﻿Rev.,﻿George Steiner,,﻿Pastor,,,,,,1869,﻿,﻿,﻿Fort Wayne,FortWayne
﻿for.in.0055,﻿church,not recorded,English,,,,﻿Warren County,﻿Warren County,﻿Independence,﻿Independence,﻿IN,,40.337727,-87.168467,﻿for.in.0006,﻿attended from Attica,,,,,,,,,,,,1869,﻿,﻿,﻿Fort Wayne,FortWayne
﻿for.in.0056,﻿church,not recorded,English,,,,﻿Grant County,﻿Grant County,﻿Jonesboro,﻿Jonesboro,﻿IN,,40.479762,-85.627754,﻿for.in.0109,﻿attended from Peru,,,,,,,,,,,,1869,﻿,﻿,﻿Fort Wayne,FortWayne
﻿for.in.0058,﻿church,﻿St. Patrick's,English,,,,﻿Howard County,﻿Howard County,﻿Kokomo,﻿Kokomo,﻿IN,,40.486427,-86.133603,﻿for.in.0109,﻿attended from Peru,,,,,,,,,,,,1869,﻿,﻿,﻿Fort Wayne,FortWayne
﻿for.in.0059,﻿church,﻿St. Joseph's,English,,,,﻿Newton County,﻿Newton County,﻿Kent,﻿Kentland,﻿IN,,40.770315,-87.445303,﻿for.in.0179,"﻿attended from Orphan Asylum, Rensselaer",,,,,,,,,,,,1869,﻿,﻿,﻿Fort Wayne,FortWayne
﻿for.in.0060,﻿church,﻿Immaculate Conception,English,,,,﻿Noble County,﻿Noble County,﻿Kendallville,﻿Kendallville,﻿IN,,41.441438,-85.264975,﻿for.in.0007,﻿attended from Avilla,,,,,,,,,,,,1869,﻿,﻿,﻿Fort Wayne,FortWayne
﻿for.in.0061,﻿church,not recorded,English,,,,﻿Porter County,﻿Porter County,﻿Koutts Station,﻿Kouts,﻿IN,,41.316706,-87.025859,﻿for.in.0146,﻿attended from Valparaiso,,,,,,,,,,,,1869,﻿,﻿,﻿Fort Wayne,FortWayne
﻿for.in.0062,﻿church,﻿St. Mary's,English,,,,﻿Tippecanoe County,﻿Tippecanoe County,﻿Lafayette,﻿Lafayette,﻿IN,,40.418027,-86.882871,,,,﻿geo_a_hamilton_001,﻿Rev.,﻿Geo. A. Hamilton,,﻿Pastor,,,,,,1869,﻿,﻿,﻿Fort Wayne,FortWayne
﻿for.in.0062,﻿church,﻿St. Mary's,English,,,,﻿Tippecanoe County,﻿Tippecanoe County,﻿Lafayette,﻿Lafayette,﻿IN,,40.418027,-86.882871,,,,﻿m_m_hallinan_001,﻿Rev.,﻿M. M. Hallinan,,,,,,,,1869,﻿,﻿,﻿Fort Wayne,FortWayne
﻿for.in.0063,﻿church,﻿St. Boniface's,﻿German,,,,﻿Tippecanoe County,﻿Tippecanoe County,﻿Lafayette,﻿Lafayette,﻿IN,,40.346973,-86.822034,,,,﻿ven_arnold_002,﻿Rev.,﻿Venantius Arnold,﻿O.S.F.,﻿Superior,,,,,,1869,﻿,﻿,﻿Fort Wayne,FortWayne
﻿for.in.0064,﻿church,not recorded,English,,,,﻿Montgomery County,﻿Montgomery County,﻿Ladoga,﻿Ladoga,﻿IN,,39.913655,-86.801118,﻿for.in.0030,﻿attended from Crawfordsville,,,,,,,,,,,,1869,﻿,﻿,﻿Fort Wayne,FortWayne
﻿for.in.0065,﻿church,﻿St. Charles Borromeo's,English,,,,﻿Boone County,﻿Boone County,﻿Lebanon,﻿Lebanon,﻿IN,,40.048374,-86.469168,﻿for.in.0062,﻿attended from Lafayette,,,,,,,,,,,,1869,﻿,﻿,﻿Fort Wayne,FortWayne
﻿for.in.0066,﻿church,not recorded,English,,,,﻿Noble County,﻿Noble County,﻿Lawrence,,﻿IN,,41.427739,-85.354965,﻿for.in.0007,﻿attended from Avilla,,,,,,,,,,,,1869,﻿,﻿,﻿Fort Wayne,FortWayne
﻿for.in.0067,﻿church,﻿St. Martin's,English,,,,﻿Stark County,﻿LaPorte County,﻿La Crosse,﻿La Crosse,﻿IN,,41.31754,-86.891411,﻿for.in.0086,﻿attended from Michigan City,,,,,,,,,,,,1869,﻿,﻿,﻿Fort Wayne,FortWayne
﻿for.in.0069,﻿church,﻿St. Peter's,English,,,,﻿Laporte County,﻿LaPorte County,﻿Laporte,﻿La Porte,﻿IN,,41.611143,-86.722719,,,,﻿fra_lawler_001,﻿Rev.,﻿Francis Lawler,,﻿Pastor,,,,,,1869,﻿,﻿,﻿Fort Wayne,FortWayne
﻿for.in.0070,﻿church,﻿St. Joseph's,English,,,,﻿Laporte County,﻿LaPorte County,﻿Laporte,﻿La Porte,﻿IN,,41.611143,-86.722719,,,,﻿sim_bartosz_001,﻿Rev.,﻿S. Bartosz,,﻿Pastor,,,,,,1869,﻿,﻿,﻿Fort Wayne,FortWayne
﻿for.in.0071,﻿church,﻿St. Leo's,English,,,,﻿Allen County,﻿Allen County,﻿Leo,﻿Leo—Cedarville,﻿IN,,41.212549,-85.016635,,,,﻿m_zumbuelte_001,﻿Rev.,﻿M. Zumbuelta,,,,,,,,1869,﻿,﻿,﻿Fort Wayne,FortWayne
﻿for.in.0077,﻿church,not recorded,English,﻿church building,,,﻿Lake County,﻿Lake County,﻿Lowell,﻿Lowell,﻿IN,,41.291424,-87.42059,,﻿attended from -,,,,,,,,,,,,1869,﻿,﻿,﻿Fort Wayne,FortWayne
﻿for.in.0078,﻿church,not recorded,English,,,,﻿St. Joseph's County,﻿St. Joseph County,﻿Lowell,﻿South Bend,﻿IN,,41.676355,-86.25199,,,,﻿j_frere_001,﻿Rev.,﻿J. Frere,﻿C.S.C.,,,,,,,1869,﻿,﻿,﻿Fort Wayne,FortWayne
﻿for.in.0079,﻿church,﻿St. Patrick's,English,,,,﻿Wabash County,﻿Wabash County,﻿Lagro,﻿Lagro,﻿IN,,40.8381,-85.730261,,,,﻿m_e_campion_001,﻿Rev.,﻿M. E. Campion,,﻿Pastor,,,,,,1869,﻿,﻿,﻿Fort Wayne,FortWayne
﻿for.in.0080,﻿church,﻿St. Patrick's,English,,,,﻿Noble County,﻿Noble County,﻿Ligonier,﻿Ligonier,﻿IN,,41.465882,-85.587485,﻿for.in.0045,﻿attended from Goshen,,,,,,,,,,,,1869,﻿,﻿,﻿Fort Wayne,FortWayne
﻿for.in.0081,﻿church,﻿St. Vincent de Paul's,English,,,,﻿Cass County,﻿Cass County,﻿Logansport,﻿Logansport,﻿IN,,40.754484,-86.356666,,,,﻿jac_mayer_001,﻿Rev.,﻿Jacob Mayer,,﻿Pastor,,,,,,1869,﻿,﻿,﻿Fort Wayne,FortWayne
﻿for.in.0083,﻿church,not recorded,English,,,,﻿Porter County,﻿Lake County,﻿Lake Station,﻿Lake Station,﻿IN,,41.575037,-87.238925,﻿for.in.0020,﻿attended from Calumet,,,,,,,,,,,,1869,﻿,﻿,﻿Fort Wayne,FortWayne
﻿for.in.0084,﻿church,not recorded,English,,,,,,﻿Miller's Station,﻿Gary,﻿IN,,41.60204,-87.337152,﻿for.in.0020,﻿attended from Calumet,,,,,,,,,,,,1869,﻿,﻿,﻿Fort Wayne,FortWayne
﻿for.in.0085,﻿church,﻿St. Joseph's,English,,,,﻿St. Joseph's County,﻿St. Joseph County,﻿Mishawaka,﻿Mishawaka,﻿IN,,41.661993,-86.158616,,,,﻿aug_oechtering_001,﻿Rev.,﻿Aug. Oechtering,,﻿Pastor,,,,,,1869,﻿,﻿,﻿Fort Wayne,FortWayne
﻿for.in.0086,﻿church,﻿Immaculate Conception,English,,,,﻿Laporte County,﻿LaPorte County,﻿Michigan City,﻿Michigan City,﻿IN,,41.696938,-86.905034,,,,﻿jul_becks_001,﻿Rev.,﻿Julius Becks,,,,,,,,1869,﻿,﻿,﻿Fort Wayne,FortWayne
﻿for.in.0087,﻿church,﻿St. Paul's,English,,,,﻿Grant County,﻿Grant County,﻿Marion,﻿Marion,﻿IN,,40.558374,-85.659144,﻿for.in.0109,﻿attended from Peru,,,,,,,,,,,,1869,﻿,﻿,﻿Fort Wayne,FortWayne
﻿for.in.0088,﻿church,not recorded,English,,,,﻿Porter County,﻿Porter County,﻿Marshall's Grove,,﻿IN,,41.524858,-87.102375,﻿for.in.0146,﻿attended from Valparaiso,,,,,,,,,,,,1869,﻿,﻿,﻿Fort Wayne,FortWayne
﻿for.in.0089,﻿church,not recorded,English,,,,﻿Miami County,﻿Miami County,﻿Miami,﻿Miami,﻿IN,,40.614167,-86.106667,﻿for.in.0109,﻿attended from Peru,,,,,,,,,,,,1869,﻿,﻿,﻿Fort Wayne,FortWayne
﻿for.in.0090,﻿church,not recorded,English,,,,﻿Grant County,﻿Grant County,﻿Mier,﻿Mier,﻿IN,,40.572651,-85.823631,﻿for.in.0109,﻿attended from Peru,,,,,,,,,,,,1869,﻿,﻿,﻿Fort Wayne,FortWayne
﻿for.in.0091,﻿church,﻿St. John's,English,,﻿Mullen's Settlement,,﻿Hamilton County,﻿Hamilton County,﻿Boxly,﻿Boxley,﻿IN,,40.16615,-86.175402,﻿for.in.0109,﻿attended from Peru,,,,,,,,,,,,1869,﻿,﻿,﻿Fort Wayne,FortWayne
﻿for.in.0092,﻿church,not recorded,English,,,,﻿White County,﻿White County,﻿Monticello,﻿Monticello,﻿IN,,40.745317,-86.764734,﻿for.in.0081,﻿attended from Logansport,,,,,,,,,,,,1869,﻿,﻿,﻿Fort Wayne,FortWayne
﻿for.in.0093,﻿church,not recorded,English,,,,﻿Laporte County,﻿La Porte County,﻿Morgan,,﻿IN,,41.430596,-86.898358,﻿for.in.0146,﻿attended from Valparaiso,,,,,,,,,,,,1869,﻿,﻿,﻿Fort Wayne,FortWayne
﻿for.in.0094,﻿church,not recorded,English,﻿church building,,,﻿Warren County,﻿Warren County,﻿Marshfield,﻿Marshfield,﻿IN,,40.250688,-87.453365,﻿for.in.0006,﻿attended from Attica,,,,,,,,,,,,1869,﻿,﻿,﻿Fort Wayne,FortWayne
﻿for.in.0095,﻿church,not recorded,English,﻿church building,,,﻿Delaware County,﻿Delaware County,﻿Muncie,﻿Muncie,﻿IN,,40.193377,-85.38636,﻿for.in.0145,﻿attended from Union City,,,,,,,,,,,,1869,﻿,﻿,﻿Fort Wayne,FortWayne
﻿for.in.0096,﻿church,﻿St. Ann's,English,,,,﻿Pulaski County,﻿Pulaski County,﻿Monterey,﻿Monterey,﻿IN,,41.155369,-86.482433,﻿for.in.0154,﻿attended from Winamac,,,,,,,,,,,,1869,﻿,﻿,﻿Fort Wayne,FortWayne
﻿for.in.0097,﻿church,﻿St. Rose of Lima,English,,,,,,﻿Monroeville,﻿Monroeville,﻿IN,,40.970018,-84.865243,﻿for.in.0001,﻿attended from Fort Wayne,,,,,,,,,,,,1869,﻿,﻿,﻿Fort Wayne,FortWayne
﻿for.in.0098,﻿church,﻿St. John Evangelist's,English,,,,,,﻿Montpelier,﻿Montpelier,﻿IN,,40.553934,-85.277472,﻿for.in.0145,﻿attended from Union City,,,,,,,,,,,,1869,﻿,﻿,﻿Fort Wayne,FortWayne
﻿for.in.0099,﻿church,not recorded,English,,,,﻿Benton County,﻿Benton County,﻿Mount Gilboa,﻿Gilboa Township,﻿IN,,40.701372,-87.162234,﻿for.in.0108,﻿attended from Oxford,,,,,,,,,,,,1869,﻿,﻿,﻿Fort Wayne,FortWayne
﻿for.in.0100,﻿church,not recorded,English,,,,﻿Pulaski County,﻿Pulaski County,﻿Madeiraville,﻿Medaryville,﻿IN,,41.080595,-86.891963,﻿for.in.0062,﻿attended from Lafayette,,,,,,,,,,,,1869,﻿,﻿,﻿Fort Wayne,FortWayne
﻿for.in.0101,﻿church,not recorded,English,﻿church building,,,﻿Elkhart County,﻿Elkhart County,﻿Millersburg,﻿Millersburg,﻿IN,,41.523026,-85.693663,﻿for.in.0045,﻿attended from Goshen,,,,,,,,,,,,1869,﻿,﻿,﻿Fort Wayne,FortWayne
﻿for.in.0102,﻿church,﻿St. Vincent de Paul's,English,,,,﻿Allen County,﻿Allen County,﻿New France,﻿New Haven,﻿IN,,41.070604,-85.014412,,,,﻿aug_adam_001,﻿Rev.,﻿Aug. Adam,,,,,,,,1869,﻿,﻿,﻿Fort Wayne,FortWayne
﻿for.in.0103,﻿church,﻿St. John the Baptist's,English,,,,﻿Allen County,﻿Allen County,﻿New Haven,﻿New Haven,﻿IN,,41.070604,-85.014412,,,,﻿wol_giedl_001,﻿Rev.,﻿Wolfgang Giedl,,,,,,,,1869,﻿,﻿,﻿Fort Wayne,FortWayne
﻿for.in.0104,﻿church,﻿St. Catharine's,English,,,,﻿Whitley County,﻿Whitley County,﻿Nix Settlement,﻿Columbia City,﻿IN,,41.157269,-85.488313,﻿for.in.0005,﻿attended from Arcola,,,,,,,,,,,,1869,﻿,﻿,﻿Fort Wayne,FortWayne
﻿for.in.0105,﻿church,not recorded,English,,,,﻿Stark County,﻿Starke County,﻿North Judson,﻿North Judson,﻿IN,,41.21504,-86.77585,﻿for.in.0154,﻿attended from Winamac,,,,,,,,,,,,1869,﻿,﻿,﻿Fort Wayne,FortWayne
﻿for.in.0106,﻿church,﻿Sacred Heart,English,,﻿Notre Dame du Lac,,﻿St. Joseph County,﻿St. Joseph County,﻿South Bend,﻿South Bend,﻿IN,,41.70505,-86.235544,,,,﻿a_granger_001,﻿Very Rev.,﻿A. Granger,﻿S.S.C.,,,,,,,1869,﻿,﻿,﻿Fort Wayne,FortWayne
﻿for.in.0107,﻿church,not recorded,English,,,,﻿Hamilton County,﻿Hamilton County,﻿Nobleville,﻿Noblesville,﻿IN,,40.045592,-86.008595,﻿for.in.0109,﻿attended from Peru,,,,,,,,,,,,1869,﻿,﻿,﻿Fort Wayne,FortWayne
﻿for.in.0108,﻿church,not recorded,English,,,,﻿Benton County,﻿Benton County,﻿Oxford,﻿Oxford,﻿IN,,40.516583,-87.245562,,,,,﻿Rev.,﻿— O'Callaghan,,,,,,,,1869,﻿,﻿,﻿Fort Wayne,FortWayne
﻿for.in.0109,﻿church,﻿St. Charles Borromeo's,English,,,,﻿Miami County,﻿Miami County,﻿Peru,﻿Peru,﻿IN,,40.753612,-86.072387,,,,﻿ber_kroeger_001,﻿Rev.,﻿Bernard Kroeger,,,,,,,,1869,﻿,﻿,﻿Fort Wayne,FortWayne
﻿for.in.0109,﻿church,﻿St. Charles Borromeo's,English,,,,﻿Miami County,﻿Miami County,﻿Peru,﻿Peru,﻿IN,,40.753612,-86.072387,,,,﻿ber_t_borg_001,﻿Rev.,﻿Bernard Theodore Borg,,,,,,,,1869,﻿,﻿,﻿Fort Wayne,FortWayne
﻿for.in.0110,﻿church,not recorded,English,,,,﻿Madison County,﻿Madison County,﻿Pendleton,﻿Pendleton,﻿IN,,39.997541,-85.746644,﻿for.in.0009,﻿attended from Anderson,,,,,,,,,,,,1869,﻿,﻿,﻿Fort Wayne,FortWayne
﻿for.in.0111,﻿church,﻿St. Michael's,English,,,,﻿Marshall County,﻿Marshall County,﻿Plymouth,﻿Plymouth,﻿IN,,41.343655,-86.309728,,,,﻿fra_siegelack_001,﻿Rev.,﻿Francis Siegelack,,,,,,,,1869,﻿,﻿,﻿Fort Wayne,FortWayne
﻿for.in.0112,﻿church,not recorded,English,,,,﻿Lake County,﻿Lake County,﻿Pine Station,,﻿IN,,41.607785,-87.386608,﻿for.in.0020,﻿attended from Calumet,,,,,,,,,,,,1869,﻿,﻿,﻿Fort Wayne,FortWayne
﻿for.in.0113,﻿church,not recorded,English,,,,﻿Pulaski County,﻿Pulaski County,﻿Pulaski,﻿Pulaski,﻿IN,,40.995738,-86.822034,﻿for.in.0154,﻿attended from Winamac,,,,,,,,,,,,1869,﻿,﻿,﻿Fort Wayne,FortWayne
﻿for.in.0114,﻿church,﻿St. Francis',English,,,,﻿Kosciusko County,﻿Kosciusko County,﻿Pierceton,﻿Pierceton,﻿IN,,41.200323,-85.705542,﻿for.in.0111,﻿attended from Plymouth,,,,,,,,,,,,1869,﻿,﻿,﻿Fort Wayne,FortWayne
﻿for.in.0115,﻿church,﻿St. Ann's,English,,,,﻿Fulton County,﻿Fulton County,﻿Pleasant Grove,﻿Kewanna,﻿IN,,41.018653,-86.413337,,,,﻿cha_mangin_001,﻿Rev.,﻿Charles Mangin,,,,,,,,1869,﻿,﻿,﻿Fort Wayne,FortWayne
﻿for.in.0116,﻿church,﻿St. Aloysius',English,,,,﻿Allen County,﻿Allen County,﻿Pleasant Township,﻿Pleasant Township,﻿IN,,40.958583,-85.168674,﻿for.in.0051,﻿attended from Hesse Cassel,,,,,,,,,,,,1869,﻿,﻿,﻿Fort Wayne,FortWayne
﻿for.in.0117,﻿church,not recorded,English,,,,﻿Jay County,﻿Jay County,﻿Portland,﻿Portland,﻿IN,,40.43449,-84.977745,﻿for.in.0135,﻿attended from St. Mary's Home,,,,,,,,,,,,1869,﻿,﻿,﻿Fort Wayne,FortWayne
﻿for.in.0118,﻿church,not recorded,English,﻿church building,,,﻿Madison County,﻿Madison County,﻿Quincy,﻿Elwood,﻿IN,,40.276983,-85.841925,﻿for.in.0009,﻿attended from Anderson,,,,,,,,,,,,1869,﻿,﻿,﻿Fort Wayne,FortWayne
﻿for.in.0119,﻿church,not recorded,English,,,,﻿Randolph County,﻿Randolph County,﻿Ridgeville,﻿Ridgeville,﻿IN,,40.289211,-85.028857,﻿for.in.0145,﻿attended from Union City,,,,,,,,,,,,1869,﻿,﻿,﻿Fort Wayne,FortWayne
﻿for.in.0120,﻿church,not recorded,English,,,,﻿Noble County,﻿Noble County,﻿Rome City,﻿Rome City,﻿IN,,41.496161,-85.376645,﻿for.in.0007,﻿attended from Avilla,,,,,,,,,,,,1869,﻿,﻿,﻿Fort Wayne,FortWayne
﻿for.in.0195,﻿church,not recorded,English,,,,﻿Noble County,﻿Noble County,﻿Rome Station,﻿Rome Station,﻿IN,,,,﻿for.in.0007,﻿attended from Avilla,,,,,,,,,,,,1869,﻿,﻿,﻿Fort Wayne,FortWayne
﻿for.in.0121,﻿church,not recorded,English,,,,﻿Cass County,﻿Cass County,﻿Royal Centre,﻿Royal Center,﻿IN,,40.864485,-86.499727,﻿for.in.0081,﻿attended from Logansport,,,,,,,,,,,,1869,﻿,﻿,﻿Fort Wayne,FortWayne
﻿for.in.0122,﻿church,not recorded,English,,,,﻿Tippecanoe County,﻿Tippecanoe County,﻿Raub's Station,﻿South Raub,﻿IN,,40.301349,-86.913578,﻿for.in.0062,﻿attended from Lafayette,,,,,,,,,,,,1869,﻿,﻿,﻿Fort Wayne,FortWayne
﻿for.in.0123,﻿church,not recorded,English,,,,﻿White County,﻿White County,﻿Reynolds,﻿Reynolds,﻿IN,,40.676555,-86.982429,﻿for.in.0062,﻿attended from Lafayette,,,,,,,,,,,,1869,﻿,﻿,﻿Fort Wayne,FortWayne
﻿for.in.0124,﻿church,﻿St. Joseph's,English,,,,﻿Huntington County,﻿Huntington County,﻿Roanoke,﻿Roanoke,﻿IN,,40.900118,-85.489911,﻿for.in.0005,﻿attended from Arcola,,,,,,,,,,,,1869,﻿,﻿,﻿Fort Wayne,FortWayne
﻿for.in.0125,﻿church,not recorded,English,,,,﻿Carroll County,﻿Carroll County,﻿Rock Creek Township,﻿Rock Creek Township,﻿IN,,40.654945,-86.570355,﻿for.in.0035,﻿attended from Delphi,,,,,,,,,,,,1869,﻿,﻿,﻿Fort Wayne,FortWayne
﻿for.in.0126,﻿church,not recorded,English,﻿church building,,,﻿Jasper County,﻿Jasper County,﻿Rensselaer,﻿Rensselaer,﻿IN,,40.936705,-87.150856,,,,﻿jos_a_stephan_001,﻿Rev.,﻿Joseph A. Stephan,,﻿Pastor,,,,,,1869,﻿,﻿,﻿Fort Wayne,FortWayne
﻿for.in.0127,﻿church,﻿St. Patrick's,English,,,,﻿St. Joseph's County,﻿St. Joseph County,﻿South Bend,﻿South Bend,﻿IN,,41.676355,-86.25199,,,,﻿p_cooney_001,﻿Rev.,﻿P. Cooney,﻿S.S.C.,,,,,,,1869,﻿,﻿,﻿Fort Wayne,FortWayne
﻿for.in.0128,﻿church,﻿St. John's,English,,,,﻿Stark County,﻿Starke County,﻿San Pierre,﻿San Pierre,﻿IN,,41.198626,-86.894019,﻿for.in.0154,﻿attended from Winamac,,,,,,,,,,,,1869,﻿,﻿,﻿Fort Wayne,FortWayne
﻿for.in.0129,﻿church,﻿St. John's,English,,,,﻿Lake County,﻿Lake County,,,﻿IN,,40.551217,-85.602364,,,,﻿b_rachor_001,﻿Rev.,﻿B. Rachor,,,,,,,,1869,﻿,﻿,﻿Fort Wayne,FortWayne
﻿for.in.0130,﻿church,not recorded,English,,,,﻿Carroll County,﻿Carroll County,﻿Sugar Creek,,﻿IN,,40.50988,-86.665816,﻿for.in.0035,﻿attended from Delphi,,,,,,,,,,,,1869,﻿,﻿,﻿Fort Wayne,FortWayne
﻿for.in.0131,﻿church,not recorded,English,,,,﻿Tippecanoe County,﻿Tippecanoe County,﻿Stockwell,﻿Stockwell,﻿IN,,40.286176,-86.771063,﻿for.in.0065,﻿attended from Lebanon,,,,,,,,,,,,1869,﻿,﻿,﻿Fort Wayne,FortWayne
﻿for.in.0132,﻿church,not recorded,English,,,,﻿Tipton County,﻿Tipton County,﻿Shielsville,,﻿IN,,40.282566,-86.05296,﻿for.in.0109,﻿attended from Peru,,,,,,,,,,,,1869,﻿,﻿,﻿Fort Wayne,FortWayne
﻿for.in.0133,﻿church,not recorded,English,,,,﻿Tipton County,﻿Tipton County,﻿Sharpsville,﻿Sharpsville,﻿IN,,40.379482,-86.088601,﻿for.in.0109,﻿attended from Peru,,,,,,,,,,,,1869,﻿,﻿,﻿Fort Wayne,FortWayne
﻿for.in.0134,﻿church,not recorded,English,,,,﻿Warren County,﻿Warren County,﻿State Line,﻿State Line City,﻿IN,,40.197207,-87.527058,﻿for.in.0006,﻿attended from Attica,,,,,,,,,,,,1869,﻿,﻿,﻿Fort Wayne,FortWayne
﻿for.in.0135,﻿church,﻿Holy Trinity,English,,﻿St. Mary's Home,,﻿Jay County,﻿Jay County,,,﻿IN,,40.446529,-85.023346,,,,﻿jac_ringele_002,﻿Rev.,﻿Jacob Ringele,﻿C.PP.S.,,,,,,,1869,﻿,﻿,﻿Fort Wayne,FortWayne
﻿for.in.0136,﻿church,not recorded,English,,,,﻿Porter County,﻿Porter County,﻿Stark,,﻿IN,,41.524858,-87.102375,﻿for.in.0111,﻿attended from Plymouth,,,,,,,,,,,,1869,﻿,﻿,﻿Fort Wayne,FortWayne
﻿for.in.0137,﻿church,not recorded,English,,,,﻿Boone County,﻿Boone County,﻿Thornton,﻿Thorntown,﻿IN,,40.129484,-86.606671,﻿for.in.0062,﻿attended from Lafayette,,,,,,,,,,,,1869,﻿,﻿,﻿Fort Wayne,FortWayne
﻿for.in.0138,﻿church,not recorded,English,,,,﻿Lake County,﻿Lake County,﻿Tolleston,﻿Tolleston,﻿IN,,41.593092,-87.36615,﻿for.in.0020,﻿attended from Calumet,,,,,,,,,,,,1869,﻿,﻿,﻿Fort Wayne,FortWayne
﻿for.in.0139,﻿church,﻿SS. Peter and Paul,English,,﻿Merrillsville P.O.,,﻿Lake County,﻿Lake County,﻿Turkey Creek,﻿Merrillville,﻿IN,,41.512315,-87.344813,﻿for.in.0036,﻿attended from Dyer,,,,,,,,,,,,1869,﻿,﻿,﻿Fort Wayne,FortWayne
﻿for.in.0140,﻿church,not recorded,English,,,,﻿Tipton County,﻿Tipton County,﻿Tipton,﻿Tipton,﻿IN,,40.28226,-86.041098,﻿for.in.0109,﻿attended from Peru,,,,,,,,,,,,1869,﻿,﻿,﻿Fort Wayne,FortWayne
﻿for.in.0141,﻿church,not recorded,English,,,,﻿Tipton County,﻿Tipton County,﻿Tetersburgh,﻿Tetersburg,﻿IN,,40.275309,-86.15109,﻿for.in.0109,﻿attended from Peru,,,,,,,,,,,,1869,﻿,﻿,﻿Fort Wayne,FortWayne
﻿for.in.0142,﻿church,not recorded,English,,,,﻿St. Joseph's County,﻿St. Joseph County,﻿Terre CoupeÉ,﻿Terre Coupee,﻿IN,,41.702268,-86.477239,﻿for.in.0069,﻿attended from Laporte,,,,,,,,,,,,1869,﻿,﻿,﻿Fort Wayne,FortWayne
﻿for.in.0143,﻿church,not recorded,English,,,,﻿Tippecanoe County,﻿Tippecanoe County,﻿Taylor's Station,﻿Shadeland,﻿IN,,40.373647,-86.948898,﻿for.in.0062,﻿attended from Lafayette,,,,,,,,,,,,1869,﻿,﻿,﻿Fort Wayne,FortWayne
﻿for.in.0144,﻿church,not recorded,English,,,,﻿Lake County,﻿Lake County,﻿Twenty Mile Prairie,﻿Portage,﻿IN,,41.489728,-87.301613,﻿for.in.0146,﻿attended from Valparaiso,,,,,,,,,,,,1869,﻿,﻿,﻿Fort Wayne,FortWayne
﻿for.in.0145,﻿church,﻿St. Mary's,English,,,,﻿Randolph County,﻿Randolph County,﻿Union,﻿Union City,﻿IN,,40.201991,-84.809129,,,,﻿l_lamour_001,﻿Rev.,﻿L. Lamour,,﻿Pastor,,,,,,1869,﻿,﻿,﻿Fort Wayne,FortWayne
﻿for.in.0146,﻿church,﻿St. Paul's,English,,,,﻿Porter County,﻿Porter County,﻿Valparaiso,﻿Valparaiso,﻿IN,,41.473095,-87.061141,,,,﻿mic_oreilly_001,﻿Rev.,﻿Michael O'Reilly,,,,,,,,1869,﻿,﻿,﻿Fort Wayne,FortWayne
﻿for.in.0147,﻿church,not recorded,English,,,,﻿Kosciusko County,﻿Kosciusko County,﻿Warsaw,﻿Warsaw,﻿IN,,41.2381,-85.853047,﻿for.in.0111,﻿attended from Plymouth,,,,,,,,,,,,1869,﻿,﻿,﻿Fort Wayne,FortWayne
﻿for.in.0148,﻿church,﻿St. Francis',English,,,,﻿De Kalb County,﻿DeKalb County,﻿Waterloo City,﻿Waterloo,﻿IN,,41.431995,-85.019967,﻿for.in.0071,﻿attended from Leo,,,,,,,,,,,,1869,﻿,﻿,﻿Fort Wayne,FortWayne
﻿for.in.0149,﻿church,﻿St. Bernard's,English,,,,﻿Wabash County,﻿Wabash County,﻿Wabash,﻿Wabash,﻿IN,,40.800175,-85.824452,﻿for.in.0079,﻿attended from Lagro,,,,,,,,,,,,1869,﻿,﻿,﻿Fort Wayne,FortWayne
﻿for.in.0150,﻿church,﻿St. Anthony's,English,,﻿Brunswick P.O.,,﻿Lake County,﻿Lake County,﻿West Creek,﻿West Creek Township,﻿IN,,41.273451,-87.480207,,,,﻿hen_rensen_001,﻿Rev.,﻿Henry Rensen,,,,,,,,1869,﻿,﻿,﻿Fort Wayne,FortWayne
﻿for.in.0151,﻿church,not recorded,English,,,,﻿Tippecanoe County,﻿Tippecanoe County,﻿West Point,﻿West Point,﻿IN,,40.344963,-87.042898,﻿for.in.0006,﻿attended from Attica,,,,,,,,,,,,1869,﻿,﻿,﻿Fort Wayne,FortWayne
﻿for.in.0152,﻿church,﻿St. Francis',English,,,,﻿Laporte County,﻿LaPorte County,﻿Westville,﻿Westville,﻿IN,,41.54143,-86.900582,﻿for.in.0020,﻿attended from Calumet,,,,,,,,,,,,1869,﻿,﻿,﻿Fort Wayne,FortWayne
﻿for.in.0153,﻿church,not recorded,English,,,,﻿Randolph County,﻿Randolph County,﻿Winchester,﻿Winchester,﻿IN,,40.171989,-84.981355,﻿for.in.0145,﻿attended from Union,,,,,,,,,,,,1869,﻿,﻿,﻿Fort Wayne,FortWayne
﻿for.in.0154,﻿church,not recorded,English,,,,﻿Pulaski County,﻿Pulaski County,﻿Winamac,﻿Winamac,﻿IN,,41.05143,-86.603065,,,,﻿hen_koenig_001,﻿Rev.,﻿Henry Koenig,,﻿Pastor,,,,,,1869,﻿,﻿,﻿Fort Wayne,FortWayne
﻿for.in.0155,﻿church,not recorded,English,,,,﻿Warren County,﻿Warren County,﻿Williamsport,﻿Williamsport,﻿IN,,40.28837,-87.2939,﻿for.in.0006,﻿attended from Attica,,,,,,,,,,,,1869,﻿,﻿,﻿Fort Wayne,FortWayne
﻿for.in.0156,﻿church,not recorded,English,,,,﻿Boone County,﻿Boone County,﻿Whitestown,﻿Whitestown,﻿IN,,39.997263,-86.34583,﻿for.in.0062,﻿attended from Lafayette,,,,,,,,,,,,1869,﻿,﻿,﻿Fort Wayne,FortWayne
﻿for.in.0157,﻿church,not recorded,English,,,,﻿Porter County,﻿Porter County,﻿Wheeler,﻿Wheeler,﻿IN,,41.511705,-87.1792,﻿for.in.0146,﻿attended from Valparaiso,,,,,,,,,,,,1869,﻿,﻿,﻿Fort Wayne,FortWayne
﻿for.in.0158,﻿church,not recorded,English,,,,﻿White County,﻿White County,﻿Wolcott,﻿Wolcott,﻿IN,,40.758095,-87.041684,﻿for.in.0059,﻿attended from Kent,,,,,,,,,,,,1869,﻿,﻿,﻿Fort Wayne,FortWayne
﻿for.in.0159,﻿church,not recorded,English,,,,﻿Porter County,﻿LaPorte County,﻿Wanatah,﻿Wanatah,﻿IN,,41.430596,-86.898358,﻿for.in.0146,﻿attended from Valparaiso,,,,,,,,,,,,1869,﻿,﻿,﻿Fort Wayne,FortWayne
﻿for.in.0160,﻿church,not recorded,English,,,,﻿Noble County,﻿Noble County,﻿Wawaka,﻿Wawaka,﻿IN,,41.456828,-85.48203,﻿for.in.0007,﻿attended from Avilla,,,,,,,,,,,,1869,﻿,﻿,﻿Fort Wayne,FortWayne
﻿for.in.0161,﻿church,not recorded,English,,,,﻿St. Joseph's County,﻿St. Joseph County,﻿Walkerton,﻿Walkerton,﻿IN,,41.466711,-86.483068,﻿for.in.0069,﻿attended from Laporte,,,,,,,,,,,,1869,﻿,﻿,﻿Fort Wayne,FortWayne
﻿for.in.0163,﻿church,not recorded,English,,,,﻿Jasper County,﻿Jasper County,﻿Remington,﻿Remington,﻿IN,,40.760873,-87.150852,﻿for.in.0179,﻿attended from Orphan Asylum at Rensselaer,,,,,,,,,,,,1869,﻿,﻿,﻿Fort Wayne,FortWayne
﻿for.in.0198,﻿consecrated life institution,﻿Congregation of Holy Cross,English,,,,﻿St. Joseph's County,﻿St. Joseph County,﻿Notre Dame,﻿Notre Dame,﻿IN,,,,,,,,,,,,,,,,,1869,﻿,﻿,﻿Fort Wayne,FortWayne
﻿for.in.0198,﻿consecrated life institution,﻿Congregation of Holy Cross,English,,,,﻿St. Joseph's County,﻿St. Joseph County,﻿Notre Dame,﻿Notre Dame,﻿IN,,,,,,,,﻿Very Rev.,﻿E. Sorin,﻿S.S.C.,﻿Superior General,,﻿teacher,﻿6 scholastics,,,1869,﻿,﻿,﻿Fort Wayne,FortWayne
﻿for.in.0198,﻿consecrated life institution,﻿Congregation of Holy Cross,English,,,,﻿St. Joseph's County,﻿St. Joseph County,﻿Notre Dame,﻿Notre Dame,﻿IN,,,,,,,,﻿Very Rev.,﻿A. Granger,﻿S.S.C.,﻿Provincial,,﻿layperson,﻿91 professed lay brothers,,,1869,﻿,﻿,﻿Fort Wayne,FortWayne
﻿for.in.0198,﻿consecrated life institution,﻿Congregation of Holy Cross,English,,,,﻿St. Joseph's County,﻿St. Joseph County,﻿Notre Dame,﻿Notre Dame,﻿IN,,,,,,,,﻿Rev.,﻿W. Corby,﻿S.S.C.,﻿Superior,,﻿religious,﻿52 novices,,,1869,﻿,﻿,﻿Fort Wayne,FortWayne
﻿for.in.0198,﻿consecrated life institution,﻿Congregation of Holy Cross,English,,,,﻿St. Joseph's County,﻿St. Joseph County,﻿Notre Dame,﻿Notre Dame,﻿IN,,,,,,,,﻿Rev.,﻿A. Lemonnier,﻿S.S.C.,,,﻿religious,"﻿10 postulants, Josephites",,,1869,﻿,﻿,﻿Fort Wayne,FortWayne
﻿for.in.0198,﻿consecrated life institution,﻿Congregation of Holy Cross,English,,,,﻿St. Joseph's County,﻿St. Joseph County,﻿Notre Dame,﻿Notre Dame,﻿IN,,,,,,,,﻿Rev.,﻿L. Letourneau,﻿S.S.C.,,,﻿religious,"﻿10 postulants, Josephites",,,1869,﻿,﻿,﻿Fort Wayne,FortWayne
﻿for.in.0198,﻿consecrated life institution,﻿Congregation of Holy Cross,English,,,,﻿St. Joseph's County,﻿St. Joseph County,﻿Notre Dame,﻿Notre Dame,﻿IN,,,,,,,,﻿Rev.,﻿P. P. Coony,﻿S.S.C.,,,﻿religious,"﻿10 postulants, Josephites",,,1869,﻿,﻿,﻿Fort Wayne,FortWayne
﻿for.in.0198,﻿consecrated life institution,﻿Congregation of Holy Cross,English,,,,﻿St. Joseph's County,﻿St. Joseph County,﻿Notre Dame,﻿Notre Dame,﻿IN,,,,,,,,﻿Rev.,﻿P. E. Gillen,﻿S.S.C.,,,﻿religious,"﻿10 postulants, Josephites",,,1869,﻿,﻿,﻿Fort Wayne,FortWayne
﻿for.in.0198,﻿consecrated life institution,﻿Congregation of Holy Cross,English,,,,﻿St. Joseph's County,﻿St. Joseph County,﻿Notre Dame,﻿Notre Dame,﻿IN,,,,,,,,﻿Rev.,﻿J. C. Carrier,﻿S.S.C.,,,﻿religious,"﻿10 postulants, Josephites",,,1869,﻿,﻿,﻿Fort Wayne,FortWayne
﻿for.in.0198,﻿consecrated life institution,﻿Congregation of Holy Cross,English,,,,﻿St. Joseph's County,﻿St. Joseph County,﻿Notre Dame,﻿Notre Dame,﻿IN,,,,,,,,﻿Rev.,﻿M. B. Brown,﻿S.S.C.,,,﻿religious,"﻿10 postulants, Josephites",,,1869,﻿,﻿,﻿Fort Wayne,FortWayne
﻿for.in.0198,﻿consecrated life institution,﻿Congregation of Holy Cross,English,,,,﻿St. Joseph's County,﻿St. Joseph County,﻿Notre Dame,﻿Notre Dame,﻿IN,,,,,,,,﻿Rev.,﻿T. L. Vagnier,﻿S.S.C.,,,﻿religious,"﻿10 postulants, Josephites",,,1869,﻿,﻿,﻿Fort Wayne,FortWayne
﻿for.in.0198,﻿consecrated life institution,﻿Congregation of Holy Cross,English,,,,﻿St. Joseph's County,﻿St. Joseph County,﻿Notre Dame,﻿Notre Dame,﻿IN,,,,,,,,﻿Rev.,﻿J. Frère,﻿S.S.C.,,,﻿religious,"﻿10 postulants, Josephites",,,1869,﻿,﻿,﻿Fort Wayne,FortWayne
﻿for.in.0198,﻿consecrated life institution,﻿Congregation of Holy Cross,English,,,,﻿St. Joseph's County,﻿St. Joseph County,﻿Notre Dame,﻿Notre Dame,﻿IN,,,,,,,,﻿Rev.,﻿D. J. Spillard,﻿S.S.C.,,,﻿religious,"﻿10 postulants, Josephites",,,1869,﻿,﻿,﻿Fort Wayne,FortWayne
﻿for.in.0198,﻿consecrated life institution,﻿Congregation of Holy Cross,English,,,,﻿St. Joseph's County,﻿St. Joseph County,﻿Notre Dame,﻿Notre Dame,﻿IN,,,,,,,,﻿Rev.,﻿P. Lauth,﻿S.S.C.,,,﻿religious,"﻿10 postulants, Josephites",,,1869,﻿,﻿,﻿Fort Wayne,FortWayne
﻿for.in.0184,﻿novitiate,﻿St. Joseph's Novitiate,English,,,,,,,,﻿IN,,42.26043,-74.023702,,,,﻿n_h_gillespie_001,﻿Rev.,﻿N. H. Gillespie,﻿S.S.C.,﻿Master of Novices,,,,,,1869,﻿,﻿,﻿Fort Wayne,FortWayne
﻿for.in.0184,﻿novitiate,﻿St. Joseph's Novitiate,English,,,,,,,,﻿IN,,42.26043,-74.023702,,,,﻿w_ruthmans_001,﻿Rev.,﻿W. Ruthmans,﻿S.S.C.,﻿Socius,,,,,,1869,﻿,﻿,﻿Fort Wayne,FortWayne
﻿for.in.0165,﻿novitiate,﻿St. Aloysius',English,,,,,,,﻿Notre Dame,﻿IN,,41.704198,-86.247108,,,,﻿jas_dillon_001,﻿Rev.,﻿Jas. Dillon,﻿S.S.C.,﻿Master of Novices Salvatorists,,,,,,1869,﻿,﻿,﻿Fort Wayne,FortWayne
﻿for.in.0165,﻿novitiate,﻿St. Aloysius',English,,,,,,,﻿Notre Dame,﻿IN,,41.704198,-86.247108,,,,﻿j_frère_001,﻿Rev.,﻿J. Frère,﻿S.S.C.,"﻿Socius, St. Joseph's Novitiate",,,,,,1869,﻿,﻿,﻿Fort Wayne,FortWayne
﻿for.in.0165,﻿novitiate,﻿St. Aloysius',English,,,,,,,﻿Notre Dame,﻿IN,,41.704198,-86.247108,,,,﻿j_c_carrier_001,﻿Rev.,﻿J. C. Carrier,﻿S.S.C.,﻿Master of Novices Josephites,,,,,,1869,﻿,﻿,﻿Fort Wayne,FortWayne
﻿for.in.0165,﻿novitiate,﻿St. Aloysius',English,,,,,,,﻿Notre Dame,﻿IN,,41.704198,-86.247108,,,,﻿w_ruthmans_001,﻿Rev.,﻿W. Ruthmans,﻿S.S.C.,﻿Socius,,,,,,1869,﻿,﻿,﻿Fort Wayne,FortWayne
﻿for.in.0166,﻿consecrated life institution,﻿Community of the Sisters of the Holy Cross,English,﻿Engaged in the education of youth and works of mercy,﻿Notre Dame P.O.,,﻿St. Joseph's County,,,,﻿IN,,41.700191,-86.237933,,,,,﻿Mother,﻿Mary Angela,,﻿Local and Provincial Superior,,﻿religious,﻿175 professed Sisters of the Holy Cross,,,1869,﻿,﻿,﻿Fort Wayne,FortWayne
﻿for.in.0166,﻿consecrated life institution,﻿Community of the Sisters of the Holy Cross,English,﻿Engaged in the education of youth and works of mercy,﻿Notre Dame P.O.,,﻿St. Joseph's County,,,,﻿IN,,41.700191,-86.237933,,,,,,,,,,﻿religious,﻿42 novices,,,1869,﻿,﻿,﻿Fort Wayne,FortWayne
﻿for.in.0166,﻿consecrated life institution,﻿Community of the Sisters of the Holy Cross,English,﻿Engaged in the education of youth and works of mercy,﻿Notre Dame P.O.,,﻿St. Joseph's County,,,,﻿IN,,41.700191,-86.237933,,,,,,,,,,﻿religious,﻿8 postulants,,,1869,﻿,﻿,﻿Fort Wayne,FortWayne
﻿for.in.0167,﻿consecrated life institution,﻿Community of the Poor Handmaids of Jesus Christ,English,"﻿These sisters come from Dermbach, in Nassau. Their object is to teach, take charge of hospitals, orphan asylums, and works of charity in general",,,﻿Allen County,,﻿Hesse Cassel,,﻿IN,,40.977826,-85.079136,,,,,,,,,,﻿religious,﻿8 sisters,,,1869,﻿,﻿,﻿Fort Wayne,FortWayne
﻿for.in.0169,﻿university,﻿University of Notre Dame,English,﻿Incorporated in 1844.,,,﻿St. Joseph's County,,,,﻿IN,,41.705192,-86.235165,,,,﻿w_corby_001,﻿Rev.,﻿W. Corby,﻿S.S.C.,﻿President,,﻿teacher,﻿30 professors and tutors,﻿conducted by the Rev. Fathers of the Congregation of Holy Cross.,,1869,﻿,﻿,﻿Fort Wayne,FortWayne
﻿for.in.0169,﻿university,﻿University of Notre Dame,English,﻿Incorporated in 1844.,,,﻿St. Joseph's County,,,,﻿IN,,41.705192,-86.235165,,,,﻿a_lemonier_001,﻿Rev.,﻿A. Lemonier,﻿S.S.C.,﻿Vice-President,,﻿student,﻿400 pupils,﻿conducted by the Rev. Fathers of the Congregation of Holy Cross.,,1869,﻿,﻿,﻿Fort Wayne,FortWayne
﻿for.in.0169,﻿university,﻿University of Notre Dame,English,﻿Incorporated in 1844.,,,﻿St. Joseph's County,,,,﻿IN,,41.705192,-86.235165,,,,﻿d_j_spillard_001,﻿Rev.,﻿D. J. Spillard,﻿S.S.C.,﻿Prefect of Discipline,,﻿student,﻿400 pupils,﻿conducted by the Rev. Fathers of the Congregation of Holy Cross.,,1869,﻿,﻿,﻿Fort Wayne,FortWayne
﻿for.in.0146_02,﻿school,﻿St. Paul's High School,English,,,,,,﻿Valparaiso,,﻿IN,,41.473095,-87.061141,,,,﻿mic_oreilly_001,﻿Rev.,﻿Michael O'Reilly,,﻿Principal,,,,,,1869,﻿,﻿,﻿Fort Wayne,FortWayne
﻿for.in.0171,﻿industrial school,﻿Manual Labor School,English,,,,,,﻿Notre Dame,,﻿IN,,41.700191,-86.237933,,,,,﻿Brother,﻿Constantine,,﻿Director,,﻿apprentice,﻿49 apprentices,,,1869,﻿,﻿,﻿Fort Wayne,FortWayne
﻿for.in.0192,﻿academy,﻿St. Mary's Academy,English,,,,﻿St. Joseph's County,,,,﻿IN,,,,,,,,﻿Mother,﻿M. Angela,,﻿Superior,,﻿teacher,﻿30 teachers,"﻿Under the charge of the Sisters of the Holy Cross (order contains 175 sisters, 42 novices, and 8 postulants)",,1869,﻿,﻿,﻿Fort Wayne,FortWayne
﻿for.in.0192,﻿academy,﻿St. Mary's Academy,English,,,,﻿St. Joseph's County,,,,﻿IN,,,,,,,,,,,,,﻿boarder,﻿225 boarders,"﻿Under the charge of the Sisters of the Holy Cross (order contains 175 sisters, 42 novices, and 8 postulants)",,1869,﻿,﻿,﻿Fort Wayne,FortWayne
﻿for.in.0172,﻿academy,﻿St. Rose's Academy,English,,,,﻿Laporte County,,﻿Laporte,,﻿IN,,41.611143,-86.722719,,,,,﻿Sister,﻿M. Ferdinand,,﻿Directress,,,,﻿Directed by the Sisters of the Holy Cross,,1869,﻿,﻿,﻿Fort Wayne,FortWayne
﻿for.in.0173,﻿academy,﻿St. Charles' Academy,English,,,,﻿Montgomery County,,﻿Crawfordsville,,﻿IN,,40.042014,-86.900874,,,,,﻿Sister,﻿M. Regis,,﻿Directress,,﻿religious,﻿5 sister,﻿Directed by the Sisters of the Holy Cross,,1869,﻿,﻿,﻿Fort Wayne,FortWayne
﻿for.in.0173,﻿academy,﻿St. Charles' Academy,English,,,,﻿Montgomery County,,﻿Crawfordsville,,﻿IN,,40.042014,-86.900874,,,,,,,,,,﻿student,﻿68 pupils,﻿Directed by the Sisters of the Holy Cross,,1869,﻿,﻿,﻿Fort Wayne,FortWayne
﻿for.in.0173,﻿academy,﻿St. Charles' Academy,English,,,,﻿Montgomery County,,﻿Crawfordsville,,﻿IN,,40.042014,-86.900874,,,,,,,,,,﻿child,"﻿Parish school, 80 children",﻿Directed by the Sisters of the Holy Cross,,1869,﻿,﻿,﻿Fort Wayne,FortWayne
﻿for.in.0174,﻿academy,﻿Academy of the Holy Angels,English,,,,﻿Cass County,,﻿Logansport,,﻿IN,,40.754484,-86.356666,,,,,﻿Sister,﻿M. of the Compassion,,﻿Directress,,,,﻿Directed by the Sisters of the Holy Cross,,1869,﻿,﻿,﻿Fort Wayne,FortWayne
﻿for.in.0175,﻿academy,﻿St. Joseph's Academy,English,,,,,,﻿South Bend,,﻿IN,,41.676355,-86.25199,,,,,﻿Sister,﻿M. Ambrose,,﻿Directress,,,,﻿Directed by the Sisters of the Holy Cross,,1869,﻿,﻿,﻿Fort Wayne,FortWayne
﻿for.in.0176,﻿academy,﻿Academy of the Assumption,English,,,,,,﻿New Lowell,,﻿IN,,41.287333,-87.431625,,,,,﻿Sister,﻿M. Genevieve,,﻿Directress,,,,﻿By the Sisters of the Holy Cross,,1869,﻿,﻿,﻿Fort Wayne,FortWayne
﻿for.in.0177,﻿academy,﻿Academy of the Sacred Heart,English,,﻿near Fort Wayne,,,,,,﻿IN,,41.079273,-85.139351,,,,,﻿Sister,﻿M. Arsene,,﻿Superior,,,,﻿Directed by the Sisters of the Holy Cross,,1869,﻿,﻿,﻿Fort Wayne,FortWayne
﻿for.in.0178,﻿school,﻿St. Ambrose's School,English,,,,,,﻿Michigan City,,﻿IN,,41.707539,-86.89503,,,,,﻿Sister,﻿M. Ignatius,,﻿Directress,,,,﻿Directed by the Sisters of the Holy Cross,,1869,﻿,﻿,﻿Fort Wayne,FortWayne
﻿for.in.0179,﻿asylum,﻿Orphan Asylum,English,,,,﻿Jasper County,,﻿Rensselaer,,﻿IN,,40.935834,-87.150938,,,,,﻿Sister,﻿St. John of the Cross,,﻿Directress,,,,﻿Directed by the Sisters of the Holy Cross,,1869,﻿,﻿,﻿Fort Wayne,FortWayne
﻿for.in.0180,﻿school,﻿St. Augustine's Day-School,English,"﻿This house is prepared to accomodate about 30 boarders.  School is divided into three classes, the third is a high school department. Letters written to the establishment are addressed to ""Sister-Superior.""",,,,,﻿Fort Wayne,,﻿IN,,41.074019,-85.137975,,,,,,,,,,,,﻿Conducted by the Sisters of Providence from St. Mary's of the Woods.,,1869,﻿,﻿,﻿Fort Wayne,FortWayne
﻿for.in.0203,﻿consecrated life institution,﻿Brothers of the Holy Cross,English,,,,,,﻿Lafayette,,﻿IN,,41.700171,-86.250997,,,,,﻿Brother,﻿Bernard,,﻿Superior,,,,,,1869,﻿,﻿,﻿Fort Wayne,FortWayne
﻿for.in.0181,﻿school,﻿St. Ignatius' Day School,English,"﻿About 30 boarders can be accomodated. There are three separate classes - a high school, a common school, and a German school. Each has its locality in the city. Letters written to the house are addressed to ""Sister-Superior.""",,,,,﻿Lafayette,,﻿IN,,40.416702,-86.875287,,,,,,,,,,,,﻿Conducted by the Sisters of Providence from St. Mary's of the Woods.,,1869,﻿,﻿,﻿Fort Wayne,FortWayne
﻿for.in.0182,﻿convent,﻿Convent Sisters of Precious Blood,English,,﻿St. Mary's Home,,﻿Jay County,,,,﻿IN,,40.446529,-85.023346,,,,,,,,,,,,,,1869,﻿,﻿,﻿Fort Wayne,FortWayne
﻿for.in.0001_02,﻿school,﻿Cathedral School,English,﻿for boys,,,,,﻿Fort Wayne,,﻿IN,,41.075714,-85.138157,,,,,﻿Brother,﻿Ephraim,,﻿Superior,,﻿religious,﻿5 Brothers of the Holy Cross,,,1869,﻿,﻿,﻿Fort Wayne,FortWayne
