instID,church_type,instName,language,instNote,placeName,region,county_orig,county_reg,city_orig,city_reg,state_orig,state_reg,latitude,longitude,attendingInstID,attendingChurch,attendingChurchFrequency,persID,persTitle,persName,persSuffix,persRole,persNote,memberType,member,affiliated,order,year,attendingPersID,attendingChurchNote,diocese,diocese_reg
﻿gal.tx.0001,﻿cathedral,﻿St. Mary's Cathedral,English,,,,﻿Galveston County,﻿Galveston County,﻿Galveston,﻿Galveston,﻿TX,,29.304165,-94.790631,,,,﻿cm_dubuis_001,﻿Rt. Rev.,﻿C.M. Dubuis,﻿D.D.,,,,,,,1866,﻿,﻿,﻿Galveston,Galveston
﻿gal.tx.0001,﻿cathedral,﻿St. Mary's Cathedral,English,,,,﻿Galveston County,﻿Galveston County,﻿Galveston,﻿Galveston,﻿TX,,29.304165,-94.790631,,,,﻿l_c_chambodut_001,﻿Very Rev.,﻿L.C.M. Chambodut,,﻿Vicar-General,,,,,,1866,﻿,﻿,﻿Galveston,Galveston
﻿gal.tx.0001,﻿cathedral,﻿St. Mary's Cathedral,English,,,,﻿Galveston County,﻿Galveston County,﻿Galveston,﻿Galveston,﻿TX,,29.304165,-94.790631,,,,﻿tj_johnston_001,﻿Rev.,﻿Thomas Johnston,,,,,,,,1866,﻿,﻿,﻿Galveston,Galveston
﻿gal.tx.0002,﻿church,﻿St. Joseph's Church,English,,,,﻿Galveston County,﻿Galveston County,﻿Galveston,﻿Galveston,﻿TX,,29.299605,-94.790738,,,,﻿j_anstaett_001,﻿Very Rev.,﻿Joseph Anstaett,,﻿Vicar-Chancellor,,,,,,1866,﻿,﻿,﻿Galveston,Galveston
﻿gal.tx.0154,﻿college,﻿St. Mary's College,English,,,,﻿Galveston County,﻿Galveston County,﻿Galveston,﻿Galveston,﻿TX,,29.307284,-94.775763,,,,﻿j_anstaett_001,﻿Very Rev.,﻿Joseph Anstaett,,﻿Chaplain,,﻿religious,﻿4 brothers,﻿Under the care of the Brothers of the Christian Doctrine,,1866,﻿,﻿,﻿Galveston,Galveston
﻿gal.tx.0154,﻿college,﻿St. Mary's College,English,,,,﻿Galveston County,﻿Galveston County,﻿Galveston,﻿Galveston,﻿TX,,29.307284,-94.775763,,,,,﻿Brother,﻿Joachim,,﻿Director,,﻿religious,﻿4 brothers,﻿Under the care of the Brothers of the Christian Doctrine,,1866,﻿,﻿,﻿Galveston,Galveston
﻿gal.tx.0158,﻿convent,﻿Ursuline Convent,English,,,,﻿Galveston County,﻿Galveston County,﻿Galveston,﻿Galveston,﻿TX,,29.293224,-94.799717,,,,﻿cha_padey_001,﻿Rev.,﻿Charles Padey,,﻿Chaplain,,﻿religious,﻿17 sisters,,,1866,﻿,﻿,﻿Galveston,Galveston
﻿gal.tx.0158,﻿convent,﻿Ursuline Convent,English,,,,﻿Galveston County,﻿Galveston County,﻿Galveston,﻿Galveston,﻿TX,,29.293224,-94.799717,,,,,,﻿M. de St. Pierre,,﻿Mother Superior,,﻿boarder,﻿-- boarders,,,1866,﻿,﻿,﻿Galveston,Galveston
﻿gal.tx.0158,﻿convent,﻿Ursuline Convent,English,,,,﻿Galveston County,﻿Galveston County,﻿Galveston,﻿Galveston,﻿TX,,29.293224,-94.799717,,,,,,,,,,﻿student,﻿80 day scholars,,,1866,﻿,﻿,﻿Galveston,Galveston
﻿gal.tx.0003,﻿church,not recorded,English,,,,﻿Grimes County,﻿Grimes County,﻿Anderson,﻿Anderson,﻿TX,,30.487697,-95.992451,﻿gal.tx.0061,﻿attended from Hidalgo Prairie,,,,,,,,,,,,1866,﻿,﻿,﻿Galveston,Galveston
﻿gal.tx.0004,﻿church,not recorded,English,,,,﻿Nacogdoches County,﻿Angelina County,﻿Angelina,,﻿TX,,31.525027,-94.65647,﻿gal.tx.0092,﻿Attended from Nacogdoches,,,,,,,,,,,,1866,﻿,﻿,﻿Galveston,Galveston
﻿gal.tx.0005,﻿church,not recorded,English,,,,﻿Cameron County,﻿Cameron County,﻿Arenal,,﻿TX,,26.128497,-97.524724,﻿gal.tx.0023,﻿Attended from Brownsville,,,,,,,,,,,,1866,﻿,﻿,﻿Galveston,Galveston
﻿gal.tx.0006,﻿church,not recorded,English,,,,﻿Victoria County,﻿Victoria County,﻿Arenoso,﻿Inez,﻿TX,,28.901559,-96.789399,﻿gal.tx.0149,﻿Attended from Victoria,,,,,,,,,,,,1866,﻿,﻿,﻿Galveston,Galveston
﻿gal.tx.0007,﻿church,not recorded,English,,,,﻿Cameron County,,﻿Arroyo Colorado,,﻿TX,,26.24178,-97.620093,﻿gal.tx.0023,﻿Attended from Brownsville,,,,,,,,,,,,1866,﻿,﻿,﻿Galveston,Galveston
﻿gal.tx.0008,﻿church,not recorded,English,,,,﻿Atascoso County,,,,﻿TX,,28.917831,-98.544622,﻿gal.tx.0019,"﻿Attended from Medina, Bexar Co.",,,,,,,,,,,,1866,﻿,﻿,﻿Galveston,Galveston
﻿gal.tx.0009,﻿church,not recorded,English,,,,﻿Travis County,﻿Travis County,﻿Austin City,﻿Austin,﻿TX,,30.267153,-97.743061,,,,﻿nic_feltin_001,﻿Rev.,﻿Nicholas Feltin,,,,,,,,1866,﻿,﻿,﻿Galveston,Galveston
﻿gal.tx.0009,﻿church,not recorded,English,,,,﻿Travis County,﻿Travis County,﻿Austin City,﻿Austin,﻿TX,,30.267153,-97.743061,,,,﻿joh_gaillet_001,﻿Rev.,﻿John Gaillet,,,,,,,,1866,﻿,﻿,﻿Galveston,Galveston
﻿gal.tx.0010,﻿church,not recorded,English,,,,﻿Bandera County,﻿Bandera County,﻿Bandera,﻿Bandera,﻿TX,,29.726613,-99.073646,﻿gal.tx.0019,﻿Attended from Blasherrera,,,,,,,,,,,,1866,﻿,﻿,﻿Galveston,Galveston
﻿gal.tx.0011,﻿church,not recorded,English,,,,﻿Cameron County,,﻿Barranco,,﻿TX,,26.038762,-97.663258,﻿gal.tx.0023,﻿Attended from Brownsville,,,,,,,,,,,,1866,﻿,﻿,﻿Galveston,Galveston
﻿gal.tx.0012,﻿church,not recorded,English,,,,﻿Cameron County,,﻿Boston,,﻿TX,,26.128497,-97.524724,﻿gal.tx.0023,﻿Attended from Brownsville,,,,,,,,,,,,1866,﻿,﻿,﻿Galveston,Galveston
﻿gal.tx.0013,﻿church,not recorded,English,,,,﻿Bastrop County,﻿Bastrop County,﻿Bastrop,﻿Bastrop,﻿TX,,30.110495,-97.31527,﻿gal.tx.0009,﻿Attended from Austin,,,,,,,,,,,,1866,﻿,﻿,﻿Galveston,Galveston
﻿gal.tx.0014,﻿church,not recorded,English,,,,﻿Liberty County,﻿Hardin County,﻿Batson Prairie,﻿Batson,﻿TX,,30.249377,-94.607142,﻿gal.tx.0080,﻿Attended from Liberty,,,,,,,,,,,,1866,﻿,﻿,﻿Galveston,Galveston
﻿gal.tx.0015,﻿church,not recorded,English,,,,﻿Jefferson County,﻿Jefferson County,﻿Beaumont,﻿Beaumont,﻿TX,,30.080174,-94.126556,﻿gal.tx.0080,﻿Attended from Liberty,,,,,,,,,,,,1866,﻿,﻿,﻿Galveston,Galveston
﻿gal.tx.0016,﻿church,not recorded,English,,,,﻿Austin County,﻿Austin County,﻿Belville,﻿Belville,﻿TX,,29.950225,-96.257186,﻿gal.tx.0054,﻿Attended from Frelsburg,,,,,,,,,,,,1866,﻿,﻿,﻿Galveston,Galveston
﻿gal.tx.0017,﻿church,not recorded,English,,,,﻿Colorado County,﻿Colorado County,"﻿Bernard, or New Mentz",﻿Mentz,﻿TX,,29.74852,-96.439221,﻿gal.tx.0054,﻿Attended from Frelsburg,,,,,,,,,,,,1866,﻿,﻿,﻿Galveston,Galveston
﻿gal.tx.0018,﻿church,not recorded,English,,,,﻿Hidalgo County,﻿Hidalgo County,﻿Blanca,﻿La Blanca,﻿TX,,26.292849,-98.037783,﻿gal.tx.0023,﻿Attended from Brownsville,,,,,,,,,,,,1866,﻿,﻿,﻿Galveston,Galveston
﻿gal.tx.0019,﻿church,not recorded,English,,,,﻿Bexar County,﻿Bexar County,"﻿Blasherrera, or Medina",﻿San Antonio,﻿TX,,29.281594,-98.614456,,,,﻿and_farge_001,﻿Rev.,﻿Andrew Farges,,,,,,,,1866,﻿,﻿,﻿Galveston,Galveston
﻿gal.tx.0020,﻿church,not recorded,English,,,,﻿Nueces County,,﻿Boreda,,﻿TX,,27.348698,-97.638716,﻿gal.tx.0041,﻿Attended from Corpus Christi,,,,,,,,,,,,1866,﻿,﻿,﻿Galveston,Galveston
﻿gal.tx.0021,﻿church,not recorded,English,,,,﻿Brazoria County,﻿Brazoria County,﻿Brazoria,﻿Brazoria,﻿TX,,29.044415,-95.569113,,,,﻿pet_berthet_001,﻿Rev.,﻿Peter Berthet,,,,,,,,1866,﻿,﻿,﻿Galveston,Galveston
﻿gal.tx.0022,﻿church,not recorded,English,,,,﻿Washington County,﻿Washington County,﻿Brenham,﻿Brenham,﻿TX,,30.166883,-96.397744,﻿gal.tx.0061,﻿Attended from Hidalgo Prairie,,,,,,,,,,,,1866,﻿,﻿,﻿Galveston,Galveston
﻿gal.tx.0023,﻿church,﻿St. Mary's Church,English,,,,﻿Cameron County,﻿Cameron County,﻿Brownsville,﻿Brownsville,﻿TX,,25.902534,-97.496059,,,,﻿a_gaudet_001,﻿Very Rev.,﻿A. Gaudet,﻿O.M.I.,﻿Vicar-General and Superior,,,,,,1866,﻿,﻿,﻿Galveston,Galveston
﻿gal.tx.0023,﻿church,﻿St. Mary's Church,English,,,,﻿Cameron County,﻿Cameron County,﻿Brownsville,﻿Brownsville,﻿TX,,25.902534,-97.496059,,,,﻿pf_parisot_001,﻿Very Rev.,﻿P.F. Parisot,﻿O.M.I.,﻿Vicar-Chancellor,,,,,,1866,﻿,﻿,﻿Galveston,Galveston
﻿gal.tx.0023,﻿church,﻿St. Mary's Church,English,,,,﻿Cameron County,﻿Cameron County,﻿Brownsville,﻿Brownsville,﻿TX,,25.902534,-97.496059,,,,﻿p_y_keralum_001,﻿Rev.,﻿P. Keralum,﻿O.M.I.,,,,,,,1866,﻿,﻿,﻿Galveston,Galveston
﻿gal.tx.0023,﻿church,﻿St. Mary's Church,English,,,,﻿Cameron County,﻿Cameron County,﻿Brownsville,﻿Brownsville,﻿TX,,25.902534,-97.496059,,,,﻿maurel_001,﻿Rev.,﻿Morel,﻿O.M.I.,,,,,,,1866,﻿,﻿,﻿Galveston,Galveston
﻿gal.tx.0024,﻿chapel,﻿St. Joseph's Chapel,English,,,,﻿Lavaca County,﻿Lavaca County,﻿Brushy,﻿Yoakum,﻿TX,,29.290603,-97.144226,,,,﻿j_martinere_001,﻿Rev.,﻿Joseph Martiniere,,,,,,,,1866,﻿,﻿,﻿Galveston,Galveston
﻿gal.tx.0025,﻿church,not recorded,English,,,,﻿Fayette County,,﻿Buchel Settlement,,﻿TX,,29.874379,-96.72784,﻿gal.tx.0054,﻿Attended from Frelsburg,,,,,,,,,,,,1866,﻿,﻿,﻿Galveston,Galveston
﻿gal.tx.0026,﻿church,not recorded,English,,,,﻿Fayette County,,﻿Cantu y los Arroyos,,﻿TX,,29.268378,-98.046518,﻿gal.tx.0069,﻿Attended from Jamestown,,,,,,,,,,,,1866,﻿,﻿,﻿Galveston,Galveston
﻿gal.tx.0027,﻿church,not recorded,English,,,,﻿Cameron County,,﻿Capitaneno,,﻿TX,,26.096319,-97.673795,﻿gal.tx.0023,﻿Attended from Brownsville,,,,,,,,,,,,1866,﻿,﻿,﻿Galveston,Galveston
﻿gal.tx.0028,﻿church,not recorded,English,,,,﻿Zapata County,﻿Zapata County,﻿Capitaneno,﻿Falcon Village,﻿TX,,26.638663,-99.095588,﻿gal.tx.0114,﻿Attended from Roma,,,,,,,,,,,,1866,﻿,﻿,﻿Galveston,Galveston
﻿gal.tx.0029,﻿church,not recorded,English,,,,﻿Hidalgo County,﻿Hidalgo County,﻿Capote,﻿Pharr,﻿TX,,26.194796,-98.183622,﻿gal.tx.0023,﻿Attended from Brownsville,,,,,,,,,,,,1866,﻿,﻿,﻿Galveston,Galveston
﻿gal.tx.0030,﻿church,not recorded,English,,,,﻿Cameron County,﻿Cameron County,﻿Carecito,﻿Carricitos,﻿TX,,26.045356,-97.709714,﻿gal.tx.0023,﻿Attended from Brownsville,,,,,,,,,,,,1866,﻿,﻿,﻿Galveston,Galveston
﻿gal.tx.0031,﻿church,not recorded,English,,,,﻿Cameron County,,﻿Carmen,,﻿TX,,25.967189,-97.588391,﻿gal.tx.0023,﻿Attended from Brownsville,,,,,,,,,,,,1866,﻿,﻿,﻿Galveston,Galveston
﻿gal.tx.0032,﻿church,not recorded,English,,,,﻿Bexar County,﻿Bexar County,﻿Carmen,﻿Losoya,﻿TX,,29.233573,-98.456404,﻿gal.tx.0170,﻿Attended from la Espada,,,,,,,,,,,,1866,﻿,﻿,﻿Galveston,Galveston
﻿gal.tx.0033,﻿church,not recorded,English,,,,﻿Medina County,﻿Medina County,﻿Castroville,﻿Castroville,﻿TX,,29.35579,-98.878639,,,,﻿emi_wendel_001,﻿Very Rev.,﻿Emilian Wendel,﻿O.S.B.,,,,,,,1866,﻿,﻿,﻿Galveston,Galveston
﻿gal.tx.0034,﻿church,not recorded,English,,,,﻿Colorado County,﻿Austin County,﻿Catspring,﻿Cat Spring,﻿TX,,29.845507,-96.325799,﻿gal.tx.0054,﻿Attended from Frelsburg,,,,,,,,,,,,1866,﻿,﻿,﻿Galveston,Galveston
﻿gal.tx.0035,﻿church,not recorded,English,,,,﻿Bexar County,﻿Bexar County,﻿Cibolo,﻿Cibolo,﻿TX,,29.412827,-98.523831,﻿gal.tx.0124,﻿Attended from San Antonio,,,,,,,,,,,,1866,﻿,﻿,﻿Galveston,Galveston
﻿gal.tx.0036,﻿church,not recorded,English,,,,﻿Starr County,﻿Zapata County,﻿Clareno,﻿El Clareno,﻿TX,,26.784258,-99.11778,﻿gal.tx.0114,﻿Attended from Roma,,,,,,,,,,,,1866,﻿,﻿,﻿Galveston,Galveston
﻿gal.tx.0037,﻿church,not recorded,English,,,,﻿De Witt County,﻿Victoria County,﻿Coleto,﻿Coletoville,﻿TX,,28.759424,-97.145919,﻿gal.tx.0149,﻿Attended from Victoria,,,,,,,,,,,,1866,﻿,﻿,﻿Galveston,Galveston
﻿gal.tx.0038,﻿church,not recorded,English,,,,﻿Colorado County,﻿Colorado County,﻿Columbus,﻿Columbus,﻿TX,,29.706623,-96.539693,﻿gal.tx.0054,﻿Attended from Frelsburg,,,,,,,,,,,,1866,﻿,﻿,﻿Galveston,Galveston
﻿gal.tx.0040,﻿church,not recorded,English,,,,﻿Columbus,﻿Columbus,﻿Concepcion,﻿Mission Concepcion,﻿TX,,29.391252,-98.491182,﻿gal.tx.0124,﻿Attended from San Antonio,,,,,,,,,,,,1866,﻿,﻿,﻿Galveston,Galveston
﻿gal.tx.0041,﻿church,not recorded,English,,,,﻿Nueces County,﻿Nueces County,﻿Corpus Christi,﻿Corpus Christi,﻿TX,,27.800583,-97.396381,,,,﻿joh_gonnard_001,﻿Rev.,﻿John Gonnard,,,,,,,,1866,﻿,﻿,﻿Galveston,Galveston
﻿gal.tx.0042,﻿church,not recorded,English,,,,﻿Harris County,﻿Harris County,﻿Cypress City,﻿Cypress,﻿TX,,29.971691,-95.693786,﻿gal.tx.0063,﻿Attended from Houston,,,,,,,,,,,,1866,﻿,﻿,﻿Galveston,Galveston
﻿gal.tx.0043,﻿church,not recorded,English,,,,﻿Dallas County,﻿Dallas County,﻿Dallas,﻿Dallas,﻿TX,,32.776664,-96.796988,﻿gal.tx.0092,﻿Attended from Nacogdoches,,,,,,,,,,,,1866,﻿,﻿,﻿Galveston,Galveston
﻿gal.tx.0044,﻿church,not recorded,English,,,,﻿Uvalde County,﻿Medina County,﻿Dhanis,﻿D'Hanis,﻿TX,,29.330485,-99.280792,﻿gal.tx.0033,﻿Attended from Castroville,,,,,,,,,,,,1866,﻿,﻿,﻿Galveston,Galveston
﻿gal.tx.0045,﻿church,not recorded,English,,,,﻿Maverick County,﻿Maverick County,﻿Eagle Pass,﻿Eagle Pass,﻿TX,,28.709143,-100.499521,,,,﻿don_j_ramires_001,﻿Rev.,﻿Don Juan de la Cruz Ramires,,,,,,,,1866,﻿,﻿,﻿Galveston,Galveston
﻿gal.tx.0046,﻿church,not recorded,English,,,,﻿Hidalgo County,﻿Hidalgo County,﻿Edinburg,﻿Edinburg,﻿TX,,26.301737,-98.163343,﻿gal.tx.0023,﻿Attended from Brownsville,,,,,,,,,,,,1866,﻿,﻿,﻿Galveston,Galveston
﻿gal.tx.0047,﻿church,not recorded,English,,,,﻿Cameron County,﻿Cameron County,﻿Encantada,﻿Encantada-Ranchito-El Calaboz,﻿TX,,26.026189,-97.630268,﻿gal.tx.0023,﻿Attended from Brownsville,,,,,,,,,,,,1866,﻿,﻿,﻿Galveston,Galveston
﻿gal.tx.0048,﻿church,not recorded,English,,,,﻿Colorado County,﻿Fayette County,﻿Ellinger Settlement,﻿Ellinger,﻿TX,,29.838582,-96.704649,﻿gal.tx.0054,﻿Attended from Frelsburg,,,,,,,,,,,,1866,﻿,﻿,﻿Galveston,Galveston
﻿gal.tx.0050,﻿church,not recorded,English,,,,﻿Fayette County,﻿Fayette County,﻿Fayetteville,﻿Fayetteville,﻿TX,,29.905782,-96.672753,﻿gal.tx.0054,﻿Attended from Frelsburg,,,,,,,,,,,,1866,﻿,﻿,﻿Galveston,Galveston
﻿gal.tx.0051,﻿church,not recorded,English,,,,﻿Nacogdoches County,,﻿Flores,,﻿TX,,31.607567,-94.382782,﻿gal.tx.0092,﻿Attended from Nacogdoches,,,,,,,,,,,,1866,﻿,﻿,﻿Galveston,Galveston
﻿gal.tx.0052,﻿church,not recorded,English,,,,﻿Santiago County,,﻿Flores,,﻿TX,,31.968599,-99.901813,﻿gal.tx.0069,﻿Attended from Jamestown,,,,,,,,,,,,1866,﻿,﻿,﻿Galveston,Galveston
﻿gal.tx.0053,﻿church,not recorded,English,,,,﻿Gillespie County,﻿Gillespie County,﻿Fredericksburg,﻿Fredericksburg,﻿TX,,30.275201,-98.871984,,,,﻿pet_barnach_001,﻿Rev.,﻿Peter Barnach,﻿O.S.B.,,,,,,,1866,﻿,﻿,﻿Galveston,Galveston
﻿gal.tx.0054,﻿church,not recorded,English,,,,﻿Colorado County,﻿Colorado County,﻿Frelsburg,﻿Frelsburg,﻿TX,,29.871208,-96.548729,,,,﻿vic_gury_001,﻿Rev.,﻿Victor Gury,,,,,,,,1866,﻿,﻿,﻿Galveston,Galveston
﻿gal.tx.0054,﻿church,not recorded,English,,,,﻿Colorado County,﻿Colorado County,﻿Frelsburg,﻿Frelsburg,﻿TX,,29.871208,-96.548729,,,,﻿pet_tarrillon_001,﻿Rev.,﻿Peter Tarillon,,,,,,,,1866,﻿,﻿,﻿Galveston,Galveston
﻿gal.tx.0175,﻿church,not recorded,English,,,,﻿Frelsburg,﻿Frelsburg,﻿Garseno,﻿Garceno,﻿TX,,26.412453,-98.940406,﻿gal.tx.0114,﻿Attended from Roma,,,,,,,,,,,,1866,﻿,﻿,﻿Galveston,Galveston
﻿gal.tx.0055,﻿church,not recorded,English,,,,﻿Victoria County,,﻿Garcitas,,﻿TX,,28.761554,-96.684318,﻿gal.tx.0149,﻿Attended from Victoria,,,,,,,,,,,,1866,﻿,﻿,﻿Galveston,Galveston
﻿gal.tx.0057,﻿church,not recorded,English,,,,﻿Goliad County,﻿Goliad County,﻿Goliad,﻿Goliad,﻿TX,,28.668325,-97.388326,﻿gal.tx.0111,﻿Attended from Refugio,,,,,,,,,,,,1866,﻿,﻿,﻿Galveston,Galveston
﻿gal.tx.0058,﻿church,not recorded,English,,,,﻿Lavaca County,﻿Lavaca County,﻿Halletsville,﻿Halletsville,﻿TX,,29.443853,-96.941093,﻿gal.tx.0079,"﻿Attended from St. Mary's Chapel, Lavaca Co.",,,,,,,,,,,,1866,﻿,﻿,﻿Galveston,Galveston
﻿gal.tx.0059,﻿church,not recorded,English,,,,﻿Harris County,﻿Harris County,﻿Harrisburg,﻿Harrisburg,﻿TX,,29.718604,-95.260098,﻿gal.tx.0063,﻿Attended from Houston,,,,,,,,,,,,1866,﻿,﻿,﻿Galveston,Galveston
﻿gal.tx.0060,﻿church,not recorded,English,,,,﻿Austin County,﻿Waller County,﻿Hempstead,﻿Hempstead,﻿TX,,30.097441,-96.078292,﻿gal.tx.0063,﻿Attended from Houston,,,,,,,,,,,,1866,﻿,﻿,﻿Galveston,Galveston
﻿gal.tx.0061,﻿church,not recorded,English,,,,﻿Washington County,﻿Washington County,﻿Hidalgo Prairie,﻿Hidalgo,﻿TX,,29.846908,-96.120151,,,,﻿joh_b_bellaclas_001,﻿Rev.,﻿John B. Bellaclas,,,,,,,,1866,﻿,﻿,﻿Galveston,Galveston
﻿gal.tx.0062,﻿church,not recorded,English,,,,﻿Austin County,﻿Harris County,﻿Hoakley,﻿Hockley,﻿TX,,30.026944,-95.844444,﻿gal.tx.0063,﻿Attended from Houston,,,,,,,,,,,,1866,﻿,﻿,﻿Galveston,Galveston
﻿gal.tx.0063,﻿church,not recorded,English,,,,﻿Harris County,﻿Harris County,﻿Houston,﻿Houston,﻿TX,,29.760077,-95.370111,,,,﻿aug_d-asti_001,﻿Very Rev.,﻿Augustin d'Asti,﻿O.S.F.,﻿Superior,,,,,,1866,﻿,﻿,﻿Galveston,Galveston
﻿gal.tx.0065,﻿church,not recorded,English,,,,﻿Washington County,﻿Washington County,﻿Independence,﻿Independence,﻿TX,,30.319167,-96.346389,﻿gal.tx.0061,﻿Attended from Hidalgo Prairie,,,,,,,,,,,,1866,﻿,﻿,﻿Galveston,Galveston
﻿gal.tx.0066,﻿church,not recorded,English,,,,﻿Austin County,﻿Austin County,﻿Industry,﻿Industry,﻿TX,,29.972446,-96.502193,﻿gal.tx.0054,﻿Attended from Frelsburg,,,,,,,,,,,,1866,﻿,﻿,﻿Galveston,Galveston
﻿gal.tx.0067,﻿church,not recorded,English,,,,﻿Calhoun County,﻿Calhoun County,﻿Indianola,﻿Indianola,﻿TX,,28.511945,-96.487475,﻿gal.tx.0149,﻿Attended from Victoria,,,,,,,,,,,,1866,﻿,﻿,﻿Galveston,Galveston
﻿gal.tx.0069,﻿church,not recorded,English,,,,,,"﻿Jamestown, or Grey Settlement",,﻿TX,,30.922977,-93.826292,,,,﻿e_chapolard_001,﻿Rev.,﻿Emile Chapolard,,,,,,,,1866,﻿,﻿,﻿Galveston,Galveston
﻿gal.tx.0071,﻿church,not recorded,English,,,,﻿Refugio County,,﻿Labamita,,﻿TX,,28.346534,-97.135938,﻿gal.tx.0111,﻿Attended from Refugio,,,,,,,,,,,,1866,﻿,﻿,﻿Galveston,Galveston
﻿gal.tx.0072,﻿church,not recorded,English,,,,﻿Fayette County,﻿Fayette County,﻿Lagrange,﻿La Grange,﻿TX,,29.905503,-96.876647,﻿gal.tx.0054,﻿Attended from Frelsburg,,,,,,,,,,,,1866,﻿,﻿,﻿Galveston,Galveston
﻿gal.tx.0074,﻿church,not recorded,English,,,,﻿Cameron County,,﻿Lajara,,﻿TX,,26.518231,-97.930073,﻿gal.tx.0023,﻿Attended from Brownsville,,,,,,,,,,,,1866,﻿,﻿,﻿Galveston,Galveston
﻿gal.tx.0075,﻿church,not recorded,English,,,,﻿Cameron County,﻿Willacy County,﻿Lajarita,﻿La Jarita,﻿TX,,26.128497,-97.524724,﻿gal.tx.0023,﻿Attended from Brownsville,,,,,,,,,,,,1866,﻿,﻿,﻿Galveston,Galveston
﻿gal.tx.0076,﻿church,not recorded,English,,,,﻿Refugio County,﻿Aransas County,﻿Lamar,﻿Lamar,﻿TX,,28.139457,-97.005545,﻿gal.tx.0111,﻿Attended from Refugio,,,,,,,,,,,,1866,﻿,﻿,﻿Galveston,Galveston
﻿gal.tx.0077,﻿church,not recorded,English,,,,﻿Webb County,﻿Webb County,﻿Laredo,﻿Laredo,﻿TX,,27.503561,-99.507552,,,,﻿mic_suchon_001,﻿Rev.,﻿Michael Souchon,,,,,,,,1866,﻿,﻿,﻿Galveston,Galveston
﻿gal.tx.0077,﻿church,not recorded,English,,,,﻿Webb County,﻿Webb County,﻿Laredo,﻿Laredo,﻿TX,,27.503561,-99.507552,,,,﻿ant_borias_001,﻿Rev.,﻿Anthony Borias,,,,,,,,1866,﻿,﻿,﻿Galveston,Galveston
﻿gal.tx.0078,﻿church,not recorded,English,,,,﻿Cameron County,,﻿Las Animas,,﻿TX,,26.069758,-97.738263,﻿gal.tx.0023,﻿Attended from Brownsville,,,,,,,,,,,,1866,﻿,﻿,﻿Galveston,Galveston
﻿gal.tx.0079,﻿chapel,﻿St. Mary's Chapel,English,,,,﻿Lavaca County,,,﻿Halletsville,﻿TX,,29.448272,-96.998309,,,,﻿ant_forest_001,﻿Rev.,﻿Anthony Forest,,,,,,,,1866,﻿,﻿,﻿Galveston,Galveston
﻿gal.tx.0080,﻿church,not recorded,English,,,,﻿Liberty County,﻿Liberty County,﻿Liberty,﻿Liberty,﻿TX,,30.057993,-94.795478,,,,﻿jc_neraz_001,﻿Rev.,﻿John Neras,,,,,,,,1866,﻿,﻿,﻿Galveston,Galveston
﻿gal.tx.0080,﻿church,not recorded,English,,,,﻿Liberty County,﻿Liberty County,﻿Liberty,﻿Liberty,﻿TX,,30.057993,-94.795478,,,,﻿joh_champinand_001,﻿Rev.,﻿John Champin,,,,,,,,1866,﻿,﻿,﻿Galveston,Galveston
﻿gal.tx.0081,﻿church,not recorded,English,,,,﻿Caldwell County,﻿Caldwell County,﻿Lockart,﻿Lockart,﻿TX,,29.884944,-97.67,﻿gal.tx.0009,﻿Attended from Austin,,,,,,,,,,,,1866,﻿,﻿,﻿Galveston,Galveston
﻿gal.tx.0082,﻿church,not recorded,English,,,,﻿Zapata County,﻿Zapata County,﻿Lopeno,﻿Lopeno,﻿TX,,26.711703,-99.102733,﻿gal.tx.0114,﻿Attended from Roma,,,,,,,,,,,,1866,﻿,﻿,﻿Galveston,Galveston
﻿gal.tx.0083,﻿church,not recorded,English,,,,﻿Nueces County,,﻿Los Olmos,,﻿TX,,27.257764,-98.120256,﻿gal.tx.0133,﻿Attended from San Patricio,,,,,,,,,,,,1866,﻿,﻿,﻿Galveston,Galveston
﻿gal.tx.0084,﻿church,not recorded,English,,,,﻿Nueces County,﻿Jim Wells County,﻿Los Precenos,﻿Alice,﻿TX,,27.772034,-98.035765,﻿gal.tx.0133,﻿Attended from San Patricio,,,,,,,,,,,,1866,﻿,﻿,﻿Galveston,Galveston
﻿gal.tx.0085,﻿church,not recorded,English,,,,﻿Harrison County,﻿Harrison County,﻿Marshall,﻿Marshall,﻿TX,,32.544871,-94.367418,﻿gal.tx.0092,﻿Attended from Nacogdoces,,,,,,,,,,,,1866,﻿,﻿,﻿Galveston,Galveston
﻿gal.tx.0086,﻿church,not recorded,English,,,,﻿Matagorda County,﻿Matagorda County,﻿Matagorda,﻿Matagorda,﻿TX,,28.691133,-95.968271,﻿gal.tx.0021,﻿Attended from Brazoria,,,,,,,,,,,,1866,﻿,﻿,﻿Galveston,Galveston
﻿gal.tx.0088,﻿church,not recorded,English,,,,﻿Brazos County,﻿Brazos County,﻿Millican,﻿Millican,﻿TX,,30.468538,-96.202459,﻿gal.tx.0061,﻿Attended from Hidalgo Prairie,,,,,,,,,,,,1866,﻿,﻿,﻿Galveston,Galveston
﻿gal.tx.0092,﻿church,not recorded,English,,,,﻿Nacogdoches County,﻿Nacogdoches County,﻿Nacogdoches,﻿Nacogdoches,﻿TX,,31.603946,-94.656004,,,,﻿tho_hennessy_001,﻿Rev.,﻿Thomas Henessy,,,,,,,,1866,﻿,﻿,﻿Galveston,Galveston
﻿gal.tx.0092,﻿church,not recorded,English,,,,﻿Nacogdoches County,﻿Nacogdoches County,﻿Nacogdoches,﻿Nacogdoches,﻿TX,,31.603946,-94.656004,,,,﻿j_m_giraud_001,﻿Rev.,﻿John Mary Giraud,,,,,,,,1866,﻿,﻿,﻿Galveston,Galveston
﻿gal.tx.0093,﻿church,not recorded,English,,,,﻿Grimes County,﻿Grimes County,﻿Navasota,﻿Navasota,﻿TX,,30.387985,-96.087735,﻿gal.tx.0061,﻿Attended from Hidalgo Prairie,,,,,,,,,,,,1866,﻿,﻿,﻿Galveston,Galveston
﻿gal.tx.0094,﻿church,not recorded,English,,,,﻿Comal County,﻿Comal County,﻿New-Braunfels,﻿New-Braunfels,﻿TX,,29.702566,-98.124063,﻿gal.tx.0124,﻿Attended from San Antonio,,,,,,,,,,,,1866,﻿,﻿,﻿Galveston,Galveston
﻿gal.tx.0097,﻿church,not recorded,English,,,,﻿Orange County,﻿Orange County,﻿Orange,﻿Orange,﻿TX,,30.092988,-93.736555,﻿gal.tx.0080,﻿Attended from Liberty,,,,,,,,,,,,1866,﻿,﻿,﻿Galveston,Galveston
﻿gal.tx.0098,﻿church,not recorded,English,,,,﻿Cameron County,,﻿Paiste,,﻿TX,,26.128497,-97.524724,﻿gal.tx.0041,﻿Attended from Corpus Christi,,,,,,,,,,,,1866,﻿,﻿,﻿Galveston,Galveston
﻿gal.tx.0099,﻿church,not recorded,English,,,,﻿Cameron County,,﻿Palmeto,,﻿TX,,26.20194,-97.75663,﻿gal.tx.0023,﻿Attended from Brownsville,,,,,,,,,,,,1866,﻿,﻿,﻿Galveston,Galveston
﻿gal.tx.0100,﻿church,not recorded,English,,,,﻿Karnes County,﻿Karnes County,﻿Pana-Maria,﻿Panna Maria,﻿TX,,28.957191,-97.898162,﻿gal.tx.0149,﻿Attended from Victoria,,,,,,,,,,,,1866,﻿,﻿,﻿Galveston,Galveston
﻿gal.tx.0101,﻿church,not recorded,English,,,,﻿Nueces County,,﻿Para,,﻿TX,,27.769335,-97.481416,﻿gal.tx.0133,﻿Attended from San Patricio,,,,,,,,,,,,1866,﻿,﻿,﻿Galveston,Galveston
﻿gal.tx.0102,﻿church,not recorded,English,,,,﻿Matagorda County,﻿Matagorda County,﻿Peninsula,﻿Matagorda Peninsula,﻿TX,,28.585159,-96.023775,﻿gal.tx.0021,﻿Attended from Brazoria,,,,,,,,,,,,1866,﻿,﻿,﻿Galveston,Galveston
﻿gal.tx.0103,﻿church,not recorded,English,,,,﻿Bastrop County,﻿Bastrop County,﻿Pin-Oak,﻿Pin Oak,﻿TX,,30.097211,-97.29497,﻿gal.tx.0009,﻿Attended from Austin,,,,,,,,,,,,1866,﻿,﻿,﻿Galveston,Galveston
﻿gal.tx.0104,﻿church,not recorded,English,,,,﻿Victoria County,﻿Victoria County,﻿Placet,﻿Placedo,﻿TX,,28.691434,-96.826587,﻿gal.tx.0149,﻿Attended from Victoria,,,,,,,,,,,,1866,﻿,﻿,﻿Galveston,Galveston
﻿gal.tx.0105,﻿church,not recorded,English,,,,﻿Montgomery County,﻿Grimes County,﻿Plantersville,﻿Plantersville,﻿TX,,30.332986,-95.861896,﻿gal.tx.0061,﻿Attended from Hidalgo Prairie,,,,,,,,,,,,1866,﻿,﻿,﻿Galveston,Galveston
﻿gal.tx.0107,﻿church,not recorded,English,,,,﻿Cameron County,﻿Cameron County,﻿Point Isabel,﻿Point Isabel,﻿TX,,26.073412,-97.208584,﻿gal.tx.0023,﻿Attended from Brownsville,,,,,,,,,,,,1866,﻿,﻿,﻿Galveston,Galveston
﻿gal.tx.0108,﻿church,not recorded,English,,,,﻿Calhoun County,﻿Calhoun County,﻿Port Lavaca,﻿Port Lavaca,﻿TX,,28.614997,-96.626089,﻿gal.tx.0149,﻿Attended from Victoria,,,,,,,,,,,,1866,﻿,﻿,﻿Galveston,Galveston
﻿gal.tx.0176,﻿church,not recorded,English,,,,﻿Calhoun County,﻿Calhoun County,﻿Powder Horn,﻿Powder Horn,﻿TX,,28.434193,-96.534998,﻿gal.tx.0149,﻿Attended from Victoria,,,,,,,,,,,,1866,﻿,﻿,﻿Galveston,Galveston
﻿gal.tx.0109,﻿church,not recorded,English,,,,﻿Medina County,﻿Medina County,﻿Quihi,﻿Quihi,﻿TX,,29.391622,-99.030032,﻿gal.tx.0033,﻿Attended from Castroville,,,,,,,,,,,,1866,﻿,﻿,﻿Galveston,Galveston
﻿gal.tx.0110,﻿church,not recorded,English,,,,﻿Brazoria County,﻿Brazoria County,﻿Quintana,﻿Quintana,﻿TX,,28.933304,-95.308271,﻿gal.tx.0021,﻿Attended from Brazoria,,,,,,,,,,,,1866,﻿,﻿,﻿Galveston,Galveston
﻿gal.tx.0111,﻿church,not recorded,English,,,,﻿Refugio County,﻿Refugio County,﻿Refugio,﻿Refugio,﻿TX,,28.305284,-97.27527,,,,﻿jos_querat_001,﻿Rev.,﻿Joseph Querat,,,,,,,,1866,﻿,﻿,﻿Galveston,Galveston
﻿gal.tx.0112,﻿church,not recorded,English,,,,﻿Fort Bend County,﻿Fort Bend County,﻿Richmond,﻿Richmond,﻿TX,,29.582181,-95.760783,﻿gal.tx.0021,﻿Attended from Brazoria,,,,,,,,,,,,1866,﻿,﻿,﻿Galveston,Galveston
﻿gal.tx.0113,﻿church,not recorded,English,,,,﻿Starr County,﻿Starr County,﻿Rio Grande,﻿Rio Grande City,﻿TX,,26.379787,-98.820305,,,,﻿lm_planchet_001,﻿Rev.,﻿L.M. Glanchet,,,,,,,,1866,﻿,﻿,﻿Galveston,Galveston
﻿gal.tx.0114,﻿church,not recorded,English,,,,﻿Starr County,﻿Starr County,﻿Roma,﻿Roma,﻿TX,,26.408852,-99.015655,,,,﻿cla_jacquet_001,﻿Rev.,﻿Claudius Jacquet,,,,,,,,1866,﻿,﻿,﻿Galveston,Galveston
﻿gal.tx.0115,﻿church,not recorded,English,,,,﻿Hidalgo County,﻿Hidalgo County,﻿Rosaria,﻿Progresso Lakes,﻿TX,,26.071744,-97.958891,﻿gal.tx.0023,﻿Attended from Brownsville,,,,,,,,,,,,1866,﻿,﻿,﻿Galveston,Galveston
﻿gal.tx.0116,﻿church,not recorded,English,,,,﻿Fayette County,﻿Fayette County,﻿Round Top,﻿Round Top,﻿TX,,30.06522,-96.696087,﻿gal.tx.0054,﻿Attended from Frelsburg,,,,,,,,,,,,1866,﻿,﻿,﻿Galveston,Galveston
﻿gal.tx.0117,﻿church,not recorded,English,,,,﻿Hidalgo County,﻿Hidalgo County,﻿Rudyville,﻿Relampago,﻿TX,,26.083936,-97.910472,﻿gal.tx.0023,﻿Attended from Brownsville,,,,,,,,,,,,1866,﻿,﻿,﻿Galveston,Galveston
﻿gal.tx.0118,﻿church,not recorded,English,,,,﻿Cameron County,﻿Cameron County,﻿Rusias,﻿Los Indios,﻿TX,,26.049245,-97.744993,﻿gal.tx.0023,﻿Attended from Brownsville,,,,,,,,,,,,1866,﻿,﻿,﻿Galveston,Galveston
﻿gal.tx.0119,﻿church,not recorded,English,,,,﻿Fayette County,﻿Fayette County,﻿Ruttersville,﻿Ruttersville,﻿TX,,29.947724,-96.7972,﻿gal.tx.0054,﻿Attended from Frelsburg,,,,,,,,,,,,1866,﻿,﻿,﻿Galveston,Galveston
﻿gal.tx.0120,﻿church,not recorded,English,,,,﻿Jefferson County,﻿Jefferson County,﻿Sabine Pass,﻿Port Arthur,﻿TX,,29.88495,-93.939947,﻿gal.tx.0080,﻿Attended from Liberty,,,,,,,,,,,,1866,﻿,﻿,﻿Galveston,Galveston
﻿gal.tx.0121,﻿church,not recorded,English,,,,﻿Austin County,,﻿Sandy,,﻿TX,,30.360753,-98.469471,﻿gal.tx.0054,﻿Attended from Frelsburg,,,,,,,,,,,,1866,﻿,﻿,﻿Galveston,Galveston
﻿gal.tx.0122,﻿church,not recorded,English,,,,﻿Bastrop County,﻿Bastrop County,﻿Sandy,﻿Sand,﻿TX,,30.052941,-97.028893,﻿gal.tx.0009,﻿Attended from Austin,,,,,,,,,,,,1866,﻿,﻿,﻿Galveston,Galveston
﻿gal.tx.0123,﻿church,not recorded,English,,,,﻿Refugio County,﻿Aransas County,﻿St. Joseph,﻿San Jose Island,﻿TX,,28.043892,-96.910181,﻿gal.tx.0111,﻿Attended from Refugio,,,,,,,,,,,,1866,﻿,﻿,﻿Galveston,Galveston
﻿gal.tx.0124,﻿church,﻿Church of St. Ferdinand,English,,,,﻿Bexar County,﻿Bexar County,﻿San Antonio,﻿San Antonio,﻿TX,,29.424868,-98.686381,,,,﻿mat_sarry_001,﻿Very Rev.,﻿Matthew Sarey,,﻿Vicar-General,,,,,,1866,﻿,﻿,﻿Galveston,Galveston
﻿gal.tx.0124,﻿church,﻿Church of St. Ferdinand,English,,,,﻿Bexar County,﻿Bexar County,﻿San Antonio,﻿San Antonio,﻿TX,,29.424868,-98.686381,,,,﻿ste_savoye_001,﻿Rev.,﻿Stephen Savoye,,,,,,,,1866,﻿,﻿,﻿Galveston,Galveston
﻿gal.tx.0126,﻿church,﻿St. Mary's Church,English,﻿German Congregation,,,﻿Bexar County,﻿Bexar County,﻿San Antonio,﻿San Antonio,﻿TX,,29.42541,-98.491109,,,,﻿t_grundner_001,﻿Rev.,﻿Theodore Grunder,﻿O.S.B.,,,,,,,1866,﻿,﻿,﻿Galveston,Galveston
﻿gal.tx.0177,﻿church,﻿St. Mary's Church,English,﻿English Congregation,,,﻿Bexar County,﻿Bexar County,﻿San Antonio,﻿San Antonio,﻿TX,,,,,,,﻿ja_favre_001,﻿Very Rev.,﻿Anthony Faure,,﻿Vicar-Chancellor,,,,,,1866,﻿,﻿,﻿Galveston,Galveston
﻿gal.tx.0177,﻿church,﻿St. Mary's Church,English,﻿English Congregation,,,﻿Bexar County,﻿Bexar County,﻿San Antonio,﻿San Antonio,﻿TX,,,,,,,﻿lou_chaland_001,﻿Rev.,﻿Louis Chaland,,,,,,,,1866,﻿,﻿,﻿Galveston,Galveston
﻿gal.tx.0156,﻿college,﻿St. Mary's College,English,,,,﻿Bexar County,﻿Bexar County,﻿San Antonio,﻿San Antonio,﻿TX,,29.452298,-98.564684,,,,﻿ste_buffard_001,﻿Very Rev.,﻿Stephen Buffard,,﻿Chaplain,,﻿religious,﻿10 brothers,﻿Under the direction of the Brothers of Mary,,1866,﻿,﻿,﻿Galveston,Galveston
﻿gal.tx.0156,﻿college,﻿St. Mary's College,English,,,,﻿Bexar County,﻿Bexar County,﻿San Antonio,﻿San Antonio,﻿TX,,29.452298,-98.564684,,,,,﻿Mr.,﻿Edel,,﻿Superior,,﻿student,﻿250 pupils,﻿Under the direction of the Brothers of Mary,,1866,﻿,﻿,﻿Galveston,Galveston
﻿gal.tx.0159,﻿convent,﻿Ursuline Convent,English,,,,﻿Bexar County,﻿Bexar County,﻿San Antonio,﻿San Antonio,﻿TX,,29.425191,-98.494592,,,,﻿ste_buffard_001,﻿Very Rev.,﻿Stephen Buffard,,﻿Superior,,﻿boarder,﻿50 boarders,,,1866,﻿,﻿,﻿Galveston,Galveston
﻿gal.tx.0159,﻿convent,﻿Ursuline Convent,English,,,,﻿Bexar County,﻿Bexar County,﻿San Antonio,﻿San Antonio,﻿TX,,29.425191,-98.494592,,,,,,﻿M. de St. Chantal,,﻿Mother Superior,,﻿student,﻿250 day scholars,,,1866,﻿,﻿,﻿Galveston,Galveston
﻿gal.tx.0127,﻿church,not recorded,English,,,,﻿Zapata County,﻿Zapata County,﻿San Bartolo,﻿Zapata,﻿TX,,26.907261,-99.271425,﻿gal.tx.0130,﻿Attended from San Ignacio,,,,,,,,,,,,1866,﻿,﻿,﻿Galveston,Galveston
﻿gal.tx.0170,﻿church,﻿San Francisco de la Espada,English,,,,﻿Bexar County,,,,﻿TX,,29.562047,-98.495179,,,,﻿f_bouchu_001,﻿Rev.,﻿Francis Bouchu,,,,,,,,1866,﻿,﻿,﻿Galveston,Galveston
﻿gal.tx.0130,﻿church,not recorded,English,,,,﻿Zapata County,﻿Zapata County,﻿San Ignacio,﻿San Ygnacio,﻿TX,,27.042532,-99.44004,,,,﻿joh_m_bourbon_001,﻿Rev.,﻿John Mary Bourbon,,,,,,,,1866,﻿,﻿,﻿Galveston,Galveston
﻿gal.tx.0131,﻿church,not recorded,English,,,,﻿Bexar County,﻿Bexar County,﻿San Jose,﻿San Antonio,﻿TX,,29.365108,-98.487148,﻿gal.tx.0170,﻿Attended from La Espada,,,,,,,,,,,,1866,﻿,﻿,﻿Galveston,Galveston
﻿gal.tx.0132,﻿church,not recorded,English,,,,﻿Bexar County,,﻿San Juan,,﻿TX,,33.50215,-117.662659,﻿gal.tx.0170,﻿Attended from La Espada,,,,,,,,,,,,1866,﻿,﻿,﻿Galveston,Galveston
﻿gal.tx.0133,﻿church,not recorded,English,,,,﻿Nueces County,﻿San Patricio County,﻿San Patricio,﻿San Patricio,﻿TX,,27.954462,-97.771942,,,,﻿joh_bigat_001,﻿Rev.,﻿John Bigat,,,,,,,,1866,﻿,﻿,﻿Galveston,Galveston
﻿gal.tx.0134,﻿church,not recorded,English,,,,﻿Nueces County,﻿Kleberg County,﻿Santa Gertrudes,﻿Kingsville,﻿TX,,27.515869,-97.856109,﻿gal.tx.0133,﻿Attended from San Patricio,,,,,,,,,,,,1866,﻿,﻿,﻿Galveston,Galveston
﻿gal.tx.0135,﻿church,not recorded,English,,,,﻿Cameron County,﻿Cameron County,﻿Santa Maria,﻿Santa Maria,﻿TX,,26.078688,-97.849442,﻿gal.tx.0023,﻿Attended from Brownsville,,,,,,,,,,,,1866,﻿,﻿,﻿Galveston,Galveston
﻿gal.tx.0136,﻿church,not recorded,English,,,,,﻿Cameron County,﻿Santa Rita,﻿Santa Rita,﻿TX,,25.950978,-97.558588,﻿gal.tx.0023,﻿Attended from Brownsville,,,,,,,,,,,,1866,﻿,﻿,﻿Galveston,Galveston
﻿gal.tx.0137,﻿church,not recorded,English,,,,,﻿Cameron County,﻿Santa Rosalia,﻿Brownsville,﻿TX,,25.901747,-97.497484,﻿gal.tx.0023,﻿Attended from Brownsville,,,,,,,,,,,,1866,﻿,﻿,﻿Galveston,Galveston
﻿gal.tx.0138,﻿church,not recorded,English,,,,,﻿Cameron County,﻿San Rafael,﻿Brownsville,﻿TX,,25.84975,-97.38797,﻿gal.tx.0023,﻿Attended from Brownsville,,,,,,,,,,,,1866,﻿,﻿,﻿Galveston,Galveston
﻿gal.tx.0139,﻿church,not recorded,English,﻿See Jamestown.,,,﻿Bexar County,,﻿Santiago,,﻿TX,,29.420076,-98.572102,,,,,,,,,,,,,,1866,﻿,﻿,﻿Galveston,Galveston
﻿gal.tx.0140,﻿church,not recorded,English,,,,﻿Cameron County,,﻿Savinito,﻿Sabanito,﻿TX,,26.211046,-97.860013,﻿gal.tx.0023,﻿Attended from Brownsville,,,,,,,,,,,,1866,﻿,﻿,﻿Galveston,Galveston
﻿gal.tx.0141,﻿church,not recorded,English,,,,﻿Guadalupe County,﻿Guadalupe County,﻿Seguin,﻿Seguin,﻿TX,,29.568925,-97.964583,﻿gal.tx.0124,﻿Attended from San Antonio,,,,,,,,,,,,1866,﻿,﻿,﻿Galveston,Galveston
﻿gal.tx.0142,﻿church,not recorded,English,,,,﻿Montgomery County,﻿Harris County,﻿Spring Creek,﻿Rose Hill,﻿TX,,30.070774,-95.703558,﻿gal.tx.0063,﻿Attended from Houston,,,,,,,,,,,,1866,﻿,﻿,﻿Galveston,Galveston
﻿gal.tx.0143,﻿church,not recorded,English,,,,﻿Liberty County,﻿Hardin County,﻿Sour-Lake,﻿Sour Lake,﻿TX,,30.140212,-94.411024,﻿gal.tx.0080,﻿Attended from Liberty,,,,,,,,,,,,1866,﻿,﻿,﻿Galveston,Galveston
﻿gal.tx.0144,﻿church,not recorded,English,,,,﻿Cameron County,,﻿Tajos,,﻿TX,,26.128497,-97.524724,﻿gal.tx.0023,﻿Attended from Brownsville,,,,,,,,,,,,1866,﻿,﻿,﻿Galveston,Galveston
﻿gal.tx.0145,﻿church,not recorded,English,,,,﻿Cameron County,,﻿Tangue de Carecito,,﻿TX,,26.246775,-97.3488,﻿gal.tx.0023,﻿Attended from Brownsville,,,,,,,,,,,,1866,﻿,﻿,﻿Galveston,Galveston
﻿gal.tx.0168,﻿church,not recorded,English,,,,﻿Nueces County,﻿Bexar County,﻿Trinidad,﻿Van Ormy,﻿TX,,27.585596,-98.074671,﻿gal.tx.0133,﻿Attended from San Patricio,,,,,,,,,,,,1866,﻿,﻿,﻿Galveston,Galveston
﻿gal.tx.0148,﻿church,not recorded,English,,,,﻿Zapata County,﻿Zapata County,﻿Uribeno,﻿Uribeno,﻿TX,,26.737413,-99.224308,﻿gal.tx.0114,﻿Attended from Roma,,,,,,,,,,,,1866,﻿,﻿,﻿Galveston,Galveston
﻿gal.tx.0149,﻿church,not recorded,English,,,,﻿Victoria County,﻿Victoria County,﻿Victoria,﻿Victoria,﻿TX,,28.805267,-97.003598,,,,﻿aug_gardet_001,﻿Rev.,﻿August Gardet,,,,,,,,1866,﻿,﻿,﻿Galveston,Galveston
﻿gal.tx.0149,﻿church,not recorded,English,,,,﻿Victoria County,﻿Victoria County,﻿Victoria,﻿Victoria,﻿TX,,28.805267,-97.003598,,,,﻿pet_richard_001,﻿Rev.,﻿Peter Richard,,,,,,,,1866,﻿,﻿,﻿Galveston,Galveston
﻿gal.tx.0150,﻿church,not recorded,English,,,,﻿Brazoria County,﻿Brazoria County,﻿Velasco,﻿Freeport,﻿TX,,28.954137,-95.359662,﻿gal.tx.0021,﻿Attended from Brazoria,,,,,,,,,,,,1866,﻿,﻿,﻿Galveston,Galveston
﻿gal.tx.0151,﻿church,not recorded,English,,,,﻿Washington County,﻿Washington County,﻿Washington,﻿Washington-on-the-Brazos,﻿TX,,30.325275,-96.15731,﻿gal.tx.0061,﻿Attended from Hidalgo Prairie,,,,,,,,,,,,1866,﻿,﻿,﻿Galveston,Galveston
﻿gal.tx.0152,﻿church,not recorded,English,,,,﻿Robertson County,﻿Robertson County,﻿Wheelock,﻿Wheelock,﻿TX,,30.89769,-96.389964,﻿gal.tx.0061,﻿Attended from Hidalgo Prairie,,,,,,,,,,,,1866,﻿,﻿,﻿Galveston,Galveston
﻿gal.tx.0153,﻿church,not recorded,English,,,,﻿Travis County,﻿Travis County,﻿Webberville,﻿Webberville,﻿TX,,30.231045,-97.516665,﻿gal.tx.0009,﻿Attended from Austin,,,,,,,,,,,,1866,﻿,﻿,﻿Galveston,Galveston
﻿gal.tx.0178,﻿convent,﻿Convent of the Order of St. Benedict,English,﻿established in 1859,,,,,﻿San Jose,,﻿TX,,,,,,,﻿emi_wendel_001,﻿Very Rev.,﻿Emilian Wendel,,﻿Prior,,﻿religious,﻿3 lay brothers,,,1866,﻿,﻿,﻿Galveston,Galveston
﻿gal.tx.0162,﻿convent,﻿Convent of the Incarnate Word,English,,,,,,﻿Brownsville,,﻿TX,,25.918439,-97.508273,,,,,,﻿M. de St. Ange,,﻿Mother Superior,,﻿boarder,﻿70-80 boarders,,,1866,﻿,﻿,﻿Galveston,Galveston
﻿gal.tx.0162,﻿convent,﻿Convent of the Incarnate Word,English,,,,,,﻿Brownsville,,﻿TX,,25.918439,-97.508273,,,,,,,,,,﻿student,﻿50 day scholars,,,1866,﻿,﻿,﻿Galveston,Galveston
﻿gal.tx.0163,﻿convent,﻿Convent of the Incarnate Word,English,,,,,,﻿Victoria,,﻿TX,,28.79044,-96.99762,,,,,,﻿M. de St. Clare,,﻿Mother Superior,,,,,,1866,﻿,﻿,﻿Galveston,Galveston
﻿gal.tx.0180,﻿convent,﻿Ursuline Convent,English,,,,,,﻿Liberty,,﻿TX,,,,,,,,,﻿M. de St. Ambroise,,﻿Mother Superior,,,,,,1866,﻿,﻿,﻿Galveston,Galveston
