instID,church_type,instName,language,instNote,placeName,region,county_orig,county_reg,city_orig,city_reg,state_orig,state_reg,latitude,longitude,attendingInstID,attendingChurch,attendingChurchFrequency,persID,persTitle,persName,persSuffix,persRole,persNote,memberType,member,affiliated,order,year,Unnamed: 30,Unnamed: 31,Unnamed: 32,Unnamed: 33,Unnamed: 34,Unnamed: 35,Unnamed: 36,Unnamed: 37,Unnamed: 38,Unnamed: 39,Unnamed: 40,attendingPersID,attendingChurchNote,diocese,diocese_reg
﻿gal.tx.0001,﻿cathedral,﻿St. Mary's Cathedral,English,,,,,,﻿Galveston,﻿Galveston,﻿TX,,29.304165,-94.790631,,,,,﻿Rt. Rev.,﻿C.M. Dubuis,﻿D.D.,,,,,,,1869,,,,,,,,,,,,﻿,﻿,﻿Galveston,Galveston
﻿gal.tx.0001,﻿cathedral,﻿St. Mary's Cathedral,English,,,,,,﻿Galveston,﻿Galveston,﻿TX,,29.304165,-94.790631,,,,,﻿Very Rev.,﻿L. C. M. Chambodut,,﻿V.G.,,,,,,1869,,,,,,,,,,,,﻿,﻿,﻿Galveston,Galveston
﻿gal.tx.0001,﻿cathedral,﻿St. Mary's Cathedral,English,,,,,,﻿Galveston,﻿Galveston,﻿TX,,29.304165,-94.790631,,,,﻿p_behr_001,﻿Rev.,﻿Peter Behr,,,,,,,,1869,,,,,,,,,,,,﻿,﻿,﻿Galveston,Galveston
﻿gal.tx.0002,﻿church,﻿St. Joseph's Church,﻿German,,,,,,﻿Galveston,﻿Galveston,﻿TX,,29.299605,-94.790738,,,,﻿t_grundner_001,﻿Rev.,﻿Theodore Von Gründner,,,,,,,,1869,,,,,,,,,,,,﻿,﻿,﻿Galveston,Galveston
﻿gal.tx.0154,﻿college,﻿St. Mary's College,English,,,,,,﻿Galveston,,﻿TX,,29.307284,-94.775763,,,,﻿tj_johnston_001,﻿Rev.,﻿J. Thomas Johnston,,,,,,﻿under the Brothers of the Christian Doctrine,,1869,,,,,,,,,,,,﻿,﻿,﻿Galveston,Galveston
﻿gal.tx.0154,﻿college,﻿St. Mary's College,English,,,,,,﻿Galveston,,﻿TX,,29.307284,-94.775763,,,,,﻿Brother,﻿Joachim,,﻿Director,,﻿religious,﻿4 brothers,﻿under the Brothers of the Christian Doctrine,,1869,,,,,,,,,,,,﻿,﻿,﻿Galveston,Galveston
﻿gal.tx.0158,﻿convent,﻿Ursuline Convent,English,,,,,,﻿Galveston,,﻿TX,,29.293224,-94.799717,,,,,﻿Rev.,﻿John B. Bellaclas,,,,﻿religious,﻿19 sisters,,,1869,,,,,,,,,,,,﻿,﻿,﻿Galveston,Galveston
﻿gal.tx.0158,﻿convent,﻿Ursuline Convent,English,,,,,,﻿Galveston,,﻿TX,,29.293224,-94.799717,,,,,﻿Madame,﻿de St. Pierre,,﻿Mother-Superior,,﻿boarder,﻿75 boarders,,,1869,,,,,,,,,,,,﻿,﻿,﻿Galveston,Galveston
﻿gal.tx.0158,﻿convent,﻿Ursuline Convent,English,,,,,,﻿Galveston,,﻿TX,,29.293224,-94.799717,,,,,,,,,,﻿student,﻿150 day scholars,,,1869,,,,,,,,,,,,﻿,﻿,﻿Galveston,Galveston
﻿gal.tx.0169,﻿hospital,﻿Sisters of Charity and Hospital,English,,,,,,﻿Galveston,,﻿TX,,,,,,,,﻿Very Rev.,﻿Charles Padey,,﻿Chaplain and Superior,,,,,,1869,,,,,,,,,,,,﻿,﻿,﻿Galveston,Galveston
﻿gal.tx.0003,﻿church,not recorded,English,,,,﻿Grimes County,﻿Grimes County,﻿Anderson,﻿Anderson,﻿TX,,30.487697,-95.992451,﻿gal.tx.0088,﻿attended from Millican,,,,,,,,,,,,1869,,,,,,,,,,,,﻿,﻿,﻿Galveston,Galveston
﻿gal.tx.0004,﻿church,not recorded,English,,,,﻿Nacogdoches County,﻿Nacogdoches County,﻿Angelina,,﻿TX,,31.525027,-94.65647,﻿gal.tx.0092,﻿attended from Nacogdoches,,,,,,,,,,,,1869,,,,,,,,,,,,﻿,﻿,﻿Galveston,Galveston
﻿gal.tx.0005,﻿church,not recorded,English,,,,﻿Cameron County,﻿Cameron County,﻿Arenal,,﻿TX,,26.128497,-97.524724,﻿gal.tx.0023,﻿attended from Brownsville,,,,,,,,,,,,1869,,,,,,,,,,,,﻿,﻿,﻿Galveston,Galveston
﻿gal.tx.0006,﻿church,not recorded,English,,,,﻿Victoria County,﻿Victoria County,﻿Arenoso,﻿Inez,﻿TX,,28.901559,-96.789399,﻿gal.tx.0149,﻿attended from Victoria,,,,,,,,,,,,1869,,,,,,,,,,,,﻿,﻿,﻿Galveston,Galveston
﻿gal.tx.0007,﻿church,not recorded,English,,﻿Arroyo Colorado,,﻿Cameron County,﻿Cameron County,"﻿Arroyo, Colorado",,﻿TX,,26.24178,-97.620093,﻿gal.tx.0023,﻿attended from Brownsville,,,,,,,,,,,,1869,,,,,,,,,,,,﻿,﻿,﻿Galveston,Galveston
﻿gal.tx.0008,﻿church,not recorded,English,,,,﻿Atascosa County,﻿Atascosa County,,,﻿TX,,28.91783104,-98.54462227,﻿gal.tx.0019,"﻿attended from Medina, Bexar Co.",,,,,,,,,,,,1869,,,,,,,,,,,,﻿,﻿,﻿Galveston,Galveston
﻿gal.tx.0009,﻿church,not recorded,English,,,,﻿Travis County,﻿Travis County,﻿Austin City,﻿Austin,﻿TX,,30.267153,-97.743061,,,,,﻿Rev.,﻿Nicholas Feltin,,,,,,,,1869,,,,,,,,,,,,﻿,﻿,﻿Galveston,Galveston
﻿gal.tx.0009,﻿church,not recorded,English,,,,﻿Travis County,﻿Travis County,﻿Austin City,﻿Austin,﻿TX,,30.267153,-97.743061,,,,﻿l_barbarin_001,﻿Rev.,﻿Louis Joseph Barbarin,,,,,,,,1869,,,,,,,,,,,,﻿,﻿,﻿Galveston,Galveston
﻿gal.tx.0010,﻿church,not recorded,English,,,,﻿Bandera County,﻿Bandera County,﻿Bandera,﻿Bandera,﻿TX,,29.726613,-99.073646,﻿gal.tx.0124,﻿attended from San Antonio,,,,,,,,,,,,1869,,,,,,,,,,,,﻿,﻿,﻿Galveston,Galveston
﻿gal.tx.0011,﻿church,not recorded,English,,,,﻿Cameron County,﻿Cameron County,﻿Barranco,,﻿TX,,26.03876169,-97.66325812,﻿gal.tx.0023,﻿attended from Brownsville,,,,,,,,,,,,1869,,,,,,,,,,,,﻿,﻿,﻿Galveston,Galveston
﻿gal.tx.0012,﻿church,not recorded,English,,,,﻿Cameron County,,﻿Boston,,﻿TX,,26.128497,-97.524724,﻿gal.tx.0023,﻿attended from Brownsville,,,,,,,,,,,,1869,,,,,,,,,,,,﻿,﻿,﻿Galveston,Galveston
﻿gal.tx.0013,﻿church,not recorded,English,,,,﻿Bastrop County,﻿Bastrop County,﻿Bastrop,﻿Bastrop,﻿TX,,30.110495,-97.31527,﻿gal.tx.0009,﻿attended from Austin by Rev. Louis Joseph Barbarin,,,,,,,,,,,,1869,,,,,,,,,,,,﻿,﻿,﻿Galveston,Galveston
﻿gal.tx.0014,﻿church,not recorded,English,,,,﻿Liberty County,﻿Hardin County,﻿Batson Prairie,﻿Batson,﻿TX,,30.249377,-94.607142,﻿gal.tx.0001,﻿attended from Galveston,,,,,,,,,,,,1869,,,,,,,,,,,,﻿,﻿,﻿Galveston,Galveston
﻿gal.tx.0015,﻿church,not recorded,English,,,,﻿Jefferson County,﻿Jefferson County,﻿Beaumont,﻿Beaumont,﻿TX,,30.080174,-94.126556,﻿gal.tx.0001,﻿attended from Galveston,,,,,,,,,,,,1869,,,,,,,,,,,,﻿,﻿,﻿Galveston,Galveston
﻿gal.tx.0016,﻿church,not recorded,English,,,,﻿Austin County,﻿Austin County,﻿Belville,﻿Bellville,﻿TX,,29.950225,-96.257186,﻿gal.tx.0054,﻿attended from Frelsburgh,,,,,,,,,,,,1869,,,,,,,,,,,,﻿,﻿,﻿Galveston,Galveston
﻿gal.tx.0017,﻿church,not recorded,English,,,,﻿Colorado County,﻿Colorado County,"﻿Bernard, or New Mentz",﻿Mentz,﻿TX,,29.74852,-96.439221,,,,,﻿Rev.,﻿M. Stremler,,,,,,,,1869,,,,,,,,,,,,﻿,﻿,﻿Galveston,Galveston
﻿gal.tx.0018,﻿church,not recorded,English,,,,﻿Hidalgo County,﻿Hidalgo County,﻿Blanca,﻿La Blanca,﻿TX,,26.292849,-98.037783,﻿gal.tx.0023,﻿attended from Brownsville,,,,,,,,,,,,1869,,,,,,,,,,,,﻿,﻿,﻿Galveston,Galveston
﻿gal.tx.0019,﻿church,not recorded,English,,,,﻿Bexar County,﻿Bexar County,"﻿Blasherrera, or Medina",﻿San Antonio,﻿TX,,29.28159391,-98.61445576,,,,,﻿Rev.,﻿Andrew Farge,,,,,,,,1869,,,,,,,,,,,,﻿,﻿,﻿Galveston,Galveston
﻿gal.tx.0020,﻿church,not recorded,English,,,,﻿Nueces County,﻿Nueces County,﻿Boreda,,﻿TX,,27.34869828,-97.63871603,﻿gal.tx.0041,﻿attended from Corpus Christi,,,,,,,,,,,,1869,,,,,,,,,,,,﻿,﻿,﻿Galveston,Galveston
﻿gal.tx.0021,﻿church,not recorded,English,,,,﻿Brazoria County,﻿Brazoria County,﻿Brazoria,﻿Brazoria,﻿TX,,29.044415,-95.569113,﻿gal.tx.0063,﻿attended from Houston,,,,,,,,,,,,1869,,,,,,,,,,,,﻿,﻿,﻿Galveston,Galveston
﻿gal.tx.0022,﻿church,not recorded,English,,,,﻿Washington County,﻿Washington County,﻿Brenham,﻿Brenham,﻿TX,,30.166883,-96.397744,﻿gal.tx.0088,﻿attended from Millican,,,,,,,,,,,,1869,,,,,,,,,,,,﻿,﻿,﻿Galveston,Galveston
﻿gal.tx.0023,﻿church,﻿St. Mary's Church,English,,,,﻿Cameron County,﻿Cameron County,﻿Brownsville,﻿Brownsville,﻿TX,,25.902534,-97.496059,,,,,﻿Very Rev.,﻿A. Gaudet,﻿O.M.I.,﻿Vicar‐General and Superior,,,,,,1869,,,,,,,,,,,,﻿,﻿,﻿Galveston,Galveston
﻿gal.tx.0023,﻿church,﻿St. Mary's Church,English,,,,﻿Cameron County,﻿Cameron County,﻿Brownsville,﻿Brownsville,﻿TX,,25.902534,-97.496059,,,,,﻿Very Rev.,﻿P.F. Parisot,﻿O.M.I.,﻿Vicar‐Chancellor,,,,,,1869,,,,,,,,,,,,﻿,﻿,﻿Galveston,Galveston
﻿gal.tx.0023,﻿church,﻿St. Mary's Church,English,,,,﻿Cameron County,﻿Cameron County,﻿Brownsville,﻿Brownsville,﻿TX,,25.902534,-97.496059,,,,﻿p_y_keralum_001,﻿Rev.,﻿P. Keralum,﻿O.M.I.,,,,,,,1869,,,,,,,,,,,,﻿,﻿,﻿Galveston,Galveston
﻿gal.tx.0023,﻿church,﻿St. Mary's Church,English,,,,﻿Cameron County,﻿Cameron County,﻿Brownsville,﻿Brownsville,﻿TX,,25.902534,-97.496059,,,,﻿maurel_001,﻿Rev.,﻿Morel,﻿O.M.I.,,,,,,,1869,,,,,,,,,,,,﻿,﻿,﻿Galveston,Galveston
﻿gal.tx.0023,﻿church,﻿St. Mary's Church,English,,,,﻿Cameron County,﻿Cameron County,﻿Brownsville,﻿Brownsville,﻿TX,,25.902534,-97.496059,,,,﻿s_vignolle_001,﻿Rev.,﻿Vignolles,﻿O.M.I.,,,,,,,1869,,,,,,,,,,,,﻿,﻿,﻿Galveston,Galveston
﻿gal.tx.0023,﻿church,﻿St. Mary's Church,English,,,,﻿Cameron County,﻿Cameron County,﻿Brownsville,﻿Brownsville,﻿TX,,25.902534,-97.496059,,,,﻿h_r_olivier_001,﻿Rev.,﻿Olivier,﻿O.M.I.,,,,,,,1869,,,,,,,,,,,,﻿,﻿,﻿Galveston,Galveston
﻿gal.tx.0023,﻿church,﻿St. Mary's Church,English,,,,﻿Cameron County,﻿Cameron County,﻿Brownsville,﻿Brownsville,﻿TX,,25.902534,-97.496059,,,,﻿j_m_malmartel_001,﻿Rev.,﻿Malmartel,,,,,,,,1869,,,,,,,,,,,,﻿,﻿,﻿Galveston,Galveston
﻿gal.tx.0023,﻿church,﻿St. Mary's Church,English,,,,﻿Cameron County,﻿Cameron County,﻿Brownsville,﻿Brownsville,﻿TX,,25.902534,-97.496059,,,,,﻿Rev.,﻿Dessault,,,,,,,,1869,,,,,,,,,,,,﻿,﻿,﻿Galveston,Galveston
﻿gal.tx.0023,﻿church,﻿St. Mary's Church,English,,,,﻿Cameron County,﻿Cameron County,﻿Brownsville,﻿Brownsville,﻿TX,,25.902534,-97.496059,,,,,,,,,﻿and three Fathers recently arrived.,,,,,1869,,,,,,,,,,,,﻿,﻿,﻿Galveston,Galveston
﻿gal.tx.0024,﻿chapel,﻿St. Joseph's Chapel,English,,,,﻿Lavacca County,﻿Lavaca County,﻿Brushy,﻿Yoakum,﻿TX,,29.290603,-97.144226,,,,,﻿Rev.,﻿John Gaillet,,,,,,,,1869,,,,,,,,,,,,﻿,﻿,﻿Galveston,Galveston
﻿gal.tx.0025,﻿church,not recorded,English,,,,﻿Fayette County,﻿Fayette County,﻿Büchel Settlement,,﻿TX,,29.87437879,-96.72783994,﻿gal.tx.0054,﻿attended from Frelsburgh,,,,,,,,,,,,1869,,,,,,,,,,,,﻿,﻿,﻿Galveston,Galveston
﻿gal.tx.0026,﻿church,not recorded,English,,,,﻿Wilson County,﻿Wilson County,﻿Cantu los Arroyos,,﻿TX,,29.268378,-98.046518,,,,,﻿Rev.,﻿Prosper Goddard,,,,,,,,1869,,,,,,,,,,,,﻿,﻿,﻿Galveston,Galveston
﻿gal.tx.0027,﻿church,not recorded,English,,,,﻿Cameron County,﻿Cameron County,﻿Capitaneño,,﻿TX,,26.09631936,-97.67379539,﻿gal.tx.0023,﻿attended from Brownsville,,,,,,,,,,,,1869,,,,,,,,,,,,﻿,﻿,﻿Galveston,Galveston
﻿gal.tx.0028,﻿church,not recorded,English,,,,﻿Zapata County,﻿Zapata County,﻿Capitaneño,﻿Falcon Village,﻿TX,,26.638663,-99.095588,﻿gal.tx.0114,﻿attended from Roma,,,,,,,,,,,,1869,,,,,,,,,,,,﻿,﻿,﻿Galveston,Galveston
﻿gal.tx.0029,﻿church,not recorded,English,,,,﻿Hidalgo County,﻿Hidalgo County,﻿Capote,﻿Pharr,﻿TX,,26.194796,-98.183622,﻿gal.tx.0023,﻿attended from Brownsville,,,,,,,,,,,,1869,,,,,,,,,,,,﻿,﻿,﻿Galveston,Galveston
﻿gal.tx.0030,﻿church,not recorded,English,,,,﻿Cameron County,﻿Cameron County,﻿Carecito,﻿Carricitos,﻿TX,,26.045356,-97.709714,﻿gal.tx.0023,﻿attended from Brownsville,,,,,,,,,,,,1869,,,,,,,,,,,,﻿,﻿,﻿Galveston,Galveston
﻿gal.tx.0031,﻿church,not recorded,English,,,,﻿Cameron County,﻿Cameron County,﻿Carmen,,﻿TX,,25.96718878,-97.5883908,﻿gal.tx.0023,﻿attended from Brownsville,,,,,,,,,,,,1869,,,,,,,,,,,,﻿,﻿,﻿Galveston,Galveston
﻿gal.tx.0032,﻿church,not recorded,English,,,,﻿Bexar County,﻿Bexar County,﻿Carmen,﻿Losoya,﻿TX,,29.233573,-98.456404,﻿gal.tx.0170,﻿attended from La Espada,,,,,,,,,,,,1869,,,,,,,,,,,,﻿,﻿,﻿Galveston,Galveston
﻿gal.tx.0033,﻿church,not recorded,English,,,,﻿Medina County,﻿Medina County,﻿Castroville,﻿Castroville,﻿TX,,29.35579,-98.878639,,,,,﻿Rev.,﻿Peter Richard,,,,,,,,1869,,,,,,,,,,,,﻿,﻿,﻿Galveston,Galveston
﻿gal.tx.0034,﻿church,not recorded,English,,,,﻿Colorado County,﻿Austin County,﻿Catspring,﻿Cat Spring,﻿TX,,29.845507,-96.325799,﻿gal.tx.0054,﻿attended from Frelsburgh,,,,,,,,,,,,1869,,,,,,29.8455074,-96.3257991,,,,﻿attended from Frelsburgh,﻿,﻿,﻿Galveston,Galveston
﻿gal.tx.0035,﻿church,not recorded,English,,,,﻿Bexar County,﻿Bexar County,﻿Cibolo,﻿Cibolo,﻿TX,,29.412827,-98.523831,﻿gal.tx.0094,﻿attended from New-Braunfels,,,,,,,,,,,,1869,,,,,,,,,,,,﻿,﻿,﻿Galveston,Galveston
﻿gal.tx.0036,﻿church,not recorded,English,,,,﻿Starr County,,﻿Clareño,,﻿TX,,26.78425837,-99.11778044,﻿gal.tx.0114,﻿attended from Roma,,,,,,,,,,,,1869,,,,,,,,,,,,﻿,﻿,﻿Galveston,Galveston
﻿gal.tx.0037,﻿church,not recorded,English,,,,﻿De Witt County,,﻿Coletto,﻿Coletoville,﻿TX,,28.75942362,-97.14591868,,,,,﻿Rev.,﻿J. Von Frydrychowicz,﻿C.R.D.N.,,,,,,,1869,,,,,,,,,,,,﻿,﻿,﻿Galveston,Galveston
﻿gal.tx.0038,﻿church,not recorded,English,,,,﻿Colorado County,﻿Colorado County,﻿Columbus,﻿Columbus,﻿TX,,29.706623,-96.539693,﻿gal.tx.0054,﻿attended from Frelsburgh,,,,,,,,,,,,1869,,,,,,,,,,,,﻿,﻿,﻿Galveston,Galveston
﻿gal.tx.0039,﻿church,not recorded,English,,,,﻿Brazoria County,﻿Brazoria County,﻿Columbia,﻿West Columbia,﻿TX,,29.143858,-95.645225,﻿gal.tx.0063,﻿attended from Houston,,,,,,,,,,,,1869,,,,,,,,,,,,﻿,﻿,﻿Galveston,Galveston
﻿gal.tx.0040,﻿church,not recorded,English,,,,﻿Bexar County,,﻿Concepcion,,﻿TX,,29.39125151,-98.49118151,﻿gal.tx.0124,﻿attended from San Antonio,,,,,,,,,,,,1869,,,,,,,,,,,,﻿,﻿,﻿Galveston,Galveston
﻿gal.tx.0041,﻿church,not recorded,English,,,,﻿Nueces County,﻿Nueces County,﻿Corpus Christi,﻿Corpus Christi,﻿TX,,27.800583,-97.396381,,,,,﻿Rev.,﻿Peter Berthet,,,,,,,,1869,,,,,,,,,,,,﻿,﻿,﻿Galveston,Galveston
﻿gal.tx.0041,﻿church,not recorded,English,,,,﻿Nueces County,﻿Nueces County,﻿Corpus Christi,﻿Corpus Christi,﻿TX,,27.800583,-97.396381,,,,﻿l_genolin_001,﻿Rev.,﻿Louis Lucien Genolin,,,,,,,,1869,,,,,,,,,,,,﻿,﻿,﻿Galveston,Galveston
﻿gal.tx.0042,﻿church,not recorded,English,,,,﻿Harris County,﻿Harris County,﻿Cypress City,﻿Cypress,﻿TX,,29.971691,-95.693786,﻿gal.tx.0063,﻿attended from Houston,,,,,,,,,,,,1869,,,,,,,,,,,,﻿,﻿,﻿Galveston,Galveston
﻿gal.tx.0043,﻿church,not recorded,English,,,,﻿Dallas County,﻿Dallas County,﻿Dallas,﻿Dallas,﻿TX,,32.776664,-96.796988,﻿gal.tx.0092,﻿attended from Nacogdoches,,,,,,,,,,,,1869,,,,,,,,,,,,﻿,﻿,﻿Galveston,Galveston
﻿gal.tx.0044,﻿church,not recorded,English,,,,﻿Uvalde County,﻿Medina County,﻿Dhanis,﻿D'Hanis,﻿TX,,29.330485,-99.280792,,,,﻿n_gallweihr_001,﻿Rev.,﻿Nicolas Güllweiler,,,,,,,,1869,,,,,,,,,,,,﻿,﻿,﻿Galveston,Galveston
﻿gal.tx.0045,﻿church,not recorded,English,,,,﻿Maverick County,﻿Maverick County,﻿Eagle Pass,﻿Eagle Pass,﻿TX,,28.709143,-100.499521,,,,,﻿Rev.,﻿Don Juan de la Cruz Ramires,,,,,,,,1869,,,,,,,,,,,,﻿,﻿,﻿Galveston,Galveston
﻿gal.tx.0046,﻿church,not recorded,English,,,,﻿Hidalgo County,﻿Hidalgo County,﻿Edinburgh,﻿Edinburg,﻿TX,,26.301737,-98.163343,﻿gal.tx.0023,﻿attended from Brownsville,,,,,,,,,,,,1869,,,,,,,,,,,,﻿,﻿,﻿Galveston,Galveston
﻿gal.tx.0047,﻿church,not recorded,English,,,,﻿Cameron County,﻿Cameron County,﻿Encantada,﻿Encantada-Ranchito-El Calaboz,﻿TX,,26.026189,-97.630268,﻿gal.tx.0023,﻿attended from Brownsville,,,,,,,,,,,,1869,,,,,,,,,,,,﻿,﻿,﻿Galveston,Galveston
﻿gal.tx.0048,﻿church,not recorded,English,,,,﻿Colorado County,﻿Fayette County,﻿Ellinger Settlement,﻿Ellinger,﻿TX,,29.838582,-96.704649,,﻿attended by Rev. John Barlemann,,,﻿Rev.,﻿John Barlemann,,,,,,,,1869,,,,,,,,,,,,﻿,﻿,﻿Galveston,Galveston
﻿gal.tx.0049,﻿church,not recorded,English,,,,﻿Encinal County,﻿La Salle County,﻿Encinal,﻿Encinal,﻿TX,,28.041117,-99.354479,﻿gal.tx.0114,﻿attended from Roma,,,,,,,,,,,,1869,,,,,,,,,,,,﻿,﻿,﻿Galveston,Galveston
﻿gal.tx.0050,﻿church,not recorded,English,,,,﻿Fayette County,﻿Fayette County,﻿Fayetteville,﻿Fayetteville,﻿TX,,29.905782,-96.672753,﻿gal.tx.0054,﻿attended from Frelsburgh,,,,,,,,,,,,1869,,,,,,,,,,,,﻿,﻿,﻿Galveston,Galveston
﻿gal.tx.0051,﻿church,not recorded,English,,,,﻿Nacogdoches County,,﻿Flores,,﻿TX,,31.60756692,-94.38278171,﻿gal.tx.0092,﻿attended from Nacogdoches,,,,,,,,,,,,1869,,,,,,,,,,,,﻿,﻿,﻿Galveston,Galveston
﻿gal.tx.0052,﻿church,not recorded,English,,,,﻿Santiago County,﻿no santiago county,﻿Flores,,﻿TX,,31.968599,-99.901813,﻿gal.tx.0069,﻿attended from Jamestown,,,,,,,,,,,,1869,,,,,,,,,,,,﻿,﻿,﻿Galveston,Galveston
﻿gal.tx.0053,﻿church,not recorded,English,,,,﻿Gillespie County,﻿Gillespie County,﻿Fredericksburgh,﻿Fredericksburg,﻿TX,,30.275201,-98.871984,,,,﻿pet_tarrillon_001,﻿Rev.,﻿Peter Tarrillion,,,,,,,,1869,,,,,,,,,,,,﻿,﻿,﻿Galveston,Galveston
﻿gal.tx.0054,﻿church,not recorded,English,,,,﻿Colorado County,﻿Colorado County,﻿Frelsburgh,﻿Frelsburg,﻿TX,,29.871208,-96.548729,,,,,﻿Rev.,﻿Victor Gury,,,,,,,,1869,,,,,,,,,,,,﻿,﻿,﻿Galveston,Galveston
﻿gal.tx.0054,﻿church,not recorded,English,,,,﻿Colorado County,﻿Colorado County,﻿Frelsburgh,﻿Frelsburg,﻿TX,,29.871208,-96.548729,,,,﻿joh_barlemann_001,﻿Rev.,﻿J. Barlemann,,,,,,,,1869,,,,,,,,,,,,﻿,﻿,﻿Galveston,Galveston
﻿gal.tx.0055,﻿church,not recorded,English,,,,﻿Victoria County,,﻿Garcitas,,﻿TX,,28.76155379,-96.68431793,﻿gal.tx.0149,﻿attended from Victoria,,,,,,,,,,,,1869,,,,,,,,,,,,﻿,﻿,﻿Galveston,Galveston
﻿gal.tx.0057,﻿church,not recorded,English,,,,﻿Goliad County,﻿Goliad County,﻿Goliad,﻿Goliad,﻿TX,,28.668325,-97.388326,﻿gal.tx.0037,﻿attended from Coletto,,,,,,,,,,,,1869,,,,,,,,,,,,﻿,﻿,﻿Galveston,Galveston
﻿gal.tx.0058,﻿church,not recorded,English,,,,﻿Lavaca County,﻿Lavaca,﻿Hallettsville,﻿Hallettsville,﻿TX,,29.443853,-96.941093,﻿gal.tx.0079,"﻿attended from St. Mary's Chapel, Lavacca Co.",,,,,,,,,,,,1869,,,,,,,,,,,,﻿,﻿,﻿Galveston,Galveston
﻿gal.tx.0059,﻿church,not recorded,English,,,,﻿Harris County,﻿Harris County,﻿Harrisburgh,﻿Harrisburg,﻿TX,,29.718604,-95.260098,,,,,﻿Rev.,﻿Francis Mary,,,,,,,,1869,,,,,,,,,,,,﻿,﻿,﻿Galveston,Galveston
﻿gal.tx.0060,﻿church,not recorded,English,,,,﻿Austin County,﻿Waller County,﻿Hempstead,﻿Hempstead,﻿TX,,30.097441,-96.078292,﻿gal.tx.0063,﻿attended from Houston,,,,,,,,,,,,1869,,,,,,,,,,,,﻿,﻿,﻿Galveston,Galveston
﻿gal.tx.0061,﻿church,not recorded,English,,,,﻿Washington County,,﻿Hidalgo Prairie,,﻿TX,,29.84690782,-96.12015134,﻿gal.tx.0088,﻿attended from Millican,,,,,,,,,,,,1869,,,,,,,,,,,,﻿,﻿,﻿Galveston,Galveston
﻿gal.tx.0062,﻿church,not recorded,English,,,,﻿Austin County,﻿Harris County,﻿Hoakley,﻿Hockley,﻿TX,,30.026944,-95.844444,﻿gal.tx.0063,﻿attended from Houston,,,,,,,,,,,,1869,,,,,,,,,,,,﻿,﻿,﻿Galveston,Galveston
﻿gal.tx.0063,﻿church,not recorded,English,,,,﻿Harris County,﻿Harris County,﻿Houston,﻿Houston,﻿TX,,29.760077,-95.370111,,,,,﻿Rev.,﻿Joseph Guérat,,,,,,,,1869,,,,,,,,,,,,﻿,﻿,﻿Galveston,Galveston
﻿gal.tx.0063,﻿church,not recorded,English,,,,﻿Harris County,﻿Harris County,﻿Houston,﻿Houston,﻿TX,,29.760077,-95.370111,,,,,﻿Rev.,﻿Martin Weinzaepflen,,,,,,,,1869,,,,,,,,,,,,﻿,﻿,﻿Galveston,Galveston
﻿gal.tx.0065,﻿church,not recorded,English,,,,﻿Washington County,﻿Washington County,﻿Independence,﻿Independence,﻿TX,,30.319167,-96.346389,﻿gal.tx.0088,﻿attended from Millican,,,,,,,,,,,,1869,,,,,,,,,,,,﻿,﻿,﻿Galveston,Galveston
﻿gal.tx.0066,﻿church,not recorded,English,,,,﻿Austin County,﻿Austin County,﻿Industry,﻿Industry,﻿TX,,29.972446,-96.502193,﻿gal.tx.0054,﻿attended from Frelsburgh,,,,,,,,,,,,1869,,,,,,,,,,,,﻿,﻿,﻿Galveston,Galveston
﻿gal.tx.0067,﻿church,not recorded,English,,,,﻿Calhoun County,﻿Calhoun County,﻿Indianola,﻿Indianola,﻿TX,,28.511945,-96.487475,,,,,﻿Rev.,﻿David Moyes,,,,,,,,1869,,,,,,,,,,,,﻿,﻿,﻿Galveston,Galveston
﻿gal.tx.0069,﻿church,not recorded,English,,,,﻿,,"﻿Jamestown, or Grey Settlement",,﻿TX,,30.922977,-93.826292,,,,﻿e_chapolard_001,﻿Rev.,﻿Emile Chapolard,,,,,,,,1869,,,,,,,,,,,,﻿,﻿,﻿Galveston,Galveston
﻿gal.tx.0070,﻿church,not recorded,English,,,,﻿Marion County,﻿Marion County,﻿Jefferson,﻿Jefferson,﻿TX,,32.757363,-94.345193,,,,,﻿Rev.,﻿J. M. Giraud,,,,,,,,1869,,,,,,,,,,,,﻿,﻿,﻿Galveston,Galveston
﻿gal.tx.0070,﻿church,not recorded,English,,,,﻿Marion County,﻿Marion County,﻿Jefferson,﻿Jefferson,﻿TX,,32.757363,-94.345193,,,,﻿j_martinere_001,﻿Rev.,﻿Joseph Martinière,,,,,,,,1869,,,,,,,,,,,,﻿,﻿,﻿Galveston,Galveston
﻿gal.tx.0071,﻿church,not recorded,English,,,,﻿Refugio County,,﻿Labamita,,﻿TX,,28.346534,-97.135938,﻿gal.tx.0111,﻿attended from Refugio,,,,,,,,,,,,1869,,,,,,,,,,,,﻿,﻿,﻿Galveston,Galveston
﻿gal.tx.0072,﻿church,not recorded,English,,,,﻿Fayette County,﻿Fayette County,﻿Lagrange,﻿La Grange,﻿TX,,29.905503,-96.876647,﻿gal.tx.0054,﻿attended from Frelsburgh,,,,,,,,,,,,1869,,,,,,,,,,,,﻿,﻿,﻿Galveston,Galveston
﻿gal.tx.0074,﻿church,not recorded,English,,,,﻿Cameron County,﻿Willacy County,﻿Lajara,,﻿TX,,26.51823093,-97.93007262,﻿gal.tx.0023,﻿attended from Brownsville,,,,,,,,,,,,1869,,,,,,,,,,,,﻿,﻿,﻿Galveston,Galveston
﻿gal.tx.0075,﻿church,not recorded,English,,,,﻿Cameron County,,﻿Lajarita,,﻿TX,,26.128497,-97.524724,﻿gal.tx.0023,﻿attended from Brownsville,,,,,,,,,,,,1869,,,,,,,,,,,,﻿,﻿,﻿Galveston,Galveston
﻿gal.tx.0076,﻿church,not recorded,English,,,,﻿Refugio County,﻿Aransas County,﻿Lamar,﻿Lamar,﻿TX,,28.139457,-97.005545,﻿gal.tx.0111,﻿attended from Refugio,,,,,,,,,,,,1869,,,,,,,,,,,,﻿,﻿,﻿Galveston,Galveston
﻿gal.tx.0077,﻿church,not recorded,English,,,,﻿Webb County,﻿Webb County,﻿Laredo,﻿Laredo,﻿TX,,27.503561,-99.507552,,,,,﻿Very Rev.,﻿J.C. Néraz,,﻿Vicar‐Chancellor,,,,,,1869,,,,,,,,,,,,﻿,﻿,﻿Galveston,Galveston
﻿gal.tx.0077,﻿church,not recorded,English,,,,﻿,﻿Webb County,﻿Laredo,﻿Laredo,﻿TX,,27.503561,-99.507552,,,,﻿mic_suchon_001,﻿Rev.,﻿Michael Souchon,,,,,,,,1869,,,,,,,,,,,,﻿,﻿,﻿Galveston,Galveston
﻿gal.tx.0077,﻿church,not recorded,English,,,,﻿,﻿Webb County,﻿Laredo,﻿Laredo,﻿TX,,27.503561,-99.507552,,,,,﻿Rev.,﻿L.M. Planchet,,,,,,,,1869,,,,,,,,,,,,﻿,﻿,﻿Galveston,Galveston
﻿gal.tx.0077,﻿church,not recorded,English,,,,﻿,﻿Webb County,﻿Laredo,﻿Laredo,﻿TX,,27.503561,-99.507552,,,,﻿j_brachet_001,﻿Rev.,﻿C.J.M. Brachet,,,,,,,,1869,,,,,,,,,,,,﻿,﻿,﻿Galveston,Galveston
﻿gal.tx.0078,﻿church,not recorded,English,,,,﻿Cameron County,,﻿Las Animas,,﻿TX,,26.06975761,-97.73826286,﻿gal.tx.0023,﻿attended from Brownsville,,,,,,,,,,,,1869,,,,,,,,,,,,﻿,﻿,﻿Galveston,Galveston
﻿gal.tx.0079,﻿chapel,﻿St. Mary's Chapel,English,,,,﻿Lavacca County,﻿Lavaca County,,﻿Halletsville,﻿TX,,29.44827226,-96.9983088,,,,,﻿Rev.,﻿Anthony Forest,,,,,,,,1869,,,,,,,,,,,,﻿,﻿,﻿Galveston,Galveston
﻿gal.tx.0080,﻿church,not recorded,English,,,,﻿Liberty County,﻿Liberty County,﻿Liberty,﻿Liberty,﻿TX,,30.057993,-94.795478,﻿gal.tx.0001,﻿attended from Galveston,,,,,,,,,,,,1869,,,,,,,,,,,,﻿,﻿,﻿Galveston,Galveston
﻿gal.tx.0081,﻿church,not recorded,English,,,,﻿Caldwell County,﻿Caldwell County,﻿Lockart,﻿Lockhart,﻿TX,,29.884944,-97.67,﻿gal.tx.0009,﻿attended from Austin,,,,,,,,,,,,1869,,,,,,,,,,,,﻿,﻿,﻿Galveston,Galveston
﻿gal.tx.0082,﻿church,not recorded,English,,,,﻿Zapata County,﻿Zapata County,﻿Lopeño,﻿Lopeño,﻿TX,,26.711703,-99.102733,﻿gal.tx.0114,﻿attended from Roma,,,,,,,,,,,,1869,,,,,,,,,,,,﻿,﻿,﻿Galveston,Galveston
﻿gal.tx.0083,﻿church,not recorded,English,,,,﻿Nueces County,,﻿Los Olmos,,﻿TX,,27.25776449,-98.12025598,﻿gal.tx.0133,﻿attended from San Patricio,,,,,,,,,,,,1869,,,,,,,,,,,,﻿,﻿,﻿Galveston,Galveston
﻿gal.tx.0084,﻿church,not recorded,English,,,,﻿Nueces County,﻿Jim Wells County,﻿Los Preceños,,﻿TX,,27.77203401,-98.03576469,﻿gal.tx.0133,﻿attended from San Patricio,,,,,,,,,,,,1869,,,,,,,,,,,,﻿,﻿,﻿Galveston,Galveston
﻿gal.tx.0085,﻿church,not recorded,English,,,,﻿Harrison County,﻿Harrison County,﻿Marshall,﻿Marshall,﻿TX,,32.544871,-94.367418,﻿gal.tx.0070,﻿attended from Jefferson,,,,,,,,,,,,1869,,,,,,,,,,,,﻿,﻿,﻿Galveston,Galveston
﻿gal.tx.0086,﻿church,not recorded,English,,,,﻿Matagorda County,﻿Matagorda County,﻿Matagorda,﻿Matagorda,﻿TX,,28.691133,-95.968271,﻿gal.tx.0067,﻿attended from Indianola,,,,,,,,,,,,1869,,,,,,,,,,,,﻿,﻿,﻿Galveston,Galveston
﻿gal.tx.0087,﻿church,not recorded,English,﻿(See Coletto.),,,﻿De Witt County,﻿De Witt County,﻿Mayersville,﻿Meyersville,﻿TX,,28.928316,-97.312491,,,,,,,,,,,,,,1869,,,,,,,,,,,,﻿,﻿,﻿Galveston,Galveston
﻿gal.tx.0088,﻿church,not recorded,English,,,,﻿Brazos County,﻿Brazos County,﻿Millican,﻿Millican,﻿TX,,30.468538,-96.202459,,,,,﻿Rev.,﻿Louis Bussant,,,,,,,,1869,,,,,,,,,,,,﻿,﻿,﻿Galveston,Galveston
﻿gal.tx.0088,﻿church,not recorded,English,,,,﻿,﻿Brazos County,﻿Millican,﻿Millican,﻿TX,,30.468538,-96.202459,,,,,﻿Rev.,﻿Francis Derue,,,,,,,,1869,,,,,,,,,,,,﻿,﻿,﻿Galveston,Galveston
﻿gal.tx.0089,﻿church,not recorded,English,,,,﻿Bexar County,﻿Bexar County,﻿Martinez,﻿Martinez,﻿TX,,29.416975,-98.336975,﻿gal.tx.0100,﻿attended from Paña Maria,,,,,,,,,,,,1869,,,,,,,,,,,,﻿,﻿,﻿Galveston,Galveston
﻿gal.tx.0091,﻿church,not recorded,English,,﻿Cedar P.O.,,﻿Fayette County,﻿Lavaca County,﻿Mulberry,,﻿TX,,29.64076944,-96.99782171,,,,,﻿Rev.,﻿Felix Orzechowski,﻿C.R.D.N.,,,,,,,1869,,,,,,,,,,,,﻿,﻿,﻿Galveston,Galveston
﻿gal.tx.0092,﻿church,not recorded,English,,,,﻿Nacogdoches County,﻿Nacogdoches County,﻿Nacogdoches,﻿Nacogdoches,﻿TX,,31.603946,-94.656004,,,,,﻿Rev.,﻿Thomas Hennessy,,,,,,,,1869,,,,,,,,,,,,﻿,﻿,﻿Galveston,Galveston
﻿gal.tx.0092,﻿church,not recorded,English,,,,﻿,﻿Nacogdoches County,﻿Nacogdoches,﻿Nacogdoches,﻿TX,,31.603946,-94.656004,,,,,﻿Rev.,﻿Joseph Peter Bristoe,,,,,,,,1869,,,,,,,,,,,,﻿,﻿,﻿Galveston,Galveston
﻿gal.tx.0093,﻿church,not recorded,English,,,,﻿Grimes County,﻿Grimes County,﻿Navisota,﻿Navasota,﻿TX,,30.387985,-96.087735,﻿gal.tx.0088,﻿attended from Millican,,,,,,,,,,,,1869,,,,,,,,,,,,﻿,﻿,﻿Galveston,Galveston
﻿gal.tx.0094,﻿church,not recorded,English,,,,﻿Comal County,﻿Comal County,﻿New-Braunfels,﻿New Braunfels,﻿TX,,29.702566,-98.124063,,,,,﻿Rev.,﻿L.J. Emile Fleury,,,,,,,,1869,,,,,,,,,,,,﻿,﻿,﻿Galveston,Galveston
﻿gal.tx.0097,﻿church,not recorded,English,,,,﻿Orange County,,﻿Orange,﻿Orange,﻿TX,,30.092988,-93.736555,﻿gal.tx.0001,﻿attended from Galveston,,,,,,,,,,,,1869,,,,,,,,,,,,﻿,﻿,﻿Galveston,Galveston
﻿gal.tx.0098,﻿church,not recorded,English,,,,﻿Cameron County,,﻿Païste,,﻿TX,,26.128497,-97.524724,﻿gal.tx.0041,﻿attended from Corpus Christi,,,,,,,,,,,,1869,,,,,,,,,,,,﻿,﻿,﻿Galveston,Galveston
﻿gal.tx.0099,﻿church,not recorded,English,,,,﻿Cameron County,,﻿Palmetto,,﻿TX,,26.20193953,-97.75662953,﻿gal.tx.0023,﻿attended from Brownsville,,,,,,,,,,,,1869,,,,,,,,,,,,﻿,﻿,﻿Galveston,Galveston
﻿gal.tx.0100,﻿church,not recorded,English,,,,﻿Karnes County,﻿Karnes County,﻿Paña Maria,﻿Panna Maria,﻿TX,,28.957191,-97.898162,,,,,﻿Very Rev.,﻿Adolph Bakanowski,﻿C.R.D.N.,﻿Superior,,,,,,1869,,,,,,,,,,,,﻿,﻿,﻿Galveston,Galveston
﻿gal.tx.0100,﻿church,not recorded,English,,,,﻿,﻿Karnes County,﻿Paña Maria,﻿Panna Maria,﻿TX,,28.957191,-97.898162,,,,,﻿Rev.,﻿Felix Zwiardowski,﻿C.R.D.N.,,,,,,,1869,,,,,,,,,,,,﻿,﻿,﻿Galveston,Galveston
﻿gal.tx.0101,﻿church,not recorded,English,,,,﻿Nueces County,,﻿Para,,﻿TX,,27.769335,-97.481416,﻿gal.tx.0133,﻿attended from San Patricio,,,,,,,,,,,,1869,,,,,,,,,,,,﻿,﻿,﻿Galveston,Galveston
﻿gal.tx.0102,﻿church,not recorded,English,,,,﻿Matagorda County,,﻿Peninsula,,﻿TX,,28.58515853,-96.02377468,﻿gal.tx.0067,﻿attended from Indianola,,,,,,,,,,,,1869,,,,,,,,,,,,﻿,﻿,﻿Galveston,Galveston
﻿gal.tx.0103,﻿church,not recorded,English,,,,﻿Bastrop County,﻿Bastrop County,﻿Pin-Oak,﻿Pin Oak,﻿TX,,30.097211,-97.29497,﻿gal.tx.0009,﻿attended from Austin,,,,,,,,,,,,1869,,,,,,,,,,,,﻿,﻿,﻿Galveston,Galveston
﻿gal.tx.0104,﻿church,not recorded,English,,,,﻿Victoria County,,﻿Placet,﻿Placedo,﻿TX,,28.69143364,-96.82658693,﻿gal.tx.0149,﻿attended from Victoria,,,,,,,,,,,,1869,,,,,,,,,,,,﻿,﻿,﻿Galveston,Galveston
﻿gal.tx.0105,﻿church,not recorded,English,,,,﻿Montgomery County,﻿Grimes County,﻿Plantersville,﻿Plantersville,﻿TX,,30.332986,-95.861896,﻿gal.tx.0088,﻿attended from Millican,,,,,,,,,,,,1869,,,,,,,,,,,,﻿,﻿,﻿Galveston,Galveston
﻿gal.tx.0107,﻿church,not recorded,English,,,,﻿Cameron County,﻿Cameron County,﻿Point Isabel,﻿Port Isabel,﻿TX,,26.073412,-97.208584,﻿gal.tx.0023,﻿attended from Brownsville,,,,,,,,,,,,1869,,,,,,,,,,,,﻿,﻿,﻿Galveston,Galveston
﻿gal.tx.0108,﻿church,not recorded,English,,,,﻿Calhoun County,﻿Calhoun County,﻿Port Lavacca,﻿Port Lavaca,﻿TX,,28.614997,-96.626089,,,,,﻿Rev.,﻿Andrew Badelon,,,,,,,,1869,,,,,,,,,,,,﻿,﻿,﻿Galveston,Galveston
﻿gal.tx.0109,﻿church,not recorded,English,,,,﻿Medina County,﻿Medina County,﻿Quihi,﻿Quihi,﻿TX,,29.391622,-99.030032,﻿gal.tx.0044,﻿attended from Dhanis,,,,,,,,,,,,1869,,,,,,,,,,,,﻿,﻿,﻿Galveston,Galveston
﻿gal.tx.0110,﻿church,not recorded,English,,,,﻿Brazoria County,﻿Brazoria County,﻿Quintania,﻿Quintana,﻿TX,,28.933304,-95.308271,﻿gal.tx.0021,﻿attended from Brazoria,,,,,,,,,,,,1869,,,,,,,,,,,,﻿,﻿,﻿Galveston,Galveston
﻿gal.tx.0111,﻿church,not recorded,English,,,,﻿Refugio County,﻿Refugio County,﻿Refugio,﻿Refugio,﻿TX,,28.305284,-97.27527,,,,﻿l_glynn_001,﻿Rev.,﻿G. Glynn,,,,,,,,1869,,,,,,,,,,,,﻿,﻿,﻿Galveston,Galveston
﻿gal.tx.0112,﻿church,not recorded,English,,,,﻿Port Bend County,﻿Fort Bend County,﻿Richmond,﻿Richmond,﻿TX,,29.582181,-95.760783,,﻿attended by Rev. John Barlemann,,,﻿Rev.,﻿John Barlemann,,,,,,,,1869,,,,,,,,,,,,﻿,﻿,﻿Galveston,Galveston
﻿gal.tx.0113,﻿church,not recorded,English,,,,﻿Starr County,﻿Starr County,﻿Rio Grande City,﻿Rio Grande City,﻿TX,,26.379787,-98.820305,﻿gal.tx.0023,﻿attended from Brownsville,,,,,,,,,,,,1869,,,,,,,,,,,,﻿,﻿,﻿Galveston,Galveston
﻿gal.tx.0114,﻿church,not recorded,English,,,,﻿Starr County,﻿Starr County,﻿Roma,﻿Roma,﻿TX,,26.408852,-99.015655,,,,,﻿Rev.,﻿Joseph Mary Clos,﻿O.M.I.,,,,,,,1869,,,,,,,,,,,,﻿,﻿,﻿Galveston,Galveston
﻿gal.tx.0114,﻿church,not recorded,English,,,,﻿,﻿Starr County,﻿Roma,﻿Roma,﻿TX,,26.408852,-99.015655,,,,﻿jm_jaffres_001,﻿Rev.,﻿John Mary Jaffrés,﻿O.M.I.,,,,,,,1869,,,,,,,,,,,,﻿,﻿,﻿Galveston,Galveston
﻿gal.tx.0114,﻿church,not recorded,English,,,,﻿,﻿Starr County,﻿Roma,﻿Roma,﻿TX,,26.408852,-99.015655,,,,﻿f_borries_001,﻿Rev.,﻿Francis Bories,﻿O.M.I.,,,,,,,1869,,,,,,,,,,,,﻿,﻿,﻿Galveston,Galveston
﻿gal.tx.0114,﻿church,not recorded,English,,,,﻿,﻿Starr County,﻿Roma,﻿Roma,﻿TX,,26.408852,-99.015655,,,,﻿ale_de-saults_001,﻿Rev.,﻿Alexis Desaules,﻿O.M.I.,,,,,,,1869,,,,,,,,,,,,﻿,﻿,﻿Galveston,Galveston
﻿gal.tx.0115,﻿church,not recorded,English,,,,﻿Hidalgo County,﻿Hidalgo County,﻿Rosario,﻿Progreso Lakes,﻿TX,,26.071744,-97.958891,﻿gal.tx.0023,﻿attended from Brownsville,,,,,,,,,,,,1869,,,,,,,,,,,,﻿,﻿,﻿Galveston,Galveston
﻿gal.tx.0116,﻿church,not recorded,English,,,,﻿Fayette County,﻿Fayette County,﻿Round Top,﻿Round Top,﻿TX,,30.06522,-96.696087,﻿gal.tx.0054,﻿attended from Frelsburgh,,,,,,,,,,,,1869,,,,,,,,,,,,﻿,﻿,﻿Galveston,Galveston
﻿gal.tx.0117,﻿church,not recorded,English,,,,﻿Hidalgo County,﻿Hidalgo County,﻿Rudyville,﻿Relampago,﻿TX,,26.083936,-97.910472,﻿gal.tx.0023,﻿attended from Brownsville,,,,,,,,,,,,1869,,,,,,,,,,,,﻿,﻿,﻿Galveston,Galveston
﻿gal.tx.0118,﻿church,not recorded,English,,,,﻿Cameron County,﻿Cameron County,﻿Rusias,﻿Los Indios,﻿TX,,26.049245,-97.744993,﻿gal.tx.0023,﻿attended from Brownsville,,,,,,,,,,,,1869,,,,,,,,,,,,﻿,﻿,﻿Galveston,Galveston
﻿gal.tx.0119,﻿church,not recorded,English,,,,﻿Fayette County,﻿Fayette County,﻿Ruttersville,﻿Rutersville,﻿TX,,29.947724,-96.7972,﻿gal.tx.0054,﻿attended from Frelsburgh,,,,,,,,,,,,1869,,,,,,,,,,,,﻿,﻿,﻿Galveston,Galveston
﻿gal.tx.0120,﻿church,not recorded,English,,,,﻿Jefferson County,﻿Jefferson County,﻿Sabine Pass,﻿Port Arthur,﻿TX,,29.88495,-93.939947,﻿gal.tx.0001,﻿attended from Galveston,,,,,,,,,,,,1869,,,,,,,,,,,,﻿,﻿,﻿Galveston,Galveston
﻿gal.tx.0121,﻿church,not recorded,English,,,,﻿Austin County,,﻿Sandy,,﻿TX,,30.360753,-98.469471,﻿gal.tx.0054,﻿attended from Frelsburgh,,,,,,,,,,,,1869,,,,,,,,,,,,﻿,﻿,﻿Galveston,Galveston
﻿gal.tx.0122,﻿church,not recorded,English,,,,﻿Bastrop County,,﻿Sandy,﻿Sand,﻿TX,,30.05294056,-97.02889341,﻿gal.tx.0009,﻿attended from Austin,,,,,,,,,,,,1869,,,,,,,,,,,,﻿,﻿,﻿Galveston,Galveston
﻿gal.tx.0123,﻿church,not recorded,English,,,,﻿Refugio County,﻿Aransas County,﻿St. Joseph,﻿San Jose Island,﻿TX,,28.043892,-96.910181,﻿gal.tx.0111,﻿attended from Refugio,,,,,,,,,,,,1869,,,,,,,,,,,,﻿,﻿,﻿Galveston,Galveston
﻿gal.tx.0124,﻿church,﻿Church of St. Ferdinand,English,,,,﻿Bexar County,﻿Bexar County,﻿San Antonio,﻿San Antonio,﻿TX,,29.424868,-98.686381,,,,,﻿Very Rev.,﻿J. Anstaett,,﻿Administrator,,,,,,1869,,,,,,,,,,,,﻿,﻿,﻿Galveston,Galveston
﻿gal.tx.0124,﻿church,﻿Church of St. Ferdinand,English,,,,﻿,﻿Bexar County,﻿San Antonio,﻿San Antonio,﻿TX,,29.424868,-98.686381,,,,,﻿Very Rev.,﻿Matthew Sarry,,﻿V.G.,,,,,,1869,,,,,,,,,,,,﻿,﻿,﻿Galveston,Galveston
﻿gal.tx.0124,﻿church,﻿Church of St. Ferdinand,English,,,,﻿,﻿Bexar County,﻿San Antonio,﻿San Antonio,﻿TX,,29.424868,-98.686381,,,,,﻿Rev.,﻿Anthony Truchard,,,,,,,,1869,,,,,,,,,,,,﻿,﻿,﻿Galveston,Galveston
﻿gal.tx.0125,﻿church,not recorded,﻿Polish,﻿Polish Congregation,,,﻿Bexar County,﻿Bexar County,﻿San Antonio,﻿San Antonio,﻿TX,,29.425191,-98.494592,,,,,﻿Rev.,﻿Vincent Barzinski,﻿C.R.D.N.,,,,,,,1869,,,,,,,,,,,,﻿,﻿,﻿Galveston,Galveston
﻿gal.tx.0126,﻿church,﻿St. Mary's Church,English,﻿German Congregation,,,﻿Bexar County,﻿Bexar County,﻿San Antonio,﻿San Antonio,﻿TX,,29.42541,-98.491109,,,,,﻿Rev.,﻿Theodore Greyenbühl,,,﻿German Congregation,,,,,1869,,,,,,,,,,,,﻿,﻿,﻿Galveston,Galveston
﻿gal.tx.0126,﻿church,﻿St. Mary's Church,English,﻿English Congregation,,,﻿,﻿Bexar County,﻿San Antonio,﻿San Antonio,﻿TX,,29.42541,-98.491109,,,,,﻿Very Rev.,﻿Louis Chaland,,,﻿English Congregation,,,,,1869,,,,,,,,,,,,﻿,﻿,﻿Galveston,Galveston
﻿gal.tx.0126,﻿church,﻿St. Mary's Church,English,﻿English Congregation,,,﻿,﻿Bexar County,﻿San Antonio,﻿San Antonio,﻿TX,,29.42541,-98.491109,,,,,﻿Rev.,﻿Seraphin Chaland,,,﻿English Congregation,,,,,1869,,,,,,,,,,,,﻿,﻿,﻿Galveston,Galveston
﻿gal.tx.0156,﻿college,﻿St. Mary's College,English,,,,﻿Bexar County,﻿Bexar County,﻿San Antonio,﻿San Antonio,﻿TX,,29.452298,-98.564684,,,,,﻿Rev.,﻿Eligius Beyrer,,,,﻿religious,﻿10 brothers,﻿under the direction of the Brothers of Mary,,1869,,,,,,,,,,,,﻿,﻿,﻿Galveston,Galveston
﻿gal.tx.0156,﻿college,﻿St. Mary's College,English,,,,﻿Bexar County,﻿Bexar County,﻿San Antonio,﻿San Antonio,﻿TX,,29.452298,-98.564684,,,,,﻿Brother,﻿Charles,,﻿Superior,,﻿student,﻿250 pupils,﻿under the direction of the Brothers of Mary,,1869,,,,,,,,,,,,﻿,﻿,﻿Galveston,Galveston
﻿gal.tx.0159,﻿convent,﻿Ursuline Convent,English,,,,﻿Bexar County,﻿Bexar County,﻿San Antonio,﻿San Antonio,﻿TX,,29.425191,-98.494592,,,,,﻿Very Rev.,﻿Stephen Buffard,,﻿Superior,,﻿religious,﻿52 sisters,,,1869,,,,,,,,,,,,﻿,﻿,﻿Galveston,Galveston
﻿gal.tx.0159,﻿convent,﻿Ursuline Convent,English,,,,﻿Bexar County,﻿Bexar County,﻿San Antonio,﻿San Antonio,﻿TX,,29.425191,-98.494592,,,,,﻿Madame,﻿de Ste. Marie,,﻿Mother-Superior,,﻿boarder,﻿60 boarders,,,1869,,,,,,,,,,,,﻿,﻿,﻿Galveston,Galveston
﻿gal.tx.0159,﻿convent,﻿Ursuline Convent,English,,,,﻿Bexar County,﻿Bexar County,﻿San Antonio,﻿San Antonio,﻿TX,,29.425191,-98.494592,,,,,﻿Rev.,﻿A. Antoine,,,,﻿student,﻿250 day-scholars,,,1869,,,,,,,,,,,,﻿,﻿,﻿Galveston,Galveston
﻿gal.tx.0159,﻿convent,﻿Ursuline Convent,English,,,,﻿Bexar County,﻿Bexar County,﻿San Antonio,﻿San Antonio,﻿TX,,29.425191,-98.494592,,,,,﻿Very Rev.,﻿J.A. Favre,,,﻿convalescent in France,﻿student,﻿250 day-scholars,,,1869,,,,,,,,,,,,﻿,﻿,﻿Galveston,Galveston
﻿gal.tx.0127,﻿church,not recorded,English,,,,﻿Zapata County,﻿Zapata County,﻿San Bartolo,﻿Zapata,﻿TX,,26.907261,-99.271425,﻿gal.tx.0023,﻿attended from Brownsville,,,,,,,,,,,,1869,,,,,,,,,,,,﻿,﻿,﻿Galveston,Galveston
﻿gal.tx.0128,﻿church,not recorded,English,,,,﻿Nueces County,,﻿San Diego,﻿San Diego,﻿TX,,27.763915,-98.238895,,,,,﻿Rev.,﻿C. Jaillet,,,,,,,,1869,,,,,,,,,,,,﻿,﻿,﻿Galveston,Galveston
﻿gal.tx.0170,﻿church,﻿San Francisco de la Espada,English,,,,﻿Bexar County,,,,﻿TX,,29.56204742,-98.4951791,,,,﻿f_bouchu_001,﻿Rev.,﻿Francis Bouchu,,,,,,,,1869,,,,,,,,,,,,﻿,﻿,﻿Galveston,Galveston
﻿gal.tx.0130,﻿church,not recorded,English,,,,﻿Zapata County,﻿Zapata County,﻿San Ignatio,﻿San Ygnacio,﻿TX,,27.042532,-99.44004,﻿gal.tx.0077,﻿attended from Laredo,,,,,,,,,,,,1869,,,,,,,,,,,,﻿,﻿,﻿Galveston,Galveston
﻿gal.tx.0131,﻿church,﻿Mission San José,English,,,,﻿Bexar County,﻿Bexar County,﻿San José,﻿San Antonio,﻿TX,,29.365108,-98.487148,﻿gal.tx.0124,﻿attended from San Antonio,,,,,,,,,,,,1869,,,,,,,,,,,,﻿,﻿,﻿Galveston,Galveston
﻿gal.tx.0132,﻿church,﻿Mission San Juan Capistrano,English,,,,﻿Bexar County,﻿Bexar County,﻿San Juan,,﻿TX,,33.50215043,-117.6626592,﻿gal.tx.0124,﻿attended from San Antonio,,,,,,,,,,,,1869,,,,,,,,,,,,﻿,﻿,﻿Galveston,Galveston
﻿gal.tx.0133,﻿church,not recorded,English,,,,﻿Nueces County,﻿San Patricio,﻿San Patricio,﻿San Patricio,﻿TX,,27.954462,-97.771942,,,,﻿p_d_jean_001,﻿Rev.,﻿Peter J. St. Jean,,,,,,,,1869,,,,,,,,,,,,﻿,﻿,﻿Galveston,Galveston
﻿gal.tx.0134,﻿church,not recorded,English,,,,﻿Nueces County,﻿Kleberg County,﻿Santa Gertrudes,﻿Kingsville,﻿TX,,27.515869,-97.856109,﻿gal.tx.0128,﻿attended from San Diego,,,,,,,,,,,,1869,,,,,,,,,,,,﻿,﻿,﻿Galveston,Galveston
﻿gal.tx.0135,﻿church,not recorded,English,,,,﻿Cameron County,﻿Cameron County,﻿Santa Maria,﻿Santa Maria,﻿TX,,26.078688,-97.849442,﻿gal.tx.0023,﻿attended from Brownsville,,,,,,,,,,,,1869,,,,,,,,,,,,﻿,﻿,﻿Galveston,Galveston
﻿gal.tx.0136,﻿church,not recorded,English,,,,﻿,﻿Cameron County,﻿Santa Rita,,﻿TX,,25.95097841,-97.55858798,﻿gal.tx.0023,﻿attended from Brownsville,,,,,,,,,,,,1869,,,,,,,,,,,,﻿,﻿,﻿Galveston,Galveston
﻿gal.tx.0137,﻿church,not recorded,English,,,,﻿,﻿Cameron County,﻿Santa Rosalia,﻿Brownsville,﻿TX,,25.901747,-97.497484,﻿gal.tx.0023,﻿attended from Brownsville,,,,,,,,,,,,1869,,,,,,,,,,,,﻿,﻿,﻿Galveston,Galveston
﻿gal.tx.0138,﻿church,not recorded,English,,,,﻿,﻿Cameron County,﻿San Rafael,,﻿TX,,25.84975,-97.38797,﻿gal.tx.0023,﻿attended from Brownsville,,,,,,,,,,,,1869,,,,,,,,,,,,﻿,﻿,﻿Galveston,Galveston
﻿gal.tx.0139,﻿church,not recorded,English,﻿(See Jamestown.),,,﻿Bexar County,,﻿Santiago,,﻿TX,,29.420076,-98.572102,,,,,,,,,,,,,,1869,,,,,,,,,,,,﻿,﻿,﻿Galveston,Galveston
﻿gal.tx.0140,﻿church,not recorded,English,,,,﻿Cameron County,,﻿Savinito,﻿Sabanito,﻿TX,,26.21104557,-97.86001309,﻿gal.tx.0023,﻿attended from Brownsville,,,,,,,,,,,,1869,,,,,,,,,,,,﻿,﻿,﻿Galveston,Galveston
﻿gal.tx.0141,﻿church,not recorded,English,,,,﻿Guadalupe County,﻿Guadalupe County,﻿Seguin,﻿Seguin,﻿TX,,29.568925,-97.964583,﻿gal.tx.0094,﻿attended from New-Braunfels,,,,,,,,,,,,1869,,,,,,,,,,,,﻿,﻿,﻿Galveston,Galveston
﻿gal.tx.0142,﻿church,not recorded,English,,﻿Rose Hill P.O.,,﻿Montgomery County,﻿Harris County,﻿Spring Creek,﻿Rose Hill,﻿TX,,30.070774,-95.703558,﻿gal.tx.0063,﻿attended from Houston,,,,,,,,,,,,1869,,,,,,,,,,,,﻿,﻿,﻿Galveston,Galveston
﻿gal.tx.0143,﻿church,not recorded,English,,,,﻿Liberty County,﻿Hardin County,﻿Sour Lake,﻿Sour Lake,﻿TX,,30.140212,-94.411024,﻿gal.tx.0063,﻿attended from Houston,,,,,,,,,,,,1869,,,,,,,,,,,,﻿,﻿,﻿Galveston,Galveston
﻿gal.tx.0144,﻿church,not recorded,English,,,,﻿Cameron County,,﻿Tajos,,﻿TX,,26.128497,-97.524724,﻿gal.tx.0023,﻿attended from Brownsville,,,,,,,,,,,,1869,,,,,,,,,,,,﻿,﻿,﻿Galveston,Galveston
﻿gal.tx.0145,﻿church,not recorded,English,,,,﻿Cameron County,﻿Cameron County,﻿Tangue de Carecito,,﻿TX,,26.24677547,-97.34879967,﻿gal.tx.0023,﻿attended from Brownsville,,,,,,,,,,,,1869,,,,,,,,,,,,﻿,﻿,﻿Galveston,Galveston
﻿gal.tx.0168,﻿church,not recorded,English,,,,﻿Nueces County,,﻿Trinidad,,,,27.58559569,-98.0746709,﻿gal.tx.0128,﻿attended from San Diego,,,,,,,,,,,,1869,,,,,,,,,,,,﻿,﻿,﻿Galveston,Galveston
﻿gal.tx.0148,﻿church,not recorded,English,,,,﻿Zapata County,﻿Zapata County,﻿Uribeño,,﻿TX,,26.73741307,-99.22430811,﻿gal.tx.0114,﻿attended from Roma by the Oblate Fathers,,,,,,,,,,,,1869,,,,,,,,,,,,﻿,﻿,﻿Galveston,Galveston
﻿gal.tx.0149,﻿church,not recorded,English,,,,﻿Victoria County,﻿Victoria,﻿Victoria,﻿Victoria,﻿TX,,28.805267,-97.003598,,,,,﻿Rev.,﻿August Gardet,,,,,,,,1869,,,,,,,,,,,,﻿,﻿,﻿Galveston,Galveston
﻿gal.tx.0149,﻿church,not recorded,English,,,,﻿Victoria County,﻿Victoria,﻿Victoria,﻿Victoria,﻿TX,,28.805267,-97.003598,,,,﻿p_krauss_001,﻿Rev.,﻿Paul Kraus,,,,,,,,1869,,,,,,,,,,,,﻿,﻿,﻿Galveston,Galveston
﻿gal.tx.0150,﻿church,not recorded,English,,,,﻿Brazoria County,﻿Brazoria County,﻿Velasco,﻿Freeport,﻿TX,,28.954137,-95.359662,﻿gal.tx.0021,﻿attended from Brazoria,,,,,,,,,,,,1869,,,,,,,,,,,,﻿,﻿,﻿Galveston,Galveston
﻿gal.tx.0151,﻿church,not recorded,English,,,,﻿Washington County,﻿Washington County,﻿Washington,﻿Washington-on-the-Brazos,﻿TX,,30.325275,-96.15731,﻿gal.tx.0088,﻿attended from Millican,,,,,,,,,,,,1869,,,,,,,,,,,,﻿,﻿,﻿Galveston,Galveston
﻿gal.tx.0152,﻿church,not recorded,English,,,,﻿Robertson County,﻿Robertson County,﻿Wheelock,﻿Wheelock,﻿TX,,30.89769,-96.389964,﻿gal.tx.0088,﻿attended from Millican,,,,,,,,,,,,1869,,,,,,,,,,,,﻿,﻿,﻿Galveston,Galveston
﻿gal.tx.0153,﻿church,not recorded,English,,,,﻿Travis County,﻿Travis County,﻿Webberville,﻿Webberville,﻿TX,,30.231045,-97.516665,﻿gal.tx.0009,﻿attended from Austin,,,,,,,,,,,,1869,,,,,,,,,,,,﻿,﻿,﻿Galveston,Galveston
﻿gal.tx.0161,﻿convent,﻿Ursuline Convent,English,,,,,,﻿Laredo,﻿Laredo,﻿TX,,27.503561,-99.507552,,,,,﻿Madame,﻿de St. Joseph,,﻿Mother-Superior,,﻿religious,﻿6 Sisters,,,1869,,,,,,,,,,,,﻿,﻿,﻿Galveston,Galveston
﻿gal.tx.0161,﻿convent,﻿Ursuline Convent,English,,,,,,﻿Laredo,﻿Laredo,﻿TX,,27.503561,-99.507552,,,,,﻿Madame,﻿de St. Theresa,,﻿Assistant,,﻿student,﻿150 day-scholars,,,1869,,,,,,,,,,,,﻿,﻿,﻿Galveston,Galveston
﻿gal.tx.0171,﻿convent,﻿Sisters of Providence,English,,,,,,﻿Castroville,﻿Castroville,﻿TX,,,,,,,,,,,,,﻿religious,﻿2 sisters,,,1869,,,,,,,,,,,,﻿,﻿,﻿Galveston,Galveston
﻿gal.tx.0171,﻿convent,﻿Sisters of Providence,English,,,,,,﻿Castroville,﻿Castroville,﻿TX,,,,,,,,,,,,,﻿student,﻿80 pupils,,,1869,,,,,,,,,,,,﻿,﻿,﻿Galveston,Galveston
﻿gal.tx.0162,﻿convent,﻿Convent of the Incarnate Word,English,,,,,,﻿Brownsville,﻿Brownsville,﻿TX,,25.918439,-97.508273,,,,,﻿Madame,﻿de St. Ange,,﻿Mother-Superior,,﻿boarder,﻿70-80 boarders,,,1869,,,,,,,,,,,,﻿,﻿,﻿Galveston,Galveston
﻿gal.tx.0162,﻿convent,﻿Convent of the Incarnate Word,English,,,,,,﻿Brownsville,﻿Brownsville,﻿TX,,25.918439,-97.508273,,,,,,,,,,﻿student,﻿about 100 day-scholars,,,1869,,,,,,,,,,,,﻿,﻿,﻿Galveston,Galveston
﻿gal.tx.0163,﻿convent,﻿Convent of the Incarnate Word,English,,,,,,﻿Victoria,﻿Victoria,﻿TX,,28.79044,-96.99762,,,,,﻿M.,﻿de St. Clair,,﻿Mother-Superior,,﻿religious,﻿10 Sisters,,,1869,,,,,,,,,,,,﻿,﻿,﻿Galveston,Galveston
﻿gal.tx.0163,﻿convent,﻿Convent of the Incarnate Word,English,,,,,,﻿Victoria,﻿Victoria,﻿TX,,28.79044,-96.99762,,,,,,,,,,﻿teacher,﻿80 to 90 scholars,,,1869,,,,,,,,,,,,﻿,﻿,﻿Galveston,Galveston
﻿gal.tx.0164,﻿convent,﻿Ursuline Convent,English,,,,,,﻿Houston,﻿Houston,﻿TX,,29.760077,-95.370111,,,,,﻿Mother,﻿Liguori,,﻿Superior,,﻿religious,﻿8 Sisters,,,1869,,,,,,,,,,,,﻿,﻿,﻿Galveston,Galveston
﻿gal.tx.0172,﻿monastery,﻿Monastery of the Sisters of Divine Providence,English,,,,,,﻿Austin,﻿Austin,﻿TX,,,,,,,,﻿Madame,﻿de St. André,,﻿Superior,,﻿religious,﻿3 sisters,,,1869,,,,,,,,,,,,﻿,﻿,﻿Galveston,Galveston
﻿gal.tx.0172,﻿monastery,﻿Monastery of the Sisters of Divine Providence,English,,,,,,﻿Austin,﻿Austin,﻿TX,,,,,,,,,,,,,﻿religious,﻿2 postulants,,,1869,,,,,,,,,,,,﻿,﻿,﻿Galveston,Galveston
﻿gal.tx.0167,﻿hospital,﻿Sœurs Hospitalières,English,﻿for an infirmary and orphan asylum,,,,,﻿Galveston,﻿Galveston,﻿TX,,29.307284,-94.775763,,,,,﻿Sister,﻿St. Joseph,,﻿Superior,,﻿religious,﻿3 sisters,,,1869,,,,,,,,,,,,﻿,﻿,﻿Galveston,Galveston
﻿gal.tx.0174,﻿school,﻿Female School,English,,,,,,﻿Austin,﻿Austin,﻿TX,,,,,,,,,,,,,﻿religious,﻿3 sisters,﻿under the care of the Sisters of Providence,,1869,,,,,,,,,,,,﻿,﻿,﻿Galveston,Galveston
