instID,church_type,instName,language,instNote,placeName,region,county_orig,county_reg,city_orig,city_reg,state_orig,state_reg,latitude,longitude,attendingInstID,attendingChurch,attendingChurchFrequency,persID,persTitle,persName,persSuffix,persRole,persNote,memberType,member,affiliated,order,year,attendingPersID,attendingChurchNote,diocese,diocese_reg
﻿gra.ca.0001,﻿church,﻿St. Joseph's Church,English,,,,,,﻿Marysville,,﻿CA,﻿CA,﻿#REF!,﻿#REF!,,,,,﻿Rt. Rev.,﻿Eugene O'Connell,﻿D.D.,,,,,,,1869,﻿,﻿,﻿Grass Valley,GrassValley
﻿gra.ca.0001,﻿church,﻿St. Joseph's Church,English,,,,,,﻿Marysville,,﻿CA,,﻿#REF!,﻿#REF!,,,,,﻿Rev.,﻿Edward Kelly,,,,,,,,1869,﻿,﻿,﻿Grass Valley,GrassValley
﻿gra.ca.0001,﻿church,﻿St. Joseph's Church,English,,,,,,﻿Marysville,,﻿CA,,﻿#REF!,﻿#REF!,,,,,﻿Rev.,﻿Andrew Andolsheck,,,,,,,,1869,﻿,﻿,﻿Grass Valley,GrassValley
﻿gra.ca.0002,﻿church,not recorded,English,,,,﻿Mendocino County,﻿Mendocino County,﻿Albion,﻿Albion,﻿CA,﻿CA,﻿#REF!,﻿#REF!,﻿gra.ca.0048,﻿attended from Mendocino City,﻿once a month,,,,,,,,,,,1869,﻿,﻿,﻿Grass Valley,GrassValley
﻿gra.ca.0003,﻿church,not recorded,English,,,,﻿Sierra County,﻿Sierra County,﻿Alleghany Town,﻿Alleghany,﻿CA,﻿CA,﻿#REF!,﻿#REF!,﻿gra.ca.0021,﻿church attended from Downieville,﻿once a month,,,,,,,,,,,1869,﻿,﻿,﻿Grass Valley,GrassValley
﻿gra.ca.0004,﻿church,not recorded,English,,,﻿Anderson Valley,﻿Mendocino County,﻿Mendocino County,,,﻿CA,﻿CA,﻿#REF!,﻿#REF!,﻿gra.ca.0048,﻿attended from Mendocino City,﻿once in three months,,,,,,,,,,,1869,﻿,﻿,﻿Grass Valley,GrassValley
﻿gra.ca.0005,﻿church,not recorded,English,,,,﻿Trinity County,﻿Trinity County,﻿Big Flat,﻿Big Flat,﻿CA,﻿CA,﻿40.74080463,﻿-123.2074406,﻿gra.ca.0076,﻿visited from Weaverville,﻿occasionally,,,,,,,,,,,1869,﻿,﻿,﻿Grass Valley,GrassValley
﻿gra.ca.0006,﻿church,not recorded,English,,,,﻿Nevada County,﻿Nevada County,﻿Birchville,﻿Birchville,﻿CA,﻿CA,﻿#REF!,﻿#REF!,﻿gra.ca.0035,﻿attended from Grass Valley,﻿every second month,,,,,,,,,,,1869,﻿,﻿,﻿Grass Valley,GrassValley
﻿gra.ca.0007,﻿church,﻿St. Mary's,English,,,,﻿Yuba County,﻿Yuba County,﻿Brown's Valley,﻿Browns Valley,﻿CA,﻿CA,﻿#REF!,﻿#REF!,﻿gra.ca.0001,﻿attended from Marysville,﻿twice a month,,,,,,,,,,,1869,﻿,﻿,﻿Grass Valley,GrassValley
﻿gra.ca.0008,﻿church,not recorded,English,,﻿Butte House,,﻿Yuba County,﻿Sutter County,,,﻿CA,﻿CA,﻿39.168056,﻿-121.741,﻿gra.ca.0001,﻿visited from Marysville,﻿occasionally,,,,,,,,,,,1869,﻿,﻿,﻿Grass Valley,GrassValley
﻿gra.ca.0009,﻿church,﻿SS. John and Paul's,English,,,,﻿Siskiyou County,﻿Siskiyou County,﻿Callaghan's Ranch,﻿Callahan,﻿CA,﻿CA,﻿#REF!,﻿#REF!,﻿gra.ca.0079,﻿attended from Yreka,﻿once a month,,,,,,,,,,,1869,﻿,﻿,﻿Grass Valley,GrassValley
﻿gra.ca.0010,﻿church,not recorded,English,,,,﻿Trinity County,﻿Trinity County,﻿Canyon City,,﻿CA,﻿CA,﻿40.83003745,﻿-123.0533738,﻿gra.ca.0076,﻿visited from Weaverville,﻿occasionally,,,,,,,,,,,1869,﻿,﻿,﻿Grass Valley,GrassValley
﻿gra.ca.0011,﻿church,not recorded,English,,,,﻿Mendocino County,﻿Mendocino County,﻿Caspar,﻿Caspar,﻿CA,﻿CA,﻿#REF!,﻿#REF!,﻿gra.ca.0048,﻿visited from Mendocino City,﻿occasionally,,,,,,,,,,,1869,﻿,﻿,﻿Grass Valley,GrassValley
﻿gra.ca.0012,﻿church,not recorded,English,,,,﻿Yuba County,﻿Nevada County,﻿Celestial Valley,﻿North San Juan,﻿CA,﻿CA,﻿#REF!,﻿#REF!,﻿gra.ca.0021,﻿visited from Downieville,﻿occasionally,,,,,,,,,,,1869,﻿,﻿,﻿Grass Valley,GrassValley
﻿gra.ca.0013,﻿church,﻿St. Patrick's,English,,,,﻿Nevada County,﻿Nevada County,﻿Cherokee,﻿Cherokee,﻿CA,﻿CA,﻿#REF!,﻿#REF!,﻿gra.ca.0035,﻿attended from Grass Valley,﻿once a month,,,,,,,,,,,1869,﻿,﻿,﻿Grass Valley,GrassValley
﻿gra.ca.0014,﻿church,﻿Holy Cross,English,,,,﻿Butte County,﻿Butte County,﻿Cherokee Flat,﻿Cherokee,﻿CA,﻿CA,﻿#REF!,﻿#REF!,﻿gra.ca.0057,﻿attended from Oroville,﻿once a month,,,,,,,,,,,1869,﻿,﻿,﻿Grass Valley,GrassValley
﻿gra.ca.0015,﻿church,not recorded,English,,,,﻿Butte County,﻿Butte County,﻿Chiko,﻿Chico,﻿CA,﻿CA,﻿#REF!,﻿#REF!,﻿gra.ca.0057,﻿visited from Oroville,﻿occasionally,,,,,,,,,,,1869,﻿,﻿,﻿Grass Valley,GrassValley
﻿gra.ca.0016,﻿church,not recorded,English,,,,﻿Nevada County,﻿Washoe County,﻿Crystal Peak,,﻿CA,﻿NV,﻿39.5249007,﻿-120.0021747,﻿gra.ca.0100,"﻿church attended from Virginia City, Nevada",﻿twice a month,,,,,,,,,,,1869,﻿,﻿,﻿Grass Valley,GrassValley
﻿gra.ca.0017,﻿church,not recorded,English,,,,﻿Placer County,﻿Placer County,﻿Colfax,﻿Colfax,﻿CA,﻿CA,﻿#REF!,﻿#REF!,﻿gra.ca.0027,﻿attended from Forest Hill,﻿once a month,,,,,,,,,,,1869,﻿,﻿,﻿Grass Valley,GrassValley
﻿gra.ca.0018,﻿church,not recorded,English,,,,﻿Colusi County,﻿Colusa County,﻿Colusi,﻿Colusa,﻿CA,﻿CA,﻿#REF!,﻿#REF!,﻿gra.ca.0057,﻿visited from Oroville,﻿occasionally,,,,,,,,,,,1869,﻿,﻿,﻿Grass Valley,GrassValley
﻿gra.ca.0019,﻿church,not recorded,English,﻿church not dedicated,,,﻿Del Norte County,﻿Del Norte County,﻿Crescent City,﻿Crescent City,﻿CA,﻿CA,﻿#REF!,﻿#REF!,﻿gra.ca.0023,﻿visited from Eureka,﻿occasionally,,,,,,,,,,,1869,﻿,﻿,﻿Grass Valley,GrassValley
﻿gra.ca.0020,﻿church,not recorded,English,,,,﻿Trinity County,﻿Trinity County,﻿Douglas City,﻿Douglas City,﻿CA,﻿CA,﻿#REF!,﻿#REF!,﻿gra.ca.0076,﻿visited from Weaverville,﻿occasionally,,,,,,,,,,,1869,﻿,﻿,﻿Grass Valley,GrassValley
﻿gra.ca.0021,﻿church,﻿Immaculate Conception,English,,,,﻿Sierra County,﻿Sierra County,﻿Downieville,﻿Downieville,﻿CA,﻿CA,﻿#REF!,﻿#REF!,,,﻿divine service once a month in summer,,﻿Rev.,﻿Charles M. Lynch,,﻿pastor,,,,,,1869,﻿,﻿,﻿Grass Valley,GrassValley
﻿gra.ca.0022,﻿church,not recorded,English,,,,﻿Placer County,﻿Placer County,﻿Dutch Flat,﻿Dutch Flat,﻿CA,﻿CA,﻿#REF!,﻿#REF!,﻿gra.ca.0027,﻿church attended from Forest Hill,,,,,,,,,,,,1869,﻿,﻿,﻿Grass Valley,GrassValley
﻿gra.ca.0023,﻿church,not recorded,English,,,,﻿Humboldt County,﻿Humboldt County,﻿Eureka,﻿Eureka,﻿CA,﻿CA,﻿#REF!,﻿#REF!,,,,,﻿Rev.,﻿M. Hickey,,﻿pastor,,,,,,1869,﻿,﻿,﻿Grass Valley,GrassValley
﻿gra.ca.0024,﻿church,not recorded,English,,,,﻿Nevada County,,﻿Fall Creek,,﻿CA,﻿CA,﻿#REF!,﻿#REF!,﻿gra.ca.0035,﻿attended from Grass Valley,﻿every third month,,,,,,,,,,,1869,﻿,﻿,﻿Grass Valley,GrassValley
﻿gra.ca.0025,﻿church,not recorded,English,,,,﻿Butte County,﻿Butte County,﻿Forbestown,﻿Forbestown,﻿CA,﻿CA,﻿#REF!,﻿#REF!,﻿gra.ca.0057,﻿visited from Oroville,﻿occasionally,,,,,,,,,,,1869,﻿,﻿,﻿Grass Valley,GrassValley
﻿gra.ca.0026,﻿church,not recorded,English,,,,﻿Sierra County,﻿Sierra County,﻿Forest City,﻿Forest,﻿CA,﻿CA,﻿#REF!,﻿#REF!,﻿gra.ca.0021,﻿church attended from Downieville,﻿once a month,,,,,,,,,,,1869,﻿,﻿,﻿Grass Valley,GrassValley
﻿gra.ca.0027,﻿church,﻿St. Joseph's,English,,,,﻿Placer County,﻿Placer County,﻿Forest Hill,﻿Foresthill,﻿CA,﻿CA,﻿#REF!,﻿#REF!,,,,,﻿Rev.,﻿James Joseph Callan,,﻿pastor,,,,,,1869,﻿,﻿,﻿Grass Valley,GrassValley
﻿gra.ca.0027,﻿church,﻿St. Joseph's,English,,,,﻿Placer County,﻿Placer County,﻿Forest Hill,﻿Foresthill,﻿CA,,﻿#REF!,﻿#REF!,,,,,﻿Rev.,﻿J. Maria Mevel,,﻿vice pastor,,,,,,1869,﻿,﻿,﻿Grass Valley,GrassValley
﻿gra.ca.0028,﻿church,not recorded,English,,,,﻿Siskiyou County,﻿Siskiyou County,﻿Fort Jones,﻿Fort Jones,﻿CA,﻿CA,﻿#REF!,﻿#REF!,﻿gra.ca.0079,﻿attended from Yreka,,,,,,,,,,,,1869,﻿,﻿,﻿Grass Valley,GrassValley
﻿gra.ca.0029,﻿church,not recorded,English,,,,﻿Yuba County,﻿Yuba County,﻿Foster's Bar,,﻿CA,﻿CA,﻿39.43149381,﻿-121.1915894,﻿gra.ca.0001,﻿attended from Marysville,﻿every third month,,,,,,,,,,,1869,﻿,﻿,﻿Grass Valley,GrassValley
﻿gra.ca.0030,﻿church,not recorded,English,,,,﻿Nevada County,﻿Nevada County,﻿French Corral,﻿French Corral,﻿CA,﻿CA,﻿#REF!,﻿#REF!,﻿gra.ca.0035,﻿attended from Grass Valley,﻿every second month,,,,,,,,,,,1869,﻿,﻿,﻿Grass Valley,GrassValley
﻿gra.ca.0031,﻿church,﻿St. Patrick's,English,,,,﻿Shasta County,﻿Shasta County,﻿French Gulch,﻿French Gulch,﻿CA,﻿CA,﻿#REF!,﻿#REF!,,﻿attended from Shasta,﻿once a month,,,,,,,,,,,1869,﻿,﻿,﻿Grass Valley,GrassValley
﻿gra.ca.0032,﻿church,not recorded,English,,,,﻿Nevada County,,﻿George's Bar,,﻿CA,﻿CA,﻿#REF!,﻿#REF!,﻿gra.ca.0035,﻿visited from Grass Valley,﻿occasionally,,,,,,,,,,,1869,﻿,﻿,﻿Grass Valley,GrassValley
﻿gra.ca.0033,﻿church,not recorded,English,,,,﻿Sierra County,﻿Sierra County,﻿Goodyear's Bar,﻿Goodyear's Bar,﻿CA,﻿CA,﻿#REF!,﻿#REF!,﻿gra.ca.0021,﻿church attended from Downieville,﻿once every month,,,,,,,,,,,1869,﻿,﻿,﻿Grass Valley,GrassValley
﻿gra.ca.0034,﻿church,not recorded,English,,,,﻿Colusi County,﻿Colusa County,﻿Grand Island,﻿Grand Island,﻿CA,﻿CA,﻿#REF!,﻿#REF!,﻿gra.ca.0001,﻿attended from Oroville,﻿every second month,,,,,,,,,,,1869,﻿,﻿,﻿Grass Valley,GrassValley
﻿gra.ca.0035,﻿church,﻿St. Patrick's,English,,,,﻿Nevada County,﻿Nevada County,﻿Grass Valley,﻿Grass Valley,﻿CA,﻿CA,﻿#REF!,﻿#REF!,,,,,﻿Rev.,﻿Thomas J. Dalton,,﻿pastor,,,,,,1869,﻿,﻿,﻿Grass Valley,GrassValley
﻿gra.ca.0035,﻿church,﻿St. Patrick's,English,,,,﻿Nevada County,﻿Nevada County,﻿Grass Valley,﻿Grass Valley,﻿CA,,﻿#REF!,﻿#REF!,,,,,﻿Rev.,﻿L. Kennedy,,﻿vice-pastor,,,,,,1869,﻿,﻿,﻿Grass Valley,GrassValley
﻿gra.ca.0036,﻿church,not recorded,English,,,,﻿Plumas County,,﻿Hopkinsville,,﻿CA,﻿CA,﻿#REF!,﻿#REF!,﻿gra.ca.0021,﻿visited from Downieville,﻿occasionally,,,,,,,,,,,1869,﻿,﻿,﻿Grass Valley,GrassValley
﻿gra.ca.0037,﻿church,not recorded,English,,,,﻿Yuba County,,﻿Horse Creek,,﻿CA,﻿CA,﻿#REF!,﻿#REF!,﻿gra.ca.0021,﻿visited from Downieville,﻿occasionally,,,,,,,,,,,1869,﻿,﻿,﻿Grass Valley,GrassValley
﻿gra.ca.0038,﻿church,﻿Assumption of B.V.M.,English,,,,﻿Shasta County,﻿Shasta County,﻿Horsetown,﻿Horsetown,﻿CA,﻿CA,﻿#REF!,﻿#REF!,,﻿attended from Shasta,,,,,,,,,,,,1869,﻿,﻿,﻿Grass Valley,GrassValley
﻿gra.ca.0039,﻿church,not recorded,English,,,,﻿Placer County,﻿Placer County,﻿Horseshoe Bar,﻿Foresthill,﻿CA,﻿CA,﻿#REF!,﻿#REF!,﻿gra.ca.0027,﻿visited from Forest Hill,﻿once a month,,,,,,,,,,,1869,﻿,﻿,﻿Grass Valley,GrassValley
﻿gra.ca.0040,﻿church,not recorded,English,,,,﻿Sierra County,﻿Sierra County,﻿Howland Flat,,﻿CA,﻿CA,﻿39.71538639,﻿-120.8867932,﻿gra.ca.0021,﻿church attended from Downieville,﻿once a month,,,,,,,,,,,1869,﻿,﻿,﻿Grass Valley,GrassValley
﻿gra.ca.0041,﻿church,not recorded,English,,,,﻿Humboldt County,﻿Humboldt County,﻿Hydesville,﻿Hydesville,﻿CA,﻿CA,﻿#REF!,﻿#REF!,﻿gra.ca.0023,﻿visited from Eureka,﻿occasionally,,,,,,,,,,,1869,﻿,﻿,﻿Grass Valley,GrassValley
﻿gra.ca.0042,﻿church,﻿St. Joseph's,English,,,,﻿Placer County,﻿Placer County,﻿Iowa Hill,﻿Iowa Hill,﻿CA,﻿CA,﻿#REF!,﻿#REF!,﻿gra.ca.0027,﻿attended from Forest Hill,﻿once a month,,,,,,,,,,,1869,﻿,﻿,﻿Grass Valley,GrassValley
﻿gra.ca.0043,﻿church,not recorded,English,,,,﻿Yuba County,,﻿Johnston's Crossing of Bear River,,﻿CA,﻿CA,﻿39.02754166,﻿-121.3489057,﻿gra.ca.0001,﻿attended from Marysville,﻿every third month,,,,,,,,,,,1869,﻿,﻿,﻿Grass Valley,GrassValley
﻿gra.ca.0044,﻿church,not recorded,English,,,,﻿Butte County,,﻿Kentucky Ranch,,﻿CA,﻿CA,﻿39.50088089,﻿-121.8611707,﻿gra.ca.0057,﻿visited from Oroville,﻿occasionally,,,,,,,,,,,1869,﻿,﻿,﻿Grass Valley,GrassValley
﻿gra.ca.0046,﻿church,not recorded,English,,,,﻿Yuba County,,﻿Linda Township,,﻿CA,﻿CA,﻿39.13048909,﻿-121.5522864,﻿gra.ca.0001,﻿visited from Marysville,﻿occasionally,,,,,,,,,,,1869,﻿,﻿,﻿Grass Valley,GrassValley
﻿gra.ca.0047,﻿church,not recorded,English,,,,﻿Nevada County,,﻿Lowell Hill,,﻿CA,﻿CA,﻿39.2644555,﻿-120.7839531,﻿gra.ca.0027,﻿attended from Forest Hill,﻿every second month,,,,,,,,,,,1869,﻿,﻿,﻿Grass Valley,GrassValley
﻿gra.ca.0048,﻿church,not recorded,English,﻿church building commenced,,,﻿Mendocino County,﻿Mendocino County,﻿Mendocino City,﻿Mendocino City,﻿CA,﻿CA,﻿#REF!,﻿#REF!,﻿gra.ca.0048,﻿attended from Menodcino City,﻿once a month,,﻿Rev.,﻿Vincent Riera,,﻿pastor,,,,,,1869,﻿,﻿,﻿Grass Valley,GrassValley
﻿gra.ca.0063,﻿church,not recorded,English,,﻿Mendocino Reservation at Ten-Mile River,,﻿Mendocino County,,,,,,﻿#REF!,﻿#REF!,﻿gra.ca.0048,﻿attended from Menodcino City,﻿once a month,,,,,,,﻿indian,﻿There are about one hundred Catholic Indians speaking the Spanish language.,,,1869,﻿,﻿,﻿Grass Valley,GrassValley
﻿gra.ca.0049,﻿church,not recorded,English,,,,﻿Placer County,﻿Placer County,﻿Michigan Bluff,﻿Michigan Bluff,﻿CA,﻿CA,﻿#REF!,﻿#REF!,﻿gra.ca.0027,﻿church attended from Forest Hill,﻿once a month,,,,,,,,,,,1869,﻿,﻿,﻿Grass Valley,GrassValley
﻿gra.ca.0050,﻿church,﻿St. Thomas',English,,,,﻿Nevada County,﻿Nevada County,﻿Moore's Flat,﻿Moores Flat,﻿CA,﻿CA,﻿#REF!,﻿#REF!,﻿gra.ca.0035,﻿attended from Grass Valley,﻿every second month,,,,,,,,,,,1869,﻿,﻿,﻿Grass Valley,GrassValley
﻿gra.ca.0051,﻿church,not recorded,English,,,,﻿Sierra County,,﻿Mugginsville,,﻿CA,﻿CA,﻿#REF!,﻿#REF!,﻿gra.ca.0021,﻿attended from Downieville,﻿occasionally,,,,,,,,,,,1869,﻿,﻿,﻿Grass Valley,GrassValley
﻿gra.ca.0052,﻿church,not recorded,English,,,,﻿Mendocino County,﻿Mendocino County,﻿Navarro,﻿Navarro,﻿CA,﻿CA,﻿#REF!,﻿#REF!,﻿gra.ca.0048,﻿attended from Mendocino City,﻿once a month,,,,,,,,,,,1869,﻿,﻿,﻿Grass Valley,GrassValley
﻿gra.ca.0053,﻿church,﻿St. Canice,English,,,,﻿Nevada County,﻿Nevada County,﻿Nevada Town,﻿Nevada City,﻿CA,﻿CA,﻿#REF!,﻿#REF!,,,,,﻿Rev.,﻿J. J. Clare,,﻿pastor,,,,,,1869,﻿,﻿,﻿Grass Valley,GrassValley
﻿gra.ca.0054,﻿church,not recorded,English,,,,﻿Nevada County,﻿Nevada County,﻿North San Juan,﻿North San Juan,﻿CA,﻿CA,﻿#REF!,﻿#REF!,﻿gra.ca.0035,﻿attended from Grass Valley,﻿every second month,,,,,,,,,,,1869,﻿,﻿,﻿Grass Valley,GrassValley
﻿gra.ca.0055,﻿church,not recorded,English,,,,﻿Nevada County,﻿Nevada County,﻿Omega,﻿Omega,﻿CA,﻿CA,﻿40.72375,﻿-123.04142,﻿gra.ca.0035,﻿attended from Grass Valley,﻿every second month,,,,,,,,,,,1869,﻿,﻿,﻿Grass Valley,GrassValley
﻿gra.ca.0056,﻿church,﻿St. Patrick's,English,,,,﻿Trinity County,,﻿Oregon Gulch,,﻿CA,﻿CA,﻿#REF!,﻿#REF!,﻿gra.ca.0076,﻿attended from Weaverville,﻿once a month,,,,,,,,,,,1869,﻿,﻿,﻿Grass Valley,GrassValley
﻿gra.ca.0057,﻿church,not recorded,English,,,,﻿Butte County,﻿Butte County,﻿Oroville,﻿Oroville,﻿CA,﻿CA,﻿#REF!,﻿#REF!,,,,﻿p_okane_001,﻿Rev.,﻿Patrick O'Kean,,﻿pastor,,,,,,1869,﻿,﻿,﻿Grass Valley,GrassValley
﻿gra.ca.0058,﻿church,not recorded,English,,,,﻿Sierra County,﻿Sierra County,﻿Poker,﻿Poker Flat,﻿CA,﻿CA,﻿39.66074056,﻿-120.9500025,﻿gra.ca.0021,﻿visited from Downieville,﻿occasionally,,,,,,,,,,,1869,﻿,﻿,﻿Grass Valley,GrassValley
﻿gra.ca.0059,﻿church,not recorded,English,,,,﻿Sierra County,﻿Sierra County,﻿Portwine,,﻿CA,﻿CA,﻿#REF!,﻿#REF!,﻿gra.ca.0021,﻿attended from Downieville,﻿once a month,,,,,,,,,,,1869,﻿,﻿,﻿Grass Valley,GrassValley
﻿gra.ca.0060,﻿church,not recorded,English,,,,﻿Nevada County,﻿Nevada County,﻿Red Dog,﻿Red Dog,﻿CA,﻿CA,﻿#REF!,﻿#REF!,﻿gra.ca.0053,﻿attended from Nevada,﻿every second month,,,,,,,,,,,1869,﻿,﻿,﻿Grass Valley,GrassValley
﻿gra.ca.0061,﻿church,not recorded,English,,,,﻿Shasta County,﻿Tehama County,﻿Red Bluff,﻿Red Bluff,﻿CA,﻿CA,﻿39.80537766,﻿-120.9274062,,,,﻿t_grace_001,﻿Rev.,﻿T. J. Grace,,﻿pastor,,,,,,1869,﻿,﻿,﻿Grass Valley,GrassValley
﻿gra.ca.0062,﻿church,not recorded,English,,,,﻿Plumas County,﻿Plumas County,﻿Richmond Hill,,﻿CA,﻿CA,﻿#REF!,﻿#REF!,﻿gra.ca.0021,﻿visited from Downieville,﻿occasionally,,,,,,,,,,,1869,﻿,﻿,﻿Grass Valley,GrassValley
﻿gra.ca.0064,﻿church,not recorded,English,,,,﻿Nevada County,﻿Nevada County,﻿Rough and Ready,﻿Rough and Ready,﻿CA,﻿CA,﻿#REF!,﻿#REF!,﻿gra.ca.0035,﻿visited from Grass Valley,﻿occasionally,,,,,,,,,,,1869,﻿,﻿,﻿Grass Valley,GrassValley
﻿gra.ca.0065,﻿church,﻿St. Joseph's Church,English,,,,﻿Klamath County,﻿Klamath County,﻿Sawyer's Bar,﻿Sawyers Bar,﻿CA,﻿CA,﻿#REF!,﻿#REF!,﻿gra.ca.0079,﻿attended from Yreka,﻿monthly,,,,,,,,,,,1869,﻿,﻿,﻿Grass Valley,GrassValley
﻿gra.ca.0066,﻿church,﻿Holy Cross Church,English,﻿vacant,,,﻿Shasta County,﻿Shasta County,﻿Shasta,﻿Shasta,﻿CA,﻿CA,﻿#REF!,﻿#REF!,,,,,,,,,,,,,,1869,﻿,﻿,﻿Grass Valley,GrassValley
﻿gra.ca.0067,﻿church,﻿St. Rose of Lima,English,,,,﻿Yuba County,﻿Yuba County,﻿Smartsville,﻿Smartsville,﻿CA,﻿CA,﻿#REF!,﻿#REF!,﻿gra.ca.0001,﻿attended from Marysville,﻿twice a month,,,,,,,,,,,1869,﻿,﻿,﻿Grass Valley,GrassValley
﻿gra.ca.0068,﻿church,not recorded,English,,,,﻿Placer County,,﻿Smith's Ranch,,﻿CA,﻿CA,﻿39.69868983,﻿-120.9249551,﻿gra.ca.0027,﻿visited from Forest Hill,﻿occasionally,,,,,,,,,,,1869,﻿,﻿,﻿Grass Valley,GrassValley
﻿gra.ca.0069,﻿church,not recorded,English,,,,﻿Sierra County,﻿Sierra County,﻿St. Louis,,﻿CA,﻿CA,﻿#REF!,﻿#REF!,﻿gra.ca.0021,﻿visited from Downieville,﻿occasionally,,,,,,,,,,,1869,﻿,﻿,﻿Grass Valley,GrassValley
﻿gra.ca.0070,﻿church,not recorded,English,,,,﻿Trinity County,,﻿Stony Creek,,﻿CA,﻿CA,﻿#REF!,﻿#REF!,﻿gra.ca.0076,﻿visited from Weaverville,﻿occasionally,,,,,,,,,,,1869,﻿,﻿,﻿Grass Valley,GrassValley
﻿gra.ca.0071,﻿church,not recorded,English,,,,﻿Lasen County,﻿Lassen County,﻿Susanville,﻿Susanville,﻿CA,﻿CA,﻿#REF!,﻿#REF!,﻿gra.ca.0021,﻿visited from Downieville,﻿occasionally,,,,,,,,,,,1869,﻿,﻿,﻿Grass Valley,GrassValley
﻿gra.ca.0072,﻿church,not recorded,English,,,,﻿Humboldt County,﻿Humboldt County,﻿Table Bluff,﻿Table Bluff,﻿CA,﻿CA,﻿#REF!,﻿#REF!,﻿gra.ca.0023,﻿visited from Eureka,﻿occasionally,,,,,,,,,,,1869,﻿,﻿,﻿Grass Valley,GrassValley
﻿gra.ca.0073,﻿church,not recorded,English,,,,﻿Plumas County,﻿Plumas County,﻿Tailorsville,﻿Taylorsville,﻿CA,﻿CA,﻿#REF!,﻿#REF!,﻿gra.ca.0021,﻿visited from Downieville,﻿occasionally,,,,,,,,,,,1869,﻿,﻿,﻿Grass Valley,GrassValley
﻿gra.ca.0074,﻿church,not recorded,English,,,,﻿Trinity County,﻿Trinity County,﻿Trinity Centre,﻿Trinity Center,﻿CA,﻿CA,﻿#REF!,﻿#REF!,﻿gra.ca.0076,﻿visited from Weaverville,﻿occasionally,,,,,,,,,,,1869,﻿,﻿,﻿Grass Valley,GrassValley
﻿gra.ca.0075,﻿church,not recorded,English,,,,﻿Nevada County,﻿Nevada County,﻿Washington,﻿Washington,﻿CA,﻿CA,﻿#REF!,﻿#REF!,﻿gra.ca.0053,﻿attended from Nevada City,﻿every second month,,,,,,,,,,,1869,﻿,﻿,﻿Grass Valley,GrassValley
﻿gra.ca.0076,﻿church,﻿St. Patrick's,English,,,,﻿Trinity County,﻿Trinity County,﻿Weaverville,﻿Weaverville,﻿CA,﻿CA,﻿#REF!,﻿#REF!,,,,,﻿Rev.,﻿Matthew Coleman,,﻿pastor,,,,,,1869,﻿,﻿,﻿Grass Valley,GrassValley
﻿gra.ca.0077,﻿church,not recorded,English,,,,﻿Sierra County,﻿Sierra County,﻿Whisky Diggins,﻿Whiskey Diggings,﻿CA,﻿CA,﻿#REF!,﻿#REF!,﻿gra.ca.0021,﻿attended from Downieville,﻿once a month,,,,,,,,,,,1869,﻿,﻿,﻿Grass Valley,GrassValley
﻿gra.ca.0078,﻿church,not recorded,English,,,,﻿Placer County,﻿Placer County,﻿Yankee Jim's,﻿Yankee Jims,﻿CA,﻿CA,﻿#REF!,﻿#REF!,﻿gra.ca.0027,﻿visited from Forest Hill,﻿occasionally,,,,,,,,,,,1869,﻿,﻿,﻿Grass Valley,GrassValley
﻿gra.ca.0079,﻿church,﻿SS. Peter and Paul's,English,,,,﻿Siskiyou County,﻿Siskiyou County,﻿Yreka,﻿Yreka,﻿CA,﻿CA,﻿39.56002233,﻿-117.0816193,,,,,﻿Rev.,﻿Patrick Farrelly,,﻿pastor,,,,,,1869,﻿,﻿,﻿Grass Valley,GrassValley
﻿gra.ca.0080,﻿church,not recorded,English,,﻿Reese River District,,,﻿Lander County,﻿Amador,,﻿NV,﻿NV,﻿#REF!,﻿#REF!,﻿gra.ca.0082,﻿visited from Austin,﻿occasionally,,,,,,,,,,,1869,﻿,﻿,﻿Grass Valley,GrassValley
﻿gra.ca.0081,﻿church,not recorded,English,,,,﻿Washoe County,﻿Washoe County,﻿Auburn,﻿Reno,﻿NV,﻿NV,﻿#REF!,﻿#REF!,﻿gra.ca.0101,﻿attended from Virginia City,﻿once a month,,,,,,,,,,,1869,﻿,﻿,﻿Grass Valley,GrassValley
﻿gra.ca.0082,﻿church,﻿St. Dominick's Church,English,,,,﻿Lander County,﻿Lander County,﻿Austin,﻿Austin,﻿NV,﻿NV,﻿#REF!,﻿#REF!,,,,,﻿Rev.,﻿D. Monteverde,,﻿pastor,,,,,,1869,﻿,﻿,﻿Grass Valley,GrassValley
﻿gra.ca.0083,﻿church,not recorded,English,,﻿Reese River District,,,﻿Lander County,﻿Bunker Hill,﻿Bunker Hill,﻿NV,﻿NV,﻿#REF!,﻿#REF!,﻿gra.ca.0082,﻿visited from Austin,﻿occasionally,,,,,,,,,,,1869,﻿,﻿,﻿Grass Valley,GrassValley
﻿gra.ca.0084,﻿church,not recorded,English,﻿church not dedicated,,,﻿Ormsby County,,﻿Carson City,﻿Carson City,﻿NV,﻿NV,﻿#REF!,﻿#REF!,,,,﻿w_clarke_001,﻿Rev.,﻿William Clarke,,﻿pastor,,,,,,1869,﻿,﻿,﻿Grass Valley,GrassValley
﻿gra.ca.0085,﻿church,not recorded,English,,,,﻿Lyon County,﻿Lyon County,﻿Como,﻿Como,﻿NV,﻿NV,﻿#REF!,﻿#REF!,﻿gra.ca.0092,﻿visited from Gold Hill,﻿occasionally,,,,,,,,,,,1869,﻿,﻿,﻿Grass Valley,GrassValley
﻿gra.ca.0086,﻿church,not recorded,English,,,,﻿Lyon County,﻿Lyon County,﻿Dayton,﻿Dayton,﻿NV,﻿NV,﻿39.86627698,﻿-114.9109831,﻿gra.ca.0092,﻿attended from Gold Hill,﻿once a month,,,,,,,,,,,1869,﻿,﻿,﻿Grass Valley,GrassValley
﻿gra.ca.0087,﻿church,not recorded,English,,﻿Reese River District,,,﻿White Pine County,﻿Egan Canyon,,﻿NV,﻿NV,﻿39.18415819,﻿-119.7061015,﻿gra.ca.0082,﻿visited from Austin,﻿occasionally,,,,,,,,,,,1869,﻿,﻿,﻿Grass Valley,GrassValley
﻿gra.ca.0088,﻿church,not recorded,English,,,,﻿Ormsby County,,﻿Empire City,,﻿NV,﻿NV,﻿39.31617768,﻿-119.5935207,﻿gra.ca.0084,﻿attended from Carson City,﻿twice a month,,,,,,,,,,,1869,﻿,﻿,﻿Grass Valley,GrassValley
﻿gra.ca.0089,﻿church,not recorded,English,,﻿Flowery District,,﻿Storey County,,,,﻿NV,﻿NV,﻿39.29472144,﻿-119.267625,﻿gra.ca.0101,﻿attended from Virginia City,﻿twice a month,,,,,,,,,,,1869,﻿,﻿,﻿Grass Valley,GrassValley
﻿gra.ca.0090,﻿church,not recorded,English,,,,﻿Churchill County,﻿Lyon County,﻿Fort Churchill,,﻿NV,﻿NV,﻿#REF!,﻿#REF!,﻿gra.ca.0101,﻿attended from Virginia City,﻿every third month,,,,,,,,,,,1869,﻿,﻿,﻿Grass Valley,GrassValley
﻿gra.ca.0091,﻿church,not recorded,English,,,,﻿Douglas County,﻿Douglas County,﻿Genoa,﻿Genoa,﻿NV,﻿NV,﻿#REF!,﻿#REF!,﻿gra.ca.0084,﻿attended from Carson City,﻿once a month,,,,,,,,,,,1869,﻿,﻿,﻿Grass Valley,GrassValley
﻿gra.ca.0092,﻿church,﻿St. Patrick's,English,,,,﻿Storey County,﻿Storey County,﻿Gold Hill,﻿Gold Hill,﻿NV,﻿NV,﻿39.31759455,﻿-119.8232856,,,,﻿d_meagher_001,﻿Rev.,﻿Daniel Meagher,,﻿pastor,,,,,,1869,﻿,﻿,﻿Grass Valley,GrassValley
﻿gra.ca.0093,﻿church,not recorded,English,,,,﻿Washoe County,,﻿Ophir,,﻿NV,﻿NV,﻿39.17144864,﻿-119.4791992,﻿gra.ca.0092,﻿attended from Gold Hill,﻿once a month,,,,,,,,,,,1869,﻿,﻿,﻿Grass Valley,GrassValley
﻿gra.ca.0094,﻿church,not recorded,English,,,,﻿Lyon County,﻿Lyon County,﻿Palmyra,,﻿NV,﻿NV,﻿#REF!,﻿#REF!,﻿gra.ca.0092,﻿visited from Gold Hill,﻿occasionally,,,,,,,,,,,1869,﻿,﻿,﻿Grass Valley,GrassValley
﻿gra.ca.0095,﻿church,not recorded,English,,,,﻿Washoe County,﻿Washoe County,﻿Pleasant Valley,﻿Pleasant Valley,﻿NV,﻿NV,﻿#REF!,﻿#REF!,﻿gra.ca.0101,﻿attended from Virginia City,﻿once a month,,,,,,,,,,,1869,﻿,﻿,﻿Grass Valley,GrassValley
﻿gra.ca.0096,﻿church,not recorded,English,,,,﻿Churchill County,﻿Churchill County,﻿Ragtown,﻿Ragtown,﻿NV,﻿NV,﻿#REF!,﻿#REF!,﻿gra.ca.0101,﻿attended from Virginia City,﻿every third month,,,,,,,,,,,1869,﻿,﻿,﻿Grass Valley,GrassValley
﻿gra.ca.0097,﻿church,not recorded,English,,,,﻿Lyon County,﻿Lyon County,﻿Silver City,﻿Silver City,﻿NV,﻿NV,﻿#REF!,﻿#REF!,﻿gra.ca.0092,﻿attended from Gold Hill,﻿once a month,,,,,,,,,,,1869,﻿,﻿,﻿Grass Valley,GrassValley
﻿gra.ca.0098,﻿church,not recorded,English,,,,﻿Storey County,﻿Storey County,﻿Six Mile Canyon,﻿Virginia City,﻿NV,﻿NV,﻿#REF!,﻿#REF!,﻿gra.ca.0101,﻿attended from Virginia City,﻿twice a month,,,,,,,,,,,1869,﻿,﻿,﻿Grass Valley,GrassValley
﻿gra.ca.0099,﻿church,not recorded,English,,,,﻿Washoe County,﻿Washoe County,﻿Steamboat Springs,﻿Steamboat,﻿NV,﻿NV,﻿#REF!,﻿#REF!,﻿gra.ca.0101,﻿attended from Virginia City,﻿once a month,,,,,,,,,,,1869,﻿,﻿,﻿Grass Valley,GrassValley
﻿gra.ca.0100,﻿church,not recorded,English,,,,﻿Washoe County,﻿Washoe County,﻿Truckee Meadows,﻿Reno,﻿NV,﻿NV,﻿#REF!,﻿#REF!,﻿gra.ca.0101,﻿attended from Virginia City,﻿once a month,,,,,,,,,,,1869,﻿,﻿,﻿Grass Valley,GrassValley
﻿gra.ca.0101,﻿church,﻿St. Mary's,English,,,,﻿Storey County,﻿Storey County,﻿Virginia City,﻿Virginia City,﻿NV,﻿NV,﻿#REF!,﻿#REF!,,,,,﻿Very Rev.,﻿Patrick Manogue,,﻿pastor,,,,,,1869,﻿,﻿,﻿Grass Valley,GrassValley
﻿gra.ca.0101,﻿church,﻿St. Mary's,English,,,,﻿Storey County,﻿Storey County,﻿Virginia City,﻿Virginia City,﻿NV,,﻿#REF!,﻿#REF!,,,,,﻿Rev.,﻿J. McNulty,,﻿vice-pastor,,,,,,1869,﻿,﻿,﻿Grass Valley,GrassValley
﻿gra.ca.0102,﻿church,not recorded,English,,,,﻿Washoe County,﻿Washoe County,﻿Washoe City,﻿Washoe City,﻿NV,﻿NV,﻿#REF!,﻿#REF!,﻿gra.ca.0092,﻿attended from Gold Hill,﻿once a month,,,,,,,,,,,1869,﻿,﻿,﻿Grass Valley,GrassValley
﻿gra.ca.0103,﻿church,not recorded,English,,﻿Reese River District,,,﻿Lander County,﻿Yankee Blade,﻿Yankee Blade,﻿NV,﻿NV,﻿#REF!,﻿#REF!,﻿gra.ca.0082,﻿visited from Austin,﻿occasionally,,,,,,,,,,,1869,﻿,﻿,﻿Grass Valley,GrassValley
﻿gra.ca.0104,﻿church,not recorded,English,,,﻿Utah Territory,,,﻿Great Salt Lake City,﻿Salt Lake City,,,﻿#REF!,﻿#REF!,﻿gra.ca.0082,﻿visited from Austin,﻿occasionally,,,,,,,,,,,1869,﻿,﻿,﻿Grass Valley,GrassValley
﻿gra.ca.0105,﻿convent,﻿Convent of the Sisters of Notre Dame,English,,,,,,﻿Marysville,﻿Marysville,﻿CA,﻿CA,﻿#REF!,﻿#REF!,,,,,﻿Sister,﻿Mary Bernard Weber,,﻿Superior,,﻿sister,﻿15 Sisters,,,1869,﻿,﻿,﻿Grass Valley,GrassValley
﻿gra.ca.0106,﻿convent,﻿Convent of the Sisters of Mercy,English,,,,,,﻿Grass Valley,﻿Grass Valley,﻿CA,﻿CA,﻿#REF!,﻿#REF!,,,,,﻿Mother,﻿Mary Baptist,,﻿Superior,,﻿sister,﻿8 Sisters,,,1869,﻿,﻿,﻿Grass Valley,GrassValley
﻿gra.ca.0107,﻿convent,﻿Convent of the Sisters of Charity,English,,,,,,﻿Virginia City,﻿Virginia City,﻿NV,﻿NV,﻿#REF!,﻿#REF!,,,,,﻿Sister,﻿Frederica,,﻿Superior,,﻿sister,﻿5 Sisters,,,1869,﻿,﻿,﻿Grass Valley,GrassValley
﻿gra.ca.0108,﻿academy,﻿Academy of Notre Dame,English,﻿For young ladies.,,,,,﻿Marysville,﻿Marysville,﻿CA,﻿CA,﻿#REF!,﻿#REF!,,,,,,,,,,﻿pupil,﻿67 pupils,﻿Directed by the Sisters of Notre Dame.,,1869,﻿,﻿,﻿Grass Valley,GrassValley
﻿gra.ca.0109,﻿school,not recorded,English,﻿For girls.,,,,,﻿Marysville,﻿Marysville,﻿CA,﻿CA,﻿#REF!,﻿#REF!,,,,,,,,,,﻿dayScholar,﻿122 day scholars,﻿Conducted by the Sisters of Notre Dame.,,1869,﻿,﻿,﻿Grass Valley,GrassValley
﻿gra.ca.0109,﻿school,not recorded,English,﻿For girls.,,,,,﻿Marysville,﻿Marysville,﻿CA,,﻿#REF!,﻿#REF!,,,,,,,,,,﻿freeScholar,﻿69 free scholars,﻿Conducted by the Sisters of Notre Dame.,,1869,﻿,﻿,﻿Grass Valley,GrassValley
﻿gra.ca.0110,﻿school,not recorded,English,﻿For boys,﻿St. Joseph's Church,,,,﻿Marysville,﻿Marysville,﻿CA,﻿CA,﻿#REF!,﻿#REF!,,,,,,,,,,﻿scholar,﻿About 90 scholars,,,1869,﻿,﻿,﻿Grass Valley,GrassValley
﻿gra.ca.0111,﻿school,not recorded,English,﻿For girls and small boys.,,,,,﻿Grass Valley,﻿Grass Valley,﻿CA,﻿CA,﻿#REF!,﻿#REF!,,,,,,,,,,﻿scholar,﻿150 scholars,﻿Conducted by the Sisters of Mercy.,,1869,﻿,﻿,﻿Grass Valley,GrassValley
﻿gra.ca.0112,﻿school,﻿Catholic school,English,,,,,,﻿Forest Hill,﻿Foresthill,﻿CA,﻿CA,﻿#REF!,﻿#REF!,,,,,﻿Mr.,﻿Nealan,﻿M.A.,,,,,,,1869,﻿,﻿,﻿Grass Valley,GrassValley
﻿gra.ca.0113,﻿school,not recorded,English,﻿For girls.,,,,,﻿Virginia City,﻿Virginia City,﻿NV,﻿NV,﻿#REF!,﻿#REF!,,,,,,,,,,﻿scholar,﻿150 scholars,﻿Conducted by the Sisters of Charity.,,1869,﻿,﻿,﻿Grass Valley,GrassValley
﻿gra.ca.0114,﻿school,﻿St. Mary's School for Boys,English,﻿For boys,,,,,﻿Virginia City,﻿Virginia City,﻿NV,﻿NV,﻿#REF!,﻿#REF!,,,,,,,,,,﻿scholar,﻿50 scholars,,,1869,﻿,﻿,﻿Grass Valley,GrassValley
﻿gra.ca.0115,﻿asylum,﻿Orphan asylum,English,"﻿was founded in March, 1866, under the auspices of Rev. T.J. Dalton, Pastor of Grass Valley, and Sister Mary B. Russell, Superior of Sisters of Mercy, San Francisco",,,,,﻿Grass Valley,﻿Grass Valley,﻿CA,﻿CA,﻿#REF!,﻿#REF!,,,,﻿tho_j_dalton_001,﻿Rev.,﻿T. J. Dalton,,﻿Pastor of Grass Valley,,﻿professed,﻿6 professed,﻿Under the care of the Sisters of Mercy,,1869,﻿,﻿,﻿Grass Valley,GrassValley
﻿gra.ca.0115,﻿asylum,﻿Orphan asylum,English,"﻿was founded in March, 1866, under the auspices of Rev. T.J. Dalton, Pastor of Grass Valley, and Sister Mary B. Russell, Superior of Sisters of Mercy, San Francisco",,,,,﻿Grass Valley,﻿Grass Valley,﻿CA,,﻿#REF!,﻿#REF!,,,,,﻿Sister,﻿Mary B. Russell,,"﻿Superior of Sisters of Mercy, San Francisco.",,﻿novice,﻿2 novices,﻿Under the care of the Sisters of Mercy,,1869,﻿,﻿,﻿Grass Valley,GrassValley
﻿gra.ca.0115,﻿asylum,﻿Orphan asylum,English,"﻿was founded in March, 1866, under the auspices of Rev. T.J. Dalton, Pastor of Grass Valley, and Sister Mary B. Russell, Superior of Sisters of Mercy, San Francisco",,,,,﻿Grass Valley,﻿Grass Valley,﻿CA,,﻿#REF!,﻿#REF!,,,,,,,,,,﻿orphan,﻿Over 60 orphans have been provided for since the founding of the institution,﻿Under the care of the Sisters of Mercy,,1869,﻿,﻿,﻿Grass Valley,GrassValley
﻿gra.ca.0115,﻿asylum,﻿Orphan asylum,English,"﻿was founded in March, 1866, under the auspices of Rev. T.J. Dalton, Pastor of Grass Valley, and Sister Mary B. Russell, Superior of Sisters of Mercy, San Francisco",,,,,﻿Grass Valley,﻿Grass Valley,﻿CA,,﻿#REF!,﻿#REF!,,,,,,,,,,﻿student,﻿150 students on the school register,﻿Under the care of the Sisters of Mercy,,1869,﻿,﻿,﻿Grass Valley,GrassValley
﻿gra.ca.0116,﻿asylum,﻿Orphan asylum,English,,,,,,﻿Virginia City,﻿Virginia City,﻿NV,﻿NV,﻿#REF!,﻿#REF!,,,,,,,,,,﻿fullOrphan,﻿50 full orphans,﻿Under the care of the Sisters of Charity,,1869,﻿,﻿,﻿Grass Valley,GrassValley
﻿gra.ca.0116,﻿asylum,﻿Orphan asylum,English,,,,,,﻿Virginia City,﻿Virginia City,﻿NV,,﻿#REF!,﻿#REF!,,,,,,,,,,﻿halfOrphan,﻿75 half orphans,﻿Under the care of the Sisters of Charity,,1869,﻿,﻿,﻿Grass Valley,GrassValley
﻿gra.ca.0116,﻿asylum,﻿Orphan asylum,English,,,,,,﻿Virginia City,﻿Virginia City,﻿NV,,﻿#REF!,﻿#REF!,,,,,,,,,,﻿day scholar,"﻿day-scholars, 190",﻿Under the care of the Sisters of Charity,,1869,﻿,﻿,﻿Grass Valley,GrassValley
﻿gra.ca.0116,﻿asylum,﻿Orphan asylum,English,,,,,,﻿Virginia City,﻿Virginia City,﻿NV,,﻿#REF!,﻿#REF!,,,,,,,,,,﻿sister,﻿there are 8 sisters in charge,﻿Under the care of the Sisters of Charity,,1869,﻿,﻿,﻿Grass Valley,GrassValley
﻿gra.ca.0116,﻿asylum,﻿Orphan asylum,English,,,,,,﻿Virginia City,﻿Virginia City,﻿NV,,﻿#REF!,﻿#REF!,,,,,,,,,,﻿teacher,﻿3 young ladies who assist as teachers,﻿Under the care of the Sisters of Charity,,1869,﻿,﻿,﻿Grass Valley,GrassValley
