instID,church_type,instName,language,instNote,placeName,region,county_orig,county_reg,city_orig,city_reg,state_orig,state_reg,latitude,longitude,attendingInstID,attendingChurch,attendingChurchFrequency,persID,persTitle,persName,persSuffix,persRole,persNote,memberType,member,affiliated,order,year,attendingPersID,attendingChurchNote,diocese,diocese_reg
﻿har.ct.0001,﻿cathedral,﻿Cathedral of SS. Peter and Paul,English,"﻿High Mass, at a quarter past ten A.M.  Vespers at threeo'clock P.M.",,,,,﻿Providence,﻿Providence,﻿RI,,41.819311,-71.416583,,,,,﻿Rt. Rev.,﻿F. P. McFarland,﻿D.D.,,,,,,,1866,﻿,﻿,﻿Hartford,Hartford
﻿har.ct.0001,﻿cathedral,﻿Cathedral of SS. Peter and Paul,English,"﻿High Mass, at a quarter past ten A.M.  Vespers at threeo'clock P.M.",,,,,﻿Providence,﻿Providence,﻿RI,,41.819311,-71.416583,,,,,﻿Rev.,﻿Patrick J. O'Dwyer,,﻿Pastor,,,,,,1866,﻿,﻿,﻿Hartford,Hartford
﻿har.ct.0001,﻿cathedral,﻿Cathedral of SS. Peter and Paul,English,"﻿High Mass, at a quarter past ten A.M.  Vespers at threeo'clock P.M.",,,,,﻿Providence,﻿Providence,﻿RI,,41.819311,-71.416583,,,,,﻿Rev.,﻿Joseph O'Brien,,,,,,,,1866,﻿,﻿,﻿Hartford,Hartford
﻿har.ct.0001,﻿cathedral,﻿Cathedral of SS. Peter and Paul,English,"﻿High Mass, at a quarter past ten A.M.  Vespers at threeo'clock P.M.",,,,,﻿Providence,﻿Providence,﻿RI,,41.819311,-71.416583,,,,,﻿Rev.,﻿James Ward,,,,,,,,1866,﻿,﻿,﻿Hartford,Hartford
﻿har.ct.0001,﻿cathedral,﻿Cathedral of SS. Peter and Paul,English,"﻿High Mass, at a quarter past ten A.M.  Vespers at threeo'clock P.M.",,,,,﻿Providence,﻿Providence,﻿RI,,41.819311,-71.416583,,,,,﻿Rev.,﻿Michael Ryan,,,,,,,,1866,﻿,﻿,﻿Hartford,Hartford
﻿har.ct.0002,﻿church,﻿St. Patrick's,English,,,,,,﻿Providence,﻿Providence,﻿RI,,41.8326,-71.419564,,,,,﻿Rev.,﻿Patrick Lambe,,﻿Pastor,,,,,,1866,﻿,﻿,﻿Hartford,Hartford
﻿har.ct.0002,﻿church,﻿St. Patrick's,English,,,,,,﻿Providence,﻿Providence,﻿RI,,41.8326,-71.419564,,,,,﻿Rev.,﻿Hugh T. Brady,,,,,,,,1866,﻿,﻿,﻿Hartford,Hartford
﻿har.ct.0003,﻿church,﻿St. Joseph's,English,,,,,,﻿Providence,﻿Providence,﻿RI,,41.821391,-71.396625,,,,,﻿Rev.,﻿Peter Kelly,,,,,,,,1866,﻿,﻿,﻿Hartford,Hartford
﻿har.ct.0003,﻿church,﻿St. Joseph's,English,,,,,,﻿Providence,﻿Providence,﻿RI,,41.821391,-71.396625,,,,,﻿Rev.,﻿James McCarten,,,,,,,,1866,﻿,﻿,﻿Hartford,Hartford
﻿har.ct.0004,﻿church,﻿St. Mary's,English,﻿new church building,,,,,﻿Providence,﻿Providence,﻿RI,,41.823989,-71.412834,,,,,﻿Rev.,﻿John Quinn,﻿D.D.,﻿Pastor,,,,,,1866,﻿,﻿,﻿Hartford,Hartford
﻿har.ct.0004,﻿church,﻿St. Mary's,English,﻿new church building,,,,,﻿Providence,﻿Providence,﻿RI,,41.823989,-71.412834,,,,,﻿Rev.,﻿James O'Reilly,,,,,,,,1866,﻿,﻿,﻿Hartford,Hartford
﻿har.ct.0005,﻿church,﻿Immaculate Conception,English,,,,,﻿Providence County,﻿Providence,﻿Providence,﻿RI,,41.823989,-71.412834,,,,,﻿Rev.,﻿Edward J. Cooney,,,,,,,,1866,﻿,﻿,﻿Hartford,Hartford
﻿har.ct.0005,﻿church,﻿Immaculate Conception,English,,,,,﻿Providence County,﻿Providence,﻿Providence,﻿RI,,41.823989,-71.412834,,,,,﻿Rev.,﻿Richard O'Gorman,,,,,,,,1866,﻿,﻿,﻿Hartford,Hartford
﻿har.ct.0006,﻿church,﻿St. Bernard's,English,,,,,,﻿Providence,﻿Providence,﻿RI,,,,,,,,﻿Rev.,﻿Michael A. Wallace,,,,,,,,1866,﻿,﻿,﻿Hartford,Hartford
﻿har.ct.0008,﻿chapel,﻿St. Catharine's Chapel,English,,,,,﻿Providence County,﻿Providence,﻿Providence,﻿RI,,41.821092,-71.414004,﻿har.ct.0001,﻿attended from Cathedral,,,,,,,,,,,,1866,﻿,﻿,﻿Hartford,Hartford
﻿har.ct.0157_02,﻿chapel,﻿St. Aloysius' Chapel,English,,﻿Orphan Asylum,,,﻿Providence County,﻿Providence,﻿Providence,﻿RI,,41.821092,-71.414004,﻿har.ct.0006,﻿attended from St. Bernard's,,,,,,,,,,,,1866,﻿,﻿,﻿Hartford,Hartford
﻿har.ct.0009,﻿church,not recorded,English,,,,﻿Providence County,﻿Providence County,﻿Albion,﻿Albion,﻿RI,,41.9533,-71.458136,﻿har.ct.0031,﻿attended from Valley Falls,﻿every second Sunday,,,,,,,,,,,1866,﻿,﻿,﻿Hartford,Hartford
﻿har.ct.0012,﻿church,not recorded,English,,,,,﻿Bristol County,﻿Bristol,﻿Bristol,﻿RI,,41.671182,-71.270735,﻿har.ct.0033,﻿attended from Warren,﻿Mass every Sunday,,,,,,,,,,,1866,﻿,﻿,﻿Hartford,Hartford
﻿har.ct.0013,﻿church,not recorded,English,,,,,﻿Washington County,﻿Carolina,﻿Carolina,﻿RI,,41.456811,-71.667335,﻿har.ct.0136,﻿attended from Westerly,,,,,,,,,,,,1866,﻿,﻿,﻿Hartford,Hartford
﻿har.ct.0015,﻿church,not recorded,English,,,,,,﻿Coal Mines,,﻿RI,,41.580095,-71.477429,﻿har.ct.0025,﻿attended from Newport,,,,,,,,,,,,1866,﻿,﻿,﻿Hartford,Hartford
﻿har.ct.0016,﻿church,﻿St. Anne's,English,,,,,﻿Providence County,﻿Cranston,﻿Cranston,﻿RI,,41.779823,-71.43728,,,,,﻿Rev.,﻿Philip Grace,,,,,,,,1866,﻿,﻿,﻿Hartford,Hartford
﻿har.ct.0017,﻿church,﻿Our Lady of Mount Carmel,English,,,,,﻿Kent County,﻿Crompton,﻿Crompton,﻿RI,,41.68472,-71.51417,,,,,﻿Rev.,﻿James P. Gibson,,,,,,,,1866,﻿,﻿,﻿Hartford,Hartford
﻿har.ct.0020,﻿church,﻿Holy name of Jesus,English,,,,,﻿Kent County,﻿Greenwich,﻿East Greenwich,﻿RI,,41.654058,-71.457672,﻿har.ct.0027,﻿attended from Phoenixville,﻿Mass every second Sunday,,,,,,,,,,,1866,﻿,﻿,﻿Hartford,Hartford
﻿har.ct.0021,﻿church,﻿St. Philip Neri,English,,,,,﻿Providence County,﻿Greenville,﻿Greenville,﻿RI,,41.873398,-71.559435,,,,﻿phi_gillick_001,﻿Rev.,﻿Philip Gillick,,,,,,,,1866,﻿,﻿,﻿Hartford,Hartford
﻿har.ct.0022,﻿church,﻿St. Patrick's,English,,,,,﻿Providence County,﻿Harrisville,﻿Harrisville,﻿RI,,41.967481,-71.678025,,,,,﻿Rev.,﻿William E. Duffy,,,,,,,,1866,﻿,﻿,﻿Hartford,Hartford
﻿har.ct.0023,﻿church,not recorded,English,,,,,﻿Providence County,﻿Manville,﻿Manville,﻿RI,,41.968135,-71.474944,﻿har.ct.0031,﻿attended from Valley Falls,,,,,,,,,,,,1866,﻿,﻿,﻿Hartford,Hartford
﻿har.ct.0025,﻿church,﻿Our Lady of the Isle,English,,,,,﻿Newport County,﻿Newport,﻿Newport,﻿RI,,41.484199,-71.308439,,,,,﻿Very Rev.,﻿William O'Reilly,﻿V.G.,,,,,,,1866,﻿,﻿,﻿Hartford,Hartford
﻿har.ct.0025,﻿church,﻿Our Lady of the Isle,English,,,,,﻿Newport County,﻿Newport,﻿Newport,﻿RI,,41.484199,-71.308439,,,,,﻿Rev.,﻿Edward O'Connor,,,,,,,,1866,﻿,﻿,﻿Hartford,Hartford
﻿har.ct.0026,﻿church,﻿Immaculate Conception,English,,,,,﻿Providence County,﻿Pawtucket,﻿Pawtucket,﻿RI,,41.878711,-71.382556,,,,﻿p_g_delaney_001,﻿Rev.,﻿Patrick G. Delany,,,,,,,,1866,﻿,﻿,﻿Hartford,Hartford
﻿har.ct.0027,﻿church,﻿SS. Peter and Paul,English,,,,,﻿Kent County,﻿Phoenixville,﻿West Warwick,﻿RI,,41.721302,-71.529526,,,,,﻿Rev.,﻿John A. Couch,,,,,,,,1866,﻿,﻿,﻿Hartford,Hartford
﻿har.ct.0028,﻿church,not recorded,English,,,,,﻿Kent County,﻿Pontiac,﻿Pontiac,﻿RI,,41.657915,-71.714795,﻿har.ct.0027,﻿attended from Phoenixville,,,,,,,,,,,,1866,﻿,﻿,﻿Hartford,Hartford
﻿har.ct.0028,﻿church,not recorded,English,,﻿Military Hospital,,,﻿Kent County,﻿Portsmouth Grove,﻿Pontiac,﻿RI,,41.657915,-71.714795,﻿har.ct.0025,﻿attended from Newport,,,,,,,,,,,,1866,﻿,﻿,﻿Hartford,Hartford
﻿har.ct.0029,﻿church,not recorded,English,,,,,﻿Washington County,﻿Shady Lea,﻿Shady Lea Historic District,﻿RI,,41.538739,-71.467969,﻿har.ct.0027,﻿attended from Phoenixville,,,,,,,,,,,,1866,﻿,﻿,﻿Hartford,Hartford
﻿har.ct.0030,﻿church,not recorded,English,,,,,﻿Providence County,﻿Slatersville,﻿Slatersville,﻿RI,,42.00057,-71.580172,﻿har.ct.0022,﻿attended from Harrisville,﻿Mass once a month,,,,,,,,,,,1866,﻿,﻿,﻿Hartford,Hartford
﻿har.ct.0031,﻿church,﻿St. Patrick's,English,,,,,﻿Providence County,﻿Valley Falls,﻿Valley Falls,﻿RI,,41.906766,-71.390612,,,,,﻿Rev.,﻿Daniel Mullen,,,,,,,,1866,﻿,﻿,﻿Hartford,Hartford
﻿har.ct.0032,﻿church,﻿St. Francis',English,,,,,﻿Washington County,﻿Wakefield,﻿Wakefield,﻿RI,,41.438172,-71.501555,﻿har.ct.0020,﻿attended from Westerly,﻿Mass once a month,,,,,,,,,,,1866,﻿,﻿,﻿Hartford,Hartford
﻿har.ct.0033,﻿church,﻿St. Mary's,English,,,,,﻿Bristol County,﻿Warren,﻿Warren,﻿RI,,41.730379,-71.282549,,,,,﻿Rev.,﻿Michael McCallion,,,,,,,,1866,﻿,﻿,﻿Hartford,Hartford
﻿har.ct.0034,﻿church,not recorded,English,,,,,﻿Washington County,﻿Wickford,﻿Wickford,﻿RI,,41.57226,-71.448489,﻿har.ct.0027,﻿attended from Phoenixville,,,,,,,,,,,,1866,﻿,﻿,﻿Hartford,Hartford
﻿har.ct.0035,﻿church,﻿St. Charles Borromeo,English,,,,﻿Cumberland Co.,﻿Providence County,﻿Woonsocket,﻿Woonsocket,﻿RI,,42.008323,-71.513785,,,,﻿mic_mccabe_001,﻿Rev.,﻿M. McCabe,,,,,,,,1866,﻿,﻿,﻿Hartford,Hartford
﻿har.ct.0037,﻿church,not recorded,English,,,,,﻿Hartford County,﻿Avon,﻿Avon,﻿CT,,41.80962,-72.830515,﻿har.ct.0052,﻿attended from Collinsville,,,,,,,,,,,,1866,﻿,﻿,﻿Hartford,Hartford
﻿har.ct.0039,﻿church,﻿St. James',English,﻿new church building,,,,﻿Fairfield County,﻿Bridgeport,﻿Bridgeport,﻿CT,,41.180428,-73.19661,,,,,﻿Rev.,﻿Thos. J. Sinnott,,,,,,,,1866,﻿,﻿,﻿Hartford,Hartford
﻿har.ct.0039,﻿church,﻿St. James',English,﻿new church building,,,,﻿Fairfield County,﻿Bridgeport,﻿Bridgeport,﻿CT,,41.180428,-73.19661,,,,﻿jno_f_rogers_001,﻿Rev.,﻿John Rodgers,,,,,,,,1866,﻿,﻿,﻿Hartford,Hartford
﻿har.ct.0040,﻿church,﻿St. Mary's,English,,﻿East-Bridgeport,,,﻿Fairfield County,﻿Bridgeport,﻿Bridgeport,﻿CT,,41.181461,-73.178874,,,,,﻿Rev.,﻿Francis J. Lenihan,,,,,,,,1866,﻿,﻿,﻿Hartford,Hartford
﻿har.ct.0041,﻿church,﻿Immaculate Conception,English,,,,,﻿New Haven County,﻿Birmingham,﻿Derby,﻿CT,,41.320652,-73.088997,,,,,﻿Rev.,﻿John Sheridan,,,,,,,,1866,﻿,﻿,﻿Hartford,Hartford
﻿har.ct.0042,﻿church,not recorded,English,,,,,﻿New London County,﻿Bozrah,﻿Bozrah,﻿CT,,41.560443,-72.163596,﻿har.ct.0050,﻿attended from Colchester,,,,,,,,,,,,1866,﻿,﻿,﻿Hartford,Hartford
﻿har.ct.0043,﻿church,﻿Immaculate Conception,English,,,,,﻿New Haven County,﻿Brandford,﻿Branford,﻿CT,,41.279903,-72.814118,,,,,﻿Rev.,﻿James F. Campbell,,,,,,,,1866,﻿,﻿,﻿Hartford,Hartford
﻿har.ct.0044,﻿church,﻿St. Joseph's,English,,,,,﻿Hartford County,﻿Bristol,﻿Bristol,﻿CT,,41.677574,-72.938515,,,,﻿mic_rodden_001,﻿Rev.,﻿Michael B. Rodden,,,,,,,,1866,﻿,﻿,﻿Hartford,Hartford
﻿har.ct.0045,﻿church,﻿St. Catharine's,English,,,,﻿Tolland Co.,﻿Hartford County,﻿Broadbrook,﻿Broad Brook,﻿CT,,41.91232,-72.545087,﻿har.ct.0130,﻿attended from Thompsonville,,,,,,,,,,,,1866,﻿,﻿,﻿Hartford,Hartford
﻿har.ct.0046,﻿church,not recorded,English,,,,﻿Fairfield Co.,﻿Fairfield County,﻿Brookfield,﻿Brookfield,﻿CT,,41.482595,-73.409565,﻿har.ct.0103,﻿attended from Newtown,,,,,,,,,,,,1866,﻿,﻿,﻿Hartford,Hartford
﻿har.ct.0047,﻿church,﻿St. Bridget's,English,,,,,﻿New Haven County,﻿Cheshire,﻿Cheshire,﻿CT,,41.502835,-72.904413,,,,,﻿Rev.,﻿Thomas Drea,,,,,,,,1866,﻿,﻿,﻿Hartford,Hartford
﻿har.ct.0048,﻿church,﻿St. Joseph's,English,,,,﻿New Haven Co.,﻿Middlesex County,﻿Chester,﻿Chester,﻿CT,,41.40114,-72.441381,﻿har.ct.0050,﻿attended from Colchester,﻿Mass once a month,,,,,,,,,,,1866,﻿,﻿,﻿Hartford,Hartford
﻿har.ct.0049,﻿church,not recorded,English,,,,﻿New Haven Co.,﻿Middlesex County,﻿Clinton,﻿Clinton,﻿CT,,41.288221,-72.528803,﻿har.ct.0119,﻿attended from Saybrook,,,,,,,,,,,,1866,﻿,﻿,﻿Hartford,Hartford
﻿har.ct.0050,﻿church,not recorded,English,﻿church not dedicated,,,,﻿New London County,﻿Colchester,﻿Colchester,﻿CT,,41.574211,-72.327698,,,,,﻿Rev.,﻿Patrick Creighton,,,,,,,,1866,﻿,﻿,﻿Hartford,Hartford
﻿har.ct.0051,﻿church,not recorded,English,,,,,﻿Litchfield County,﻿Coalbrook,﻿Colebrook,﻿CT,,41.991407,-73.095676,﻿har.ct.0140,﻿attended from Winsted,,,,,,,,,,,,1866,﻿,﻿,﻿Hartford,Hartford
﻿har.ct.0052,﻿church,﻿St. Patrick's,English,,,,,﻿Hartford County,﻿Collinsville,﻿Collinsville,﻿CT,,41.812876,-72.920102,,,,﻿jno_fagan_001,﻿Rev.,﻿John Fagan,,,,,,,,1866,﻿,﻿,﻿Hartford,Hartford
﻿har.ct.0053,﻿church,﻿St. Bridget's,English,,,,,﻿Litchfield County,﻿Cornwall,﻿Cornwall,﻿CT,,41.786629,-73.276536,﻿har.ct.0059,﻿attended from Falls Village,﻿Mass once a month,,,,,,,,,,,1866,﻿,﻿,﻿Hartford,Hartford
﻿har.ct.0054,﻿church,not recorded,English,,,,,﻿Tolland County,﻿Coventry,﻿Coventry,﻿CT,,41.78468,-72.339302,﻿har.ct.0143,﻿attended from Willimantic,﻿Mass once a month,,,,,,,,,,,1866,﻿,﻿,﻿Hartford,Hartford
﻿har.ct.0055,﻿church,﻿St. Peter's,English,,,,,﻿Fairfield County,﻿Danbury,﻿Danbury,﻿CT,,41.392058,-73.448883,,,,,﻿Rev.,﻿Philip Sheridan,,,,,,,,1866,﻿,﻿,﻿Hartford,Hartford
﻿har.ct.0056,﻿church,not recorded,English,﻿church not dedicated,,,,﻿Windham County,﻿Danielsonville,﻿Danielson,﻿CT,,41.802637,-71.884735,﻿har.ct.0090,﻿attended from Moosup,﻿Mass every Sunday,,,,,,,,,,,1866,﻿,﻿,﻿Hartford,Hartford
﻿har.ct.0057,﻿church,﻿St. Thomas',English,,,,,﻿Fairfield County,﻿Fairfield,﻿Fairfield,﻿CT,,41.140725,-73.261772,﻿har.ct.0039,"﻿attended from St. James', Bridgeport",,,,,,,,,,,,1866,﻿,﻿,﻿Hartford,Hartford
﻿har.ct.0059,﻿church,﻿St. Patrick's,English,,,,,﻿Litchfield County,﻿Falls Village,﻿Falls Village,﻿CT,,41.95502,-73.365058,,,,,﻿Rev.,﻿Michael O'Reilly,,,,,,,,1866,﻿,﻿,﻿Hartford,Hartford
﻿har.ct.0060,﻿church,not recorded,English,,,,,﻿Hartford County,﻿Farmington,﻿Farmington,﻿CT,,41.736031,-72.795027,﻿har.ct.0012,﻿attended from New-Britain,﻿once a month,,,,,,,,,,,1866,﻿,﻿,﻿Hartford,Hartford
﻿har.ct.0062,﻿church,not recorded,English,,,,,﻿New London County,﻿Fitchville,﻿Bozrah,﻿CT,,41.560443,-72.163596,﻿har.ct.0050,﻿attended from Colchester,,,,,,,,,,,,1866,﻿,﻿,﻿Hartford,Hartford
﻿har.ct.0063,﻿church,not recorded,English,,,,,﻿Hartford County,﻿Glastenbury,﻿Glastonbury,﻿CT,,41.686179,-72.545078,﻿har.ct.0077,"﻿attended from St. Peter's, Hartford",﻿once a month,,,,,,,,,,,1866,﻿,﻿,﻿Hartford,Hartford
﻿har.ct.0064,﻿church,﻿St. Columbkille,English,,,,,﻿Litchfield County,﻿Goshen,﻿Goshen,﻿CT,,41.831519,-73.224895,﻿har.ct.0059,﻿attended from Falls Village,﻿Mass once a month,,,,,,,,,,,1866,﻿,﻿,﻿Hartford,Hartford
﻿har.ct.0065,﻿church,﻿St. Mary's,English,,,,,﻿Fairfield County,﻿Greenwich,﻿Greenwich,﻿CT,,41.026242,-73.628196,﻿har.ct.0020,﻿attended from Stamford,﻿every Sunday,,,,,,,,,,,1866,﻿,﻿,﻿Hartford,Hartford
﻿har.ct.0066,﻿church,﻿St. George's,English,,,,,﻿New Haven County,﻿Guilford,﻿Guilford,﻿CT,,41.299241,-72.687839,﻿har.ct.0043,﻿attended from Brandford,,,,,,,,,,,,1866,﻿,﻿,﻿Hartford,Hartford
﻿har.ct.0067,﻿church,not recorded,English,,,,,﻿Litchfield County,﻿Gaylorsbridge,﻿Gaylordsville,﻿CT,,41.645587,-73.484271,﻿har.ct.0103,﻿attended from Newtown,,,,,,,,,,,,1866,﻿,﻿,﻿Hartford,Hartford
﻿har.ct.0068,﻿church,not recorded,English,,,,,﻿Fairfield County,﻿Brookfield,﻿Brookfield,﻿CT,,41.482595,-73.409565,﻿har.ct.0103,﻿attended from Newtown,,,,,,,,,,,,1866,﻿,﻿,﻿Hartford,Hartford
﻿har.ct.0069,﻿church,not recorded,English,,,,,﻿Fairfield County,﻿Monroe,﻿Monroe,﻿CT,,41.332596,-73.207336,﻿har.ct.0103,﻿attended from Newtown,,,,,,,,,,,,1866,﻿,﻿,﻿Hartford,Hartford
﻿har.ct.0070,﻿church,not recorded,English,,,,,﻿Fairfield County,﻿Easton,﻿Easton,﻿CT,,41.271206,-73.29664,﻿har.ct.0103,﻿attended from Newtown,,,,,,,,,,,,1866,﻿,﻿,﻿Hartford,Hartford
﻿har.ct.0071,﻿church,not recorded,English,,,,,﻿Fairfield County,﻿Botsfield,﻿Botsford,﻿CT,,41.362584,-73.266032,﻿har.ct.0103,﻿attended from Newtown,,,,,,,,,,,,1866,﻿,﻿,﻿Hartford,Hartford
﻿har.ct.0072,﻿church,not recorded,English,,,,,﻿Fairfield County,﻿Dodgeton,﻿Dodgingtown,﻿CT,,41.379262,-73.35623,﻿har.ct.0103,﻿attended from Newtown,,,,,,,,,,,,1866,﻿,﻿,﻿Hartford,Hartford
﻿har.ct.0073,﻿church,not recorded,English,,,,,﻿Middlesex County,﻿Haddam,﻿Haddam,﻿CT,,41.477143,-72.512276,﻿har.ct.0050,﻿attended from Colchester,,,,,,,,,,,,1866,﻿,﻿,﻿Hartford,Hartford
﻿har.ct.0074,﻿church,﻿Our Lady of Mount Carmel,English,,,,,﻿New Haven County,﻿Hampden,﻿Hamden,﻿CT,,41.39915,-72.896813,﻿har.ct.0127,﻿attended from Southington,,,,,,,,,,,,1866,﻿,﻿,﻿Hartford,Hartford
﻿har.ct.0075,﻿church,not recorded,English,,,,,﻿Windham County,﻿Hampton,﻿Hampton,﻿CT,,41.783987,-72.054798,﻿har.ct.0090,﻿attended from Moosup,,,,,,,,,,,,1866,﻿,﻿,﻿Hartford,Hartford
﻿har.ct.0076,﻿church,﻿St. Patrick's,English,,,,,﻿Hartford County,﻿Hartford,﻿Hartford,﻿CT,,41.782096,-72.682856,,,,,﻿Rev.,﻿James Hughes,,﻿Pastor,,,,,,1866,﻿,﻿,﻿Hartford,Hartford
﻿har.ct.0076,﻿church,﻿St. Patrick's,English,,,,,﻿Hartford County,﻿Hartford,﻿Hartford,﻿CT,,41.782096,-72.682856,,,,,﻿Rev.,﻿John O'Farrell,,,,,,,,1866,﻿,﻿,﻿Hartford,Hartford
﻿har.ct.0077,﻿church,﻿St. Peter's,English,﻿new church building,,,,﻿Hartford County,﻿Hartford,﻿Hartford,﻿CT,,41.757322,-72.674281,,,,,﻿Rev.,﻿John Lynch,,﻿Pastor,,,,,,1866,﻿,﻿,﻿Hartford,Hartford
﻿har.ct.0077,﻿church,﻿St. Peter's,English,﻿new church building,,,,﻿Hartford County,﻿Hartford,﻿Hartford,﻿CT,,41.757322,-72.674281,,,,﻿hug_mallon_001,﻿Rev.,﻿Hugh Mellon,,,,,,,,1866,﻿,﻿,﻿Hartford,Hartford
﻿har.ct.0078,﻿church,not recorded,English,﻿church not dedicated,,,,﻿Hartford County,﻿Hazardville,﻿Hazardville,﻿CT,,41.987319,-72.544809,﻿har.ct.0130,﻿attended from Thompsonville,,,,,,,,,,,,1866,﻿,﻿,﻿Hartford,Hartford
﻿har.ct.0079,﻿church,not recorded,English,﻿church not dedicated,,,,﻿New London County,﻿Jewett City,﻿Jewett City,﻿CT,,41.606765,-71.980908,﻿har.ct.0090,﻿attended from Moosup,﻿every second Sunday,,,,,,,,,,,1866,﻿,﻿,﻿Hartford,Hartford
﻿har.ct.0080,﻿church,not recorded,English,﻿church not dedicated,,,,﻿Litchfield County,﻿Litchfield,﻿Litchfield,﻿CT,,41.747264,-73.188716,﻿har.ct.0140,﻿attended from Winsted,,,,,,,,,,,,1866,﻿,﻿,﻿Hartford,Hartford
﻿har.ct.0081,﻿church,not recorded,English,,,,,﻿New London County,﻿Lyme,﻿Lyme,﻿CT,,41.400812,-72.342952,﻿har.ct.0043,﻿attended from Brandford,,,,,,,,,,,,1866,﻿,﻿,﻿Hartford,Hartford
﻿har.ct.0082,﻿church,not recorded,English,,,,,﻿New Haven County,﻿Madison,﻿Madison,﻿CT,,41.295991,-72.575415,﻿har.ct.0043,﻿attended from Brandford,﻿once a month,,,,,,,,,,,1866,﻿,﻿,﻿Hartford,Hartford
﻿har.ct.0083,﻿church,﻿St. Mary's,English,,,,,﻿Hartford County,﻿Manchester,﻿Manchester,﻿CT,,41.800189,-72.521592,﻿har.ct.0118,﻿attended from Rockville,﻿Mass every second Sunday,,,,,,,,,,,1866,﻿,﻿,﻿Hartford,Hartford
﻿har.ct.0084,﻿church,not recorded,English,,,,,﻿Tolland County,﻿Mansfield,﻿Mansfield,﻿CT,,41.788489,-72.229291,﻿har.ct.0143,﻿attended from Willimantic,﻿Mass once a month,,,,,,,,,,,1866,﻿,﻿,﻿Hartford,Hartford
﻿har.ct.0086,﻿church,﻿St. Rose of Lima,English,,,,,﻿New Haven County,﻿Meriden,﻿Meriden,﻿CT,,41.534956,-72.793037,,,,,﻿Rev.,﻿Thomas Walsh,,﻿Pastor,,,,,,1866,﻿,﻿,﻿Hartford,Hartford
﻿har.ct.0086,﻿church,﻿St. Rose of Lima,English,,,,,﻿New Haven County,﻿Meriden,﻿Meriden,﻿CT,,41.534956,-72.793037,,,,﻿jno_smith_001,﻿Rev.,﻿John Smith,,,,,,,,1866,﻿,﻿,﻿Hartford,Hartford
﻿har.ct.0086,﻿church,﻿St. Rose of Lima,English,,,,,﻿Middlesex County,﻿Middle-Haddam,﻿Middletown,﻿CT,,41.534956,-72.793037,﻿har.ct.0050,﻿attended from Colchester,,,,,,,,,,,,1866,﻿,﻿,﻿Hartford,Hartford
﻿har.ct.0087,﻿church,﻿St. John's,English,,,,,﻿Middlesex County,﻿Middletown,﻿Middletown,﻿CT,,41.567417,-72.652892,,,,﻿jas_lynch_001,﻿Rev.,﻿James Lynch,,,,,,,,1866,﻿,﻿,﻿Hartford,Hartford
﻿har.ct.0088,﻿church,﻿St. Mary's,English,,,,,﻿New Haven County,﻿Milford,﻿Milford,﻿CT,,41.326215,-72.922908,﻿har.ct.0040,﻿attended from East-Bridgeport,,,,,,,,,,,,1866,﻿,﻿,﻿Hartford,Hartford
﻿har.ct.0089,﻿church,not recorded,English,,,,,﻿Middlesex County,﻿Moodus,﻿Moodus,﻿CT,,41.502877,-72.450087,﻿har.ct.0050,﻿attended from Colchester,﻿Mass once a month,,,,,,,,,,,1866,﻿,﻿,﻿Hartford,Hartford
﻿har.ct.0090,﻿church,﻿All Hallows,English,,,,﻿Windham County,﻿Windham County,﻿Moosup,﻿Moosup,﻿CT,,41.713381,-71.885798,,,,,﻿Rev.,﻿James Quinn,,,,,,,,1866,﻿,﻿,﻿Hartford,Hartford
﻿har.ct.0091,﻿church,not recorded,English,,,,,﻿New London County,﻿Mystic,﻿Mystic,﻿CT,,41.354266,-71.966462,﻿har.ct.0136,﻿attended from Westerly,,,,,,,,,,,,1866,﻿,﻿,﻿Hartford,Hartford
﻿har.ct.0092,﻿church,﻿St. Anne's,English,,,,,﻿New Haven County,﻿Naugatuck,﻿Naugatuck,﻿CT,,41.492961,-73.054852,﻿har.ct.0133,﻿attended from Waterbury,﻿Mass every Sunday,,,,,,,,,,,1866,﻿,﻿,﻿Hartford,Hartford
﻿har.ct.0093,﻿church,﻿St. Mary's,English,,,,,﻿Hartford County,﻿New Britain,﻿New Britain,﻿CT,,41.672076,-72.78271,,,,,﻿Rev.,﻿Luke Daly,,,,,,,,1866,﻿,﻿,﻿Hartford,Hartford
﻿har.ct.0094,﻿church,﻿St. Aloysius',English,,,,,﻿Fairfield County,﻿New Canaan,﻿New Canaan,﻿CT,,41.145283,-73.494018,﻿har.ct.0107,﻿attended from Norwalk,﻿once a month,,,,,,,,,,,1866,﻿,﻿,﻿Hartford,Hartford
﻿har.ct.0095,﻿church,﻿St. Patrick's,English,,,,,﻿New London County,﻿New London,﻿New London,﻿CT,,41.355654,-72.099521,,,,,﻿Rev.,﻿Patrick A. Gaynor,,,,,,,,1866,﻿,﻿,﻿Hartford,Hartford
﻿har.ct.0096,﻿church,not recorded,English,,,,﻿Hartford County,﻿Litchfield County,﻿New Hartford,﻿New Hartford,﻿CT,,41.873501,-72.967025,﻿har.ct.0052,﻿attended from Collinsville,,,,,,,,,,,,1866,﻿,﻿,﻿Hartford,Hartford
﻿har.ct.0097,﻿church,﻿St. Mary's,English,,,,,﻿New Haven County,﻿New Haven,﻿New Haven,﻿CT,,41.311921,-72.923824,,,,﻿e_j_obrien_001,﻿Rev.,﻿Edward J. O'Brien,,,,,,,,1866,﻿,﻿,﻿Hartford,Hartford
﻿har.ct.0098,﻿church,﻿St. Patrick's,English,,,,,﻿New Haven County,﻿New Haven,﻿New Haven,﻿CT,,41.296715,-72.943131,,,,,﻿Rev.,﻿Matthew Hart,,,,,,,,1866,﻿,﻿,﻿Hartford,Hartford
﻿har.ct.0098,﻿church,﻿St. Patrick's,English,,,,,﻿New Haven County,﻿New Haven,﻿New Haven,﻿CT,,41.296715,-72.943131,,,,﻿wm_hart_001,﻿Rev.,﻿William Hart,,,,,,,,1866,﻿,﻿,﻿Hartford,Hartford
﻿har.ct.0099,﻿church,﻿St. John's,English,,,,,﻿New Haven County,﻿New Haven,﻿New Haven,﻿CT,,41.316121,-72.916763,,,,,﻿Rev.,﻿Hugh Carmody,﻿D.D.,,,,,,,1866,﻿,﻿,﻿Hartford,Hartford
﻿har.ct.0101,﻿church,not recorded,English,,,,,﻿Fairfield County,﻿New Fairfield,﻿New Fairfield,﻿CT,,41.466099,-73.485646,﻿har.ct.0055,﻿attended from Danbury,,,,,,,,,,,,1866,﻿,﻿,﻿Hartford,Hartford
﻿har.ct.0102,﻿church,not recorded,English,﻿church not dedicated,,,,﻿Litchfield County,﻿New Milford,﻿New Milford,﻿CT,,41.581076,-73.411529,﻿har.ct.0103,﻿attended from Newtown,,,,,,,,,,,,1866,﻿,﻿,﻿Hartford,Hartford
﻿har.ct.0103,﻿church,﻿St. Rose of Lima,English,,,,,﻿Fairfield County,﻿Newtown,﻿Newtown,﻿CT,,41.415571,-73.297756,,,,,﻿Rev.,﻿James Daly,,,,,,,,1866,﻿,﻿,﻿Hartford,Hartford
﻿har.ct.0104,﻿church,not recorded,English,﻿church not dedicated,,,,﻿Litchfield County,﻿Norfolk,﻿Norfolk,﻿CT,,41.994506,-73.201566,﻿har.ct.0140,﻿attended from Winsted,﻿once a month,,,,,,,,,,,1866,﻿,﻿,﻿Hartford,Hartford
﻿har.ct.0105,﻿church,not recorded,English,,,,,﻿Litchfield County,﻿New Preston,﻿New Preston,﻿CT,,41.675095,-73.351786,﻿har.ct.0103,﻿attended from Newtown,,,,,,,,,,,,1866,﻿,﻿,﻿Hartford,Hartford
﻿har.ct.0106,﻿church,not recorded,English,,,,,﻿Litchfield County,﻿North Canaan,﻿North Canaan,﻿CT,,42.024179,-73.324084,﻿har.ct.0059,﻿attended from Falls Village,﻿once a month,,,,,,,,,,,1866,﻿,﻿,﻿Hartford,Hartford
﻿har.ct.0107,﻿church,﻿St. Mary's,English,,,,,﻿Fairfield County,﻿Norwalk,﻿Norwalk,﻿CT,,41.117744,-73.408157,,,,,﻿Rev.,﻿Peter A. Smith,,,,,,,,1866,﻿,﻿,﻿Hartford,Hartford
﻿har.ct.0108,﻿church,﻿St. Mary's,English,,,,,﻿New London County,﻿Norwich,﻿Norwich,﻿CT,,41.529754,-72.059916,,,,,﻿Rev.,﻿Daniel Kelly,,,,,,,,1866,﻿,﻿,﻿Hartford,Hartford
﻿har.ct.0109,﻿church,not recorded,English,,,,,﻿Windham County,﻿Onico,﻿Oneco,﻿CT,,41.693585,-71.81303,﻿har.ct.0090,﻿attended from Moosup,,,,,,,,,,,,1866,﻿,﻿,﻿Hartford,Hartford
﻿har.ct.0110,﻿church,not recorded,English,,,,,﻿Hartford County,﻿Plainville,﻿Plainville,﻿CT,,41.675746,-72.863363,﻿har.ct.0093,﻿attended from New Britain,﻿once a month,,,,,,,,,,,1866,﻿,﻿,﻿Hartford,Hartford
﻿har.ct.0111,﻿church,not recorded,English,,,,,﻿Litchfield County,﻿Plymouth,﻿Plymouth,﻿CT,,41.672042,-73.052885,﻿har.ct.0012,﻿attended from Bristol,,,,,,,,,,,,1866,﻿,﻿,﻿Hartford,Hartford
﻿har.ct.0113,﻿church,not recorded,English,,,,,﻿Hartford County,﻿Poquonock,﻿Poquonock,﻿CT,,41.904885,-72.679049,﻿har.ct.0142,﻿attended from Windsor Locks,﻿twice a month,,,,,,,,,,,1866,﻿,﻿,﻿Hartford,Hartford
﻿har.ct.0114,﻿church,not recorded,English,﻿church not dedicated,,,,﻿Windham County,﻿Putnam,﻿Putnam,﻿CT,,41.904601,-71.868992,﻿har.ct.0022,﻿attended from Harrisville,﻿Mass every second Sunday,,,,,,,,,,,1866,﻿,﻿,﻿Hartford,Hartford
﻿har.ct.0115,﻿church,not recorded,English,,,,,﻿Hartford County,﻿Rainbow,﻿Rainbow,﻿CT,,41.925237,-72.703068,﻿har.ct.0142,﻿attended from Windsor Locks,,,,,,,,,,,,1866,﻿,﻿,﻿Hartford,Hartford
﻿har.ct.0116,﻿church,not recorded,English,,,,,﻿Fairfield County,﻿Reading Ridge,﻿Redding,﻿CT,,41.30454,-73.392898,﻿har.ct.0055,﻿attended from Danbury,,,,,,,,,,,,1866,﻿,﻿,﻿Hartford,Hartford
﻿har.ct.0117,﻿church,not recorded,English,,,,,﻿Fairfield County,﻿Ridgefield,﻿Ridgefield,﻿CT,,41.284063,-73.497541,﻿har.ct.0055,﻿attended from Danbury,,,,,,,,,,,,1866,﻿,﻿,﻿Hartford,Hartford
﻿har.ct.0118,﻿church,﻿St. Bernard's,English,,,,,﻿Tolland County,﻿Rockville,﻿Rockville,﻿CT,,41.868512,-72.446764,,,,﻿h_j_oreilly_001,﻿Rev.,﻿Hugh J. O'Reilly,,,,,,,,1866,﻿,﻿,﻿Hartford,Hartford
﻿har.ct.0119,﻿church,not recorded,English,﻿church not dedicated,,,,﻿Middlesex County,﻿Saybrook,﻿Old Saybrook,﻿CT,,41.296016,-72.38453,﻿har.ct.0043,﻿attended from Branford,,,,,,,,,,,,1866,﻿,﻿,﻿Hartford,Hartford
﻿har.ct.0120,﻿church,not recorded,English,,,,,﻿Fairfield County,﻿Sherman,﻿Sherman,﻿CT,,41.578642,-73.497418,﻿har.ct.0103,﻿attended from Newtown,,,,,,,,,,,,1866,﻿,﻿,﻿Hartford,Hartford
﻿har.ct.0121,﻿church,﻿St. Augustine's,English,,,,,﻿New Haven County,﻿Seymour,﻿Seymour,﻿CT,,41.391945,-73.072226,,﻿attended from New-Haven,﻿Mass every Sunday,,,,,,,,,,,1866,﻿,﻿,﻿Hartford,Hartford
﻿har.ct.0122,﻿church,not recorded,English,,,,,﻿Litchfield County,﻿Sharon Springs,﻿Sharon,﻿CT,,41.879375,-73.47687,﻿har.ct.0059,﻿attended from Falls Village,﻿once a month,,,,,,,,,,,1866,﻿,﻿,﻿Hartford,Hartford
﻿har.ct.0123,﻿church,not recorded,English,,,,,﻿Tolland County,﻿Stafford,﻿Stafford,﻿CT,,41.955238,-72.308115,﻿har.ct.0143,﻿attended from Willimantic,﻿once a month,,,,,,,,,,,1866,﻿,﻿,﻿Hartford,Hartford
﻿har.ct.0124,﻿church,﻿St. John's,English,,,,,﻿Fairfield County,﻿Stamford,﻿Stamford,﻿CT,,41.051736,-73.539738,,,,,﻿Rev.,﻿James O'Neill,,,,,,,,1866,﻿,﻿,﻿Hartford,Hartford
﻿har.ct.0125,﻿church,﻿St. Mary's,English,,,,,﻿New London County,﻿Stonington,﻿Stonington,﻿CT,,41.347784,-71.916121,﻿har.ct.0136,﻿attended from Westerly,,,,,,,,,,,,1866,﻿,﻿,﻿Hartford,Hartford
﻿har.ct.0126,﻿church,not recorded,English,,,,,﻿Fairfield County,﻿Stratford,﻿Stratford,﻿CT,,41.184541,-73.133165,﻿har.ct.0040,﻿attended from East-Bridgeport,,,,,,,,,,,,1866,﻿,﻿,﻿Hartford,Hartford
﻿har.ct.0127,﻿church,﻿St. Thomas',English,,,,,﻿Hartford County,﻿Southington,﻿Southington,﻿CT,,41.595891,-72.882129,,,,,﻿Rev.,﻿Thomas Drea,,,,,,,,1866,﻿,﻿,﻿Hartford,Hartford
﻿har.ct.0128,﻿church,﻿St. Paul's,English,,,,,﻿Hartford County,﻿Tariffville,﻿Tariffville,﻿CT,,41.908709,-72.760095,﻿har.ct.0052,﻿attended from Collinsville,﻿Mass every second Sunday,,,,,,,,,,,1866,﻿,﻿,﻿Hartford,Hartford
﻿har.ct.0129,﻿church,not recorded,English,,,,﻿Hartford County,﻿Litchfield County,﻿Terryville,﻿Terryville,﻿CT,,41.678153,-73.010939,﻿har.ct.0012,﻿attended from Bristol,﻿Mass every second Sunday,,,,,,,,,,,1866,﻿,﻿,﻿Hartford,Hartford
﻿har.ct.0130,﻿church,﻿St. Patrick's,English,,,,,﻿Hartford County,﻿Thompsonville,﻿Thompsonville,﻿CT,,41.991177,-72.597888,,,,,﻿Rev.,﻿Bernard Tully,,,,,,,,1866,﻿,﻿,﻿Hartford,Hartford
﻿har.ct.0132,﻿church,﻿Most Holy Trinity,English,,,,,﻿New Haven County,﻿Wallingford,﻿Wallingford,﻿CT,,41.455541,-72.819185,﻿har.ct.0086,﻿attended from Meriden,﻿Mass every Sunday,,,,,,,,,,,1866,﻿,﻿,﻿Hartford,Hartford
﻿har.ct.0133,﻿church,﻿Immaculate Conception,English,,,,,﻿New Haven County,﻿Waterbury,﻿Waterbury,﻿CT,,41.558153,-73.051496,,,,,﻿Rev.,﻿Thomas F. Hendricken,,﻿Pastor,,,,,,1866,﻿,﻿,﻿Hartford,Hartford
﻿har.ct.0133,﻿church,﻿Immaculate Conception,English,,,,,﻿New Haven County,﻿Waterbury,﻿Waterbury,﻿CT,,41.558153,-73.051496,,,,,﻿Rev.,﻿John McCabe,,,,,,,,1866,﻿,﻿,﻿Hartford,Hartford
﻿har.ct.0134,﻿church,not recorded,English,,,,,﻿Litchfield County,﻿Watertown,﻿Watertown,﻿CT,,41.606204,-73.11834,﻿har.ct.0133,﻿attended from Waterbury,,,,,,,,,,,,1866,﻿,﻿,﻿Hartford,Hartford
﻿har.ct.0136,﻿church,﻿St. Michael's,English,,,,﻿New-London Co.,﻿Washington County,﻿Westerly,﻿Westerly,﻿RI,,41.356064,-71.81157,,,,,﻿Rev.,﻿Patrick Sherry,,,,,,,,1866,﻿,﻿,﻿Hartford,Hartford
﻿har.ct.0137,﻿church,not recorded,English,,,,,﻿Middlesex County,﻿Westbrook,﻿Westbrook,﻿CT,,41.295974,-72.464156,﻿har.ct.0043,﻿attended from Branford,,,,,,,,,,,,1866,﻿,﻿,﻿Hartford,Hartford
﻿har.ct.0139,﻿church,﻿Church of the Assumption,English,,,,,﻿Fairfield County,﻿Westport,﻿Westport,﻿CT,,41.136319,-73.3652,﻿har.ct.0107,﻿attended from Norwalk,﻿twice a month,,,,,,,,,,,1866,﻿,﻿,﻿Hartford,Hartford
﻿har.ct.0148_02,﻿church,not recorded,English,,﻿St. Joseph's Convent,,,﻿Litchfield County,﻿Winsted,﻿Winsted,﻿CT,,41.921391,-73.064674,,,,,﻿Rev.,﻿Leo da Saracena,﻿O.S.F.,﻿Pastor,,,,,,1866,﻿,﻿,﻿Hartford,Hartford
﻿har.ct.0148_02,﻿church,not recorded,English,,﻿St. Joseph's Convent,,,﻿Litchfield County,﻿Winsted,﻿Winsted,﻿CT,,41.921391,-73.064674,,,,,﻿Rev.,﻿Leo da Napoli,﻿O.S.F.,,,,,,,1866,﻿,﻿,﻿Hartford,Hartford
﻿har.ct.0148_02,﻿church,not recorded,English,,﻿St. Joseph's Convent,,,﻿Litchfield County,﻿Winsted,﻿Winsted,﻿CT,,41.921391,-73.064674,,,,,﻿Rev. F.,﻿Jerome Collins,﻿O.S.F.,,,,,,,1866,﻿,﻿,﻿Hartford,Hartford
﻿har.ct.0148_02,﻿church,not recorded,English,,﻿St. Joseph's Convent,,,﻿Litchfield County,﻿Winsted,﻿Winsted,﻿CT,,41.921391,-73.064674,,,,,﻿Brother,﻿Umile Buttler,,,,,,,,1866,﻿,﻿,﻿Hartford,Hartford
﻿har.ct.0142,﻿church,﻿St. Mary's,English,,,,,﻿Hartford County,﻿Windsor Locks,﻿Windsor Locks,﻿CT,,41.930185,-72.629537,,,,,﻿Rev.,﻿James Smyth,,,,,,,,1866,﻿,﻿,﻿Hartford,Hartford
﻿har.ct.0143,﻿church,﻿St. Joseph's,English,,,,,﻿Windham County,﻿Willimantic,﻿Willimantic,﻿CT,,41.713293,-72.207127,,,,,﻿Rev.,﻿Florence De Bruycker,,﻿Pastor,,,,,,1866,﻿,﻿,﻿Hartford,Hartford
﻿har.ct.0143,﻿church,﻿St. Joseph's,English,,,,,﻿Windham County,﻿Willimantic,﻿Willimantic,﻿CT,,41.713293,-72.207127,,,,﻿eug_j_vygen_001,﻿Rev.,﻿Eugene Vygen,,,,,,,,1866,﻿,﻿,﻿Hartford,Hartford
﻿har.ct.0144,﻿church,not recorded,English,﻿church not dedicated,,,,﻿Litchfield County,﻿Walcotville,﻿Torrington,﻿CT,,41.800305,-73.121171,﻿har.ct.0140,﻿attended from Winsted,,,,,,,,,,,,1866,﻿,﻿,﻿Hartford,Hartford
﻿har.ct.0145,﻿church,not recorded,English,,,,﻿New Haven Co.,﻿Litchfield County,﻿Woodbury,﻿Woodbury,﻿CT,,41.54454,-73.209002,﻿har.ct.0133,﻿attended from Waterbury,﻿every second Sunday,,,,,,,,,,,1866,﻿,﻿,﻿Hartford,Hartford
﻿har.ct.0146,﻿church,not recorded,English,,,,,﻿Hartford County,﻿Wethersfield,﻿Wethersfield,﻿CT,,41.706354,-72.659624,﻿har.ct.0077,"﻿attended from St. Peter's, Hartford",﻿twice a month,,,,,,,,,,,1866,﻿,﻿,﻿Hartford,Hartford
﻿har.ct.0147,﻿church,not recorded,English,,,,,﻿New London County,﻿Uncas,﻿Uncasville,﻿CT,,41.431721,-72.110094,﻿har.ct.0095,﻿attended from New London,,,,,,,,,,,,1866,﻿,﻿,﻿Hartford,Hartford
﻿har.ct.0131,﻿church,not recorded,English,,,,,﻿Hartford County,﻿Unionsville,﻿Unionville,﻿CT,,41.760237,-72.888846,﻿har.ct.0052,﻿attended from Collinsville,,,,,,,,,,,,1866,﻿,﻿,﻿Hartford,Hartford
﻿har.ct.0150,﻿convent,﻿St. Francis Xavier's Convent of Mercy,English,,,,,,﻿Providence,﻿Providence,﻿RI,,41.818852,-71.415268,,,,,﻿Sister,﻿Mary Bernard Xavier Reade,,﻿Superior,,﻿religious,"﻿professed sieters, 15",,,1866,﻿,﻿,﻿Hartford,Hartford
﻿har.ct.0150,﻿convent,﻿St. Francis Xavier's Convent of Mercy,English,,,,,,﻿Providence,﻿Providence,﻿RI,,41.818852,-71.415268,,,,,,,,,,﻿religious,"﻿novices, 4",,,1866,﻿,﻿,﻿Hartford,Hartford
﻿har.ct.0150,﻿convent,﻿St. Francis Xavier's Convent of Mercy,English,,,,,,﻿Providence,﻿Providence,﻿RI,,41.818852,-71.415268,,,,,,,,,,﻿religious,"﻿postulants, 8",,,1866,﻿,﻿,﻿Hartford,Hartford
﻿har.ct.0150,﻿convent,﻿St. Francis Xavier's Convent of Mercy,English,,,,,,﻿Providence,﻿Providence,﻿RI,,41.818852,-71.415268,,,,,,,,,,﻿layperson,"﻿lay sisters, 9",,,1866,﻿,﻿,﻿Hartford,Hartford
﻿har.ct.0151,"﻿academy, school",﻿St. Francis Xavier's Academy and Boarding-School,English,"﻿This Institution, conducted by the Sisters of Mercy, is situated in the most healthy part of the city. A spacious and beautiful addition has been recently added to the building. No efforts have been spared to render the Academy in every way worthy of an extensive patronage.",,,﻿Claverick street,,﻿Providence,﻿Providence,﻿RI,,41.818965,-71.415015,,,,,﻿Sister,﻿Mary Bernard Xavier Reade,,﻿Superior,,﻿student,"﻿Number of pupils, 100",,,1866,﻿,﻿,﻿Hartford,Hartford
﻿har.ct.0157,﻿asylum,﻿St. Aloysius' Orphan Asylum,English,,,,,,﻿Providence,﻿Providence,﻿RI,,41.821092,-71.414004,,,,,﻿Sister,﻿Mary Josephine Angela Fitzgerald,,﻿Superior,,﻿child,"﻿boys, 102",﻿Directed by the Sisters of Mercy,,1866,﻿,﻿,﻿Hartford,Hartford
﻿har.ct.0157,﻿asylum,﻿St. Aloysius' Orphan Asylum,English,,,,,,﻿Providence,﻿Providence,﻿RI,,41.821092,-71.414004,,,,,,,,,,﻿child,"﻿girls, 78",﻿Directed by the Sisters of Mercy,,1866,﻿,﻿,﻿Hartford,Hartford
﻿har.ct.0152,﻿convent,﻿Convent of the Sisters of Mercy,English,,,,,,﻿Newport,﻿Newport,﻿RI,,41.490102,-71.312828,,,,,﻿Sister,﻿De Pazzi,,﻿Superior,,﻿religious,"﻿professed sisters, 4",,,1866,﻿,﻿,﻿Hartford,Hartford
﻿har.ct.0152,﻿convent,﻿Convent of the Sisters of Mercy,English,,,,,,﻿Newport,﻿Newport,﻿RI,,41.490102,-71.312828,,,,,,,,,,﻿religious,"﻿novice, 1",,,1866,﻿,﻿,﻿Hartford,Hartford
﻿har.ct.0152,﻿convent,﻿Convent of the Sisters of Mercy,English,,,,,,﻿Newport,﻿Newport,﻿RI,,41.490102,-71.312828,,,,,,,,,,﻿religious,"﻿postulant, 1",,,1866,﻿,﻿,﻿Hartford,Hartford
﻿har.ct.0153,﻿academy,﻿St. Mary's Academy and Boarding-School,English,,,,,,﻿Newport,﻿Newport,﻿RI,,41.580095,-71.477429,,,,,,,,,,﻿teacher,"﻿number of scholars, 250",,,1866,﻿,﻿,﻿Hartford,Hartford
﻿har.ct.0153,﻿academy,﻿St. Mary's Academy and Boarding-School,English,,,,,,﻿Newport,﻿Newport,﻿RI,,41.580095,-71.477429,,,,,,,,,,﻿boarder,"﻿boarders, 9",,,1866,﻿,﻿,﻿Hartford,Hartford
﻿har.ct.0154,﻿convent,﻿Convent of the Sisters of Mercy,English,,,,,,﻿Pawtucket,﻿Pawtucket,﻿RI,,41.876689,-71.402059,,,,,﻿Sister,﻿Camillus Purcell,,﻿Superior,,﻿religious,"﻿Professed sisters, 4",,,1866,﻿,﻿,﻿Hartford,Hartford
﻿har.ct.0154,﻿convent,﻿Convent of the Sisters of Mercy,English,,,,,,﻿Pawtucket,﻿Pawtucket,﻿RI,,41.876689,-71.402059,,,,,,,,,,﻿religious,"﻿novices, 3",,,1866,﻿,﻿,﻿Hartford,Hartford
﻿har.ct.0162,﻿convent,﻿Convent of the Sisters of Mercy,English,,,,,,﻿New Haven,﻿New Haven,﻿CT,,41.308085,-72.936739,,,,,﻿Sister,﻿Borgia Douglass,,﻿Superior,,﻿religious,"﻿professed sisters, 9",,,1866,﻿,﻿,﻿Hartford,Hartford
﻿har.ct.0162,﻿convent,﻿Convent of the Sisters of Mercy,English,,,,,,﻿New Haven,﻿New Haven,﻿CT,,41.308085,-72.936739,,,,,,,,,,﻿religious,"﻿novices, 4",,,1866,﻿,﻿,﻿Hartford,Hartford
﻿har.ct.0163,﻿academy,﻿St. Mary's Academy,English,,,,,,﻿New Haven,﻿New Haven,﻿CT,,41.29695,-72.945014,,,,,,,,,,﻿teacher,"﻿number of scholars, 200",﻿directed by the Sisters of Mercy,,1866,﻿,﻿,﻿Hartford,Hartford
﻿har.ct.0166,﻿convent,﻿Convent of St. Margaret of Cortona,English,,,,,,﻿Winsted,﻿Winsted,﻿CT,,,,,,,,﻿Sister,﻿Seraphim,,﻿Superior,,﻿religious,﻿2 professed sisters,﻿Sisters of the Third Order of St. Francis,,1866,﻿,﻿,﻿Hartford,Hartford
﻿har.ct.0166,﻿convent,﻿Convent of St. Margaret of Cortona,English,,,,,,﻿Winsted,﻿Winsted,﻿CT,,,,,,,,,,,,,﻿religious,﻿1 postulant,﻿Sisters of the Third Order of St. Francis,,1866,﻿,﻿,﻿Hartford,Hartford
﻿har.ct.0166,﻿asylum,﻿Orphan Asylum,English,,,,,,﻿New Haven,﻿Winsted,﻿CT,,,,,,,,﻿Sister,﻿M. Ulrica,,﻿Sister-Servant,,﻿child,"﻿orphans, 80",﻿directed by the Sisters of Charity,,1866,﻿,﻿,﻿Hartford,Hartford
﻿har.ct.0158,﻿convent,﻿Convent of the Sisters of Mercy,English,,,,,,﻿Hartford,﻿Hartford,﻿CT,,41.769265,-72.678812,,,,,,,,,,﻿religious,"﻿professed sisters, 12",,,1866,﻿,﻿,﻿Hartford,Hartford
﻿har.ct.0158,﻿convent,﻿Convent of the Sisters of Mercy,English,,,,,,﻿Hartford,﻿Hartford,﻿CT,,41.769265,-72.678812,,,,,,,,,,﻿religious,"﻿novices, 6",,,1866,﻿,﻿,﻿Hartford,Hartford
﻿har.ct.0158,﻿academy,﻿Academy of the Immaculate Conception,English,,,,,,﻿Hartford,﻿Hartford,﻿CT,,41.769265,-72.678812,,,,,,,,,,﻿student,"﻿number of pupils, 80",﻿under the direction of the Sisters of Mercy,,1866,﻿,﻿,﻿Hartford,Hartford
﻿har.ct.0001_02,﻿school,not recorded,English,"﻿Boys under the charge of the Sisters of Mercy and lay teachers, girls under the direction of the Sisters of Mercy",﻿Cathedral,,,,﻿Providence,﻿Providence,﻿RI,,41.819311,-71.416583,,,,,,,,,,﻿child,"﻿boys, 400",﻿Sisters of Mercy,,1866,﻿,﻿,﻿Hartford,Hartford
﻿har.ct.0001_02,﻿school,not recorded,English,"﻿Boys under the charge of the Sisters of Mercy and lay teachers, girls under the direction of the Sisters of Mercy",﻿Cathedral,,,,﻿Providence,﻿Providence,﻿RI,,41.819311,-71.416583,,,,,,,,,,﻿child,"﻿girls, 420",﻿Sisters of Mercy,,1866,﻿,﻿,﻿Hartford,Hartford
﻿har.ct.0169,﻿school,﻿School of the Holy Angels,English,,,,,,,﻿Providence,,﻿RI,41.822698,-71.412279,,,,,,,,,,﻿child,"﻿boys, 120",﻿in charge of Sisters of Mercy,,1866,﻿,﻿,﻿Hartford,Hartford
﻿har.ct.0169,﻿school,﻿School of the Holy Angels,English,,,,,,,﻿Providence,,,41.822698,-71.412279,,,,,,,,,,﻿child,"﻿girls, 125",﻿in charge of Sisters of Mercy,,1866,﻿,﻿,﻿Hartford,Hartford
﻿har.ct.0005_02,﻿school,not recorded,English,"﻿Boys under the charge of lay teachers, girls under the charge of four Sisters of Mercy",﻿Immaculate Conception,,,,﻿Providence,﻿Providence,﻿RI,,41.823989,-71.412834,,,,,,,,,,﻿child,"﻿boys, 350",﻿Sisters of Mercy,,1866,﻿,﻿,﻿Hartford,Hartford
﻿har.ct.0005_02,﻿school,not recorded,English,"﻿Boys under the charge of lay teachers, girls under the charge of four Sisters of Mercy",﻿Immaculate Conception,,,,﻿Providence,﻿Providence,﻿RI,,41.823989,-71.412834,,,,,,,,,,﻿child,"﻿girls, 500",﻿Sisters of Mercy,,1866,﻿,﻿,﻿Hartford,Hartford
﻿har.ct.0002_02,﻿school,not recorded,English,,﻿St. Patrick's,,,,﻿Providence,﻿Providence,﻿RI,,41.8326,-71.419564,,,,,,,,,,﻿child,"﻿boys, 85",﻿Sisters of Mercy,,1866,﻿,﻿,﻿Hartford,Hartford
﻿har.ct.0002_02,﻿school,not recorded,English,,﻿St. Patrick's,,,,﻿Providence,﻿Providence,﻿RI,,41.8326,-71.419564,,,,,,,,,,﻿child,"﻿girls, 190",﻿Sisters of Mercy,,1866,﻿,﻿,﻿Hartford,Hartford
﻿har.ct.0026_02,﻿school,not recorded,English,,﻿St. Mary's,,,,﻿Pawtucket,﻿Pawtucket,﻿RI,,41.878711,-71.382556,,,,,,,,,,﻿child,"﻿boys, 170",﻿Sisters of Mercy,,1866,﻿,﻿,﻿Hartford,Hartford
﻿har.ct.0026_02,﻿school,not recorded,English,,﻿St. Mary's,,,,﻿Pawtucket,﻿Pawtucket,﻿RI,,41.878711,-71.382556,,,,,,,,,,﻿child,"﻿girls, 200",﻿Sisters of Mercy,,1866,﻿,﻿,﻿Hartford,Hartford
﻿har.ct.0035_02,﻿school,not recorded,English,﻿boys and girls under secular teachers,﻿St. Charles',,,,﻿Woonsocket,﻿Woonsocket,﻿RI,,42.008323,-71.513785,,,,,,,,,,﻿child,"﻿boys, 100",,,1866,﻿,﻿,﻿Hartford,Hartford
﻿har.ct.0035_02,﻿school,not recorded,English,﻿boys and girls under secular teachers,﻿St. Charles',,,,﻿Woonsocket,﻿Woonsocket,﻿RI,,42.008323,-71.513785,,,,,,,,,,﻿child,"﻿girls, 100",,,1866,﻿,﻿,﻿Hartford,Hartford
﻿har.ct.0025_02,﻿school,not recorded,English,"﻿Boys under one lay teacher, girls under the charge of the Sisters of Mercy",﻿St. Mary's,,,,﻿Newport,﻿Newport,﻿RI,,41.484199,-71.308439,,,,,,,,,,﻿child,"﻿boys, 250",﻿Sisters of Mercy,,1866,﻿,﻿,﻿Hartford,Hartford
﻿har.ct.0025_02,﻿school,not recorded,English,"﻿Boys under one lay teacher, girls under the charge of the Sisters of Mercy",﻿St. Mary's,,,,﻿Newport,﻿Newport,﻿RI,,41.484199,-71.308439,,,,,,,,,,﻿child,"﻿girls, 250",﻿Sisters of Mercy,,1866,﻿,﻿,﻿Hartford,Hartford
﻿har.ct.0097_02,﻿school,not recorded,English,"﻿Boys under the direction of one lay teacher, girls under the charge of Sisters of Mercy",﻿St. Mary's,,,,﻿New-Haven,﻿New Haven,﻿CT,,41.311921,-72.923824,,,,,,,,,,﻿child,"﻿boys, 175",﻿Sisters of Mercy,,1866,﻿,﻿,﻿Hartford,Hartford
﻿har.ct.0097_02,﻿school,not recorded,English,"﻿Boys under the direction of one lay teacher, girls under the charge of Sisters of Mercy",﻿St. Mary's,,,,﻿New-Haven,﻿New Haven,﻿CT,,41.311921,-72.923824,,,,,,,,,,﻿child,"﻿girls, 160",﻿Sisters of Mercy,,1866,﻿,﻿,﻿Hartford,Hartford
﻿har.ct.0098_02,﻿school,not recorded,English,"﻿boys, lay teachers; girls, Sisters of Mercy",﻿St. Patrick's,,,,﻿New-Haven,﻿New Haven,﻿CT,,41.296715,-72.943131,,,,,,,,,,﻿child,"﻿boys, 250",﻿Sisters of Mercy,,1866,﻿,﻿,﻿Hartford,Hartford
﻿har.ct.0098_02,﻿school,not recorded,English,"﻿boys, lay teachers; girls, Sisters of Mercy",﻿St. Patrick's,,,,﻿New-Haven,﻿New Haven,﻿CT,,41.296715,-72.943131,,,,,,,,,,﻿child,"﻿girls, 350",﻿Sisters of Mercy,,1866,﻿,﻿,﻿Hartford,Hartford
﻿har.ct.0076_02,﻿school,not recorded,English,"﻿Boys under Sisters of Mercy and secular teacher, girls directed by the Sisters of Mercy",﻿St. Patrick's,,,,﻿Hartford,﻿Hartford,﻿CT,,41.782096,-72.682856,,,,,,,,,,﻿child,"﻿boys, 325",﻿Sisters of Mercy,,1866,﻿,﻿,﻿Hartford,Hartford
﻿har.ct.0076_02,﻿school,not recorded,English,"﻿Boys under Sisters of Mercy and secular teacher, girls directed by the Sisters of Mercy",﻿St. Patrick's,,,,﻿Hartford,﻿Hartford,﻿CT,,41.782096,-72.682856,,,,,,,,,,﻿child,"﻿girls, 300",﻿Sisters of Mercy,,1866,﻿,﻿,﻿Hartford,Hartford
﻿har.ct.0077_02,﻿school,not recorded,English,,﻿St. Peter's,,,,﻿Hartford,﻿Hartford,﻿CT,,41.757322,-72.674281,,,,,,,,,,,,,,1866,﻿,﻿,﻿Hartford,Hartford
﻿har.ct.0133_02,﻿school,not recorded,English,"﻿Boys under the charge of lay teachers, girls under the direction of secular teachers",﻿Immaculate Conception,,,,﻿Waterbury,﻿Waterbury,﻿CT,,41.558153,-73.051496,,,,,,,,,,﻿child,"﻿boys, 200",,,1866,﻿,﻿,﻿Hartford,Hartford
﻿har.ct.0133_02,﻿school,not recorded,English,"﻿Boys under the charge of lay teachers, girls under the direction of secular teachers",﻿Immaculate Conception,,,,﻿Waterbury,﻿Waterbury,﻿CT,,41.558153,-73.051496,,,,,,,,,,﻿child,"﻿girls, 175",,,1866,﻿,﻿,﻿Hartford,Hartford
﻿har.ct.0093_02,﻿school,not recorded,English,﻿lay teachers,﻿St. Mary's,,,,﻿New-Britain,﻿New Britain,﻿CT,,41.672076,-72.78271,,,,,,,,,,﻿child,"﻿boys, 170",,,1866,﻿,﻿,﻿Hartford,Hartford
﻿har.ct.0093_02,﻿school,not recorded,English,﻿lay teachers,﻿St. Mary's,,,,﻿New-Britain,﻿New Britain,﻿CT,,41.672076,-72.78271,,,,,,,,,,﻿child,"﻿girls, 132",,,1866,﻿,﻿,﻿Hartford,Hartford
﻿har.ct.0086_02,﻿school,not recorded,English,﻿lay teachers,﻿St. Rose of Lima,,,,﻿Meriden,﻿Meriden,﻿CT,,41.534956,-72.793037,,,,,,,,,,﻿child,"﻿boys, 75",,,1866,﻿,﻿,﻿Hartford,Hartford
﻿har.ct.0086_02,﻿school,not recorded,English,﻿lay teachers,﻿St. Rose of Lima,,,,﻿Meriden,﻿Meriden,﻿CT,,41.534956,-72.793037,,,,,,,,,,﻿child,"﻿girls, 75",,,1866,﻿,﻿,﻿Hartford,Hartford
﻿har.ct.0132_02,﻿school,not recorded,English,﻿lay teachers,﻿Most Holy Trinity,,,,﻿Wallingford,﻿Wallingford,﻿CT,,41.455541,-72.819185,,,,,,,,,,﻿child,"﻿boys, 45",,,1866,﻿,﻿,﻿Hartford,Hartford
﻿har.ct.0132_02,﻿school,not recorded,English,﻿lay teachers,﻿Most Holy Trinity,,,,﻿Wallingford,﻿Wallingford,﻿CT,,41.455541,-72.819185,,,,,,,,,,﻿child,"﻿girls, 45",,,1866,﻿,﻿,﻿Hartford,Hartford
﻿har.ct.0087_02,﻿school,not recorded,English,﻿lay teachers,﻿St. John's,,,,﻿Middletown,﻿Middletown,﻿CT,,41.567417,-72.652892,,,,,,,,,,﻿child,"﻿boys, 220",,,1866,﻿,﻿,﻿Hartford,Hartford
﻿har.ct.0087_02,﻿school,not recorded,English,﻿lay teachers,﻿St. John's,,,,﻿Middletown,﻿Middletown,﻿CT,,41.567417,-72.652892,,,,,,,,,,﻿child,"﻿girls, 261",,,1866,﻿,﻿,﻿Hartford,Hartford
﻿har.ct.0124_02,﻿school,not recorded,English,"﻿boys under the charge of one lay teacher, girls under the direction of one secular teacher",﻿St. John's,,,,﻿Stamford,﻿Stamford,﻿CT,,41.051736,-73.539738,,,,,,,,,,﻿child,"﻿boys, 125",,,1866,﻿,﻿,﻿Hartford,Hartford
﻿har.ct.0124_02,﻿school,not recorded,English,"﻿boys under the charge of one lay teacher, girls under the direction of one secular teacher",﻿St. John's,,,,﻿Stamford,﻿Stamford,﻿CT,,41.051736,-73.539738,,,,,,,,,,﻿child,"﻿girls, 130",,,1866,﻿,﻿,﻿Hartford,Hartford
﻿har.ct.0055_02,﻿school,not recorded,English,"﻿boys under the charge of one lay teacher, girls in charge of one secular teacher",﻿St. Peter's,,,,﻿Danbury,﻿Danbury,﻿CT,,41.392058,-73.448883,,,,,,,,,,﻿child,"﻿boys, 90",,,1866,﻿,﻿,﻿Hartford,Hartford
﻿har.ct.0055_02,﻿school,not recorded,English,"﻿boys under the charge of one lay teacher, girls in charge of one secular teacher",﻿St. Peter's,,,,﻿Danbury,﻿Danbury,﻿CT,,41.392058,-73.448883,,,,,,,,,,﻿child,"﻿girls, 115",,,1866,﻿,﻿,﻿Hartford,Hartford
﻿har.ct.0039_02,﻿school,not recorded,English,"﻿boys under the direction of one secular teacher, girls under the charge of one lay teacher",﻿St. James',,,,﻿Bridgeport,﻿Bridgeport,﻿CT,,41.180428,-73.19661,,,,,,,,,,﻿child,"﻿boys, 120",,,1866,﻿,﻿,﻿Hartford,Hartford
﻿har.ct.0039_02,﻿school,not recorded,English,"﻿boys under the direction of one secular teacher, girls under the charge of one lay teacher",﻿St. James',,,,﻿Bridgeport,﻿Bridgeport,﻿CT,,41.180428,-73.19661,,,,,,,,,,﻿child,"﻿girls, 130",,,1866,﻿,﻿,﻿Hartford,Hartford
﻿har.ct.0099_02,﻿school,not recorded,English,﻿lay teachers,﻿St. John's,,,,﻿New-Haven,﻿New Haven,﻿CT,,41.316121,-72.916763,,,,,,,,,,﻿child,"﻿boys, 200",,,1866,﻿,﻿,﻿Hartford,Hartford
﻿har.ct.0099_02,﻿school,not recorded,English,﻿lay teachers,﻿St. John's,,,,﻿New-Haven,﻿New Haven,﻿CT,,41.316121,-72.916763,,,,,,,,,,﻿child,"﻿girls, 200",,,1866,﻿,﻿,﻿Hartford,Hartford
﻿har.ct.0107_02,﻿school,not recorded,English,"﻿boys under the charge of one secular teacher, girls under the direction of one secular teacher",﻿St. Mary's,,,,﻿Norwalk,﻿Norwalk,﻿CT,,41.117744,-73.408157,,,,,,,,,,﻿child,"﻿boys, 75",,,1866,﻿,﻿,﻿Hartford,Hartford
﻿har.ct.0107_02,﻿school,not recorded,English,"﻿boys under the charge of one secular teacher, girls under the direction of one secular teacher",﻿St. Mary's,,,,﻿Norwalk,﻿Norwalk,﻿CT,,41.117744,-73.408157,,,,,,,,,,﻿child,"﻿girls, 80",,,1866,﻿,﻿,﻿Hartford,Hartford
﻿har.ct.0189,﻿school,not recorded,English,,﻿St. Anthony of Padua,,,,﻿Winsted,﻿Winsted,﻿CT,,41.923437,-73.064374,,,,,,,,,,﻿child,﻿130 girls and boys,﻿under the charge of the Sisters of the Third Order of St. Francis,,1866,﻿,﻿,﻿Hartford,Hartford
