instID,church_type,instName,language,instNote,placeName,region,county_orig,county_reg,city_orig,city_reg,state_orig,state_reg,latitude,longitude,attendingInstID,attendingChurch,attendingChurchFrequency,persID,persTitle,persName,persSuffix,persRole,persNote,memberType,member,affiliated,order,year,attendingPersID,attendingChurchNote,diocese,diocese_reg
﻿har.ct.0001,﻿cathedral,﻿Cathedral of SS. Peter and Paul,English,"﻿High Mass, at a quarter past ten A.M.  Vespers at three o'clock P.M.",,,,,﻿Providence,﻿Providence,﻿RI,,,,,,,﻿f_p_mcfarland_001,﻿Rt. Rev.,﻿F. P. McFarland,﻿D.D.,,,,,,,1868,﻿,﻿,﻿Hartford,Hartford
﻿har.ct.0001,﻿cathedral,﻿Cathedral of SS. Peter and Paul,English,"﻿High Mass, at a quarter past ten A.M.  Vespers at three o'clock P.M.",,,,,﻿Providence,﻿Providence,﻿RI,,,,,,,﻿pet_kelly_001,﻿Rev.,﻿Peter Kelly,,,,,,,,1868,﻿,﻿,﻿Hartford,Hartford
﻿har.ct.0001,﻿cathedral,﻿Cathedral of SS. Peter and Paul,English,"﻿High Mass, at a quarter past ten A.M.  Vespers at three o'clock P.M.",,,,,﻿Providence,﻿Providence,﻿RI,,,,,,,﻿mic_tierney_001,﻿Rev.,﻿Michael Tiernay,,,,,,,,1868,﻿,﻿,﻿Hartford,Hartford
﻿har.ct.0001,﻿cathedral,﻿Cathedral of SS. Peter and Paul,English,"﻿High Mass, at a quarter past ten A.M.  Vespers at three o'clock P.M.",,,,,﻿Providence,﻿Providence,﻿RI,,,,,,,﻿wil_h_brick_001,﻿Rev.,﻿Wm. H. Bric,,,,,,,,1868,﻿,﻿,﻿Hartford,Hartford
﻿har.ct.0002,﻿church,﻿St. Patrick's,English,,,,,,﻿Providence,﻿Providence,﻿RI,,,,,,,﻿mic_mccabe_001,﻿Rev.,﻿Michael McCabe,,﻿Pastor,,,,,,1868,﻿,﻿,﻿Hartford,Hartford
﻿har.ct.0003,﻿church,﻿St. Joseph's,English,,,,,,﻿Providence,﻿Providence,﻿RI,,,,,,,﻿dan_kelly_001,﻿Rev.,﻿Daniel Kelly,,,,,,,,1868,﻿,﻿,﻿Hartford,Hartford
﻿har.ct.0004,﻿church,﻿St. Mary's,English,﻿new church building,,,,,﻿Providence,﻿Providence,﻿RI,,,,,,,﻿joh_quinn_001,﻿Rev.,﻿John Quinn,﻿D.D.,﻿Pastor,,,,,,1868,﻿,﻿,﻿Hartford,Hartford
﻿har.ct.0004,﻿church,﻿St. Mary's,English,﻿new church building,,,,,﻿Providence,﻿Providence,﻿RI,,,,,,,﻿joh_s_flynn_001,﻿Rev.,﻿John S. Flynn,,,,,,,,1868,﻿,﻿,﻿Hartford,Hartford
﻿har.ct.0005,﻿church,﻿Immaculate Conception,English,,,,,﻿Providence County,﻿Providence,﻿Providence,﻿RI,,,,,,,﻿e_j_cooney_001,﻿Rev.,﻿Edward J. Cooney,,,,,,,,1868,﻿,﻿,﻿Hartford,Hartford
﻿har.ct.0005,﻿church,﻿Immaculate Conception,English,,,,,﻿Providence County,﻿Providence,﻿Providence,﻿RI,,,,,,,﻿ber_osheridan_001,﻿Rev.,﻿Ber. Sheridan,,,,,,,,1868,﻿,﻿,﻿Hartford,Hartford
﻿har.ct.0006,﻿church,﻿St. Bernard's,English,﻿new church building,,,,,﻿Providence,﻿Providence,﻿RI,,,,,,,﻿m_a_wallace_001,﻿Rev.,﻿Michael A. Wallace,,,,,,,,1868,﻿,﻿,﻿Hartford,Hartford
﻿har.ct.0008,﻿chapel,﻿St. Catharine's Chapel,English,,,,,﻿Providence County,﻿Providence,﻿Providence,﻿RI,,,,﻿har.ct.0001,﻿attended from Cathedral,,,,,,,,,,,,1868,﻿,﻿,﻿Hartford,Hartford
﻿har.ct.0157_02,﻿chapel,﻿St. Aloysius' Chapel,English,,﻿Orphan Asylum,,,﻿Providence County,﻿Providence,﻿Providence,﻿RI,,,,﻿har.ct.0006,﻿attended from St. Bernard's,,,,,,,,,,,,1868,﻿,﻿,﻿Hartford,Hartford
﻿har.ct.0009,﻿church,not recorded,English,,,,﻿Providence County,﻿Providence County,﻿Albion,﻿Albion,﻿RI,,,,﻿har.ct.0031,﻿attended from Valley Falls,﻿every second Sunday,,,,,,,,,,,1868,﻿,﻿,﻿Hartford,Hartford
﻿har.ct.0010,﻿church,not recorded,English,,,,,,﻿Appanany,﻿Apponaug,﻿RI,,,,﻿har.ct.0020,﻿attended from Greenwich,,,,,,,,,,,,1868,﻿,﻿,﻿Hartford,Hartford
﻿har.ct.0012,﻿church,﻿St. Mary's,English,,,,,﻿Bristol County,﻿Bristol,﻿Bristol,﻿RI,,,,﻿har.ct.0033,﻿attended from Warren,﻿Mass every Sunday,,,,,,,,,,,1868,﻿,﻿,﻿Hartford,Hartford
﻿har.ct.0013,﻿church,not recorded,English,,,,,﻿Washington County,﻿Carolina,﻿Carolina,﻿RI,,,,﻿har.ct.0136,﻿attended from Westerly,,,,,,,,,,,,1868,﻿,﻿,﻿Hartford,Hartford
﻿har.ct.0015,﻿church,not recorded,English,,,,,,﻿Coal Mines,,﻿RI,,,,﻿har.ct.0025,﻿attended from Newport,,,,,,,,,,,,1868,﻿,﻿,﻿Hartford,Hartford
﻿har.ct.0016,﻿church,﻿St. Anne's,English,,,,,﻿Providence County,﻿Cranston,﻿Cranston,﻿RI,,,,,,,﻿jos_obrien_001,﻿Rev.,﻿Joseph O'Brien,,,,,,,,1868,﻿,﻿,﻿Hartford,Hartford
﻿har.ct.0017,﻿church,﻿Our Lady of Mount Carmel,English,,,,,﻿Kent County,﻿Crompton,﻿Crompton,﻿RI,,,,,,,﻿jam_p_gibson_001,﻿Rev.,﻿James P. Gibson,,,,,,,,1868,﻿,﻿,﻿Hartford,Hartford
﻿har.ct.0020,﻿church,﻿Holy Name of Jesus,English,,,,,﻿Kent County,﻿Greenwich,﻿East Greenwich,﻿RI,,,,﻿har.ct.0027,"﻿attended from Phoenixville, Rev. James McCarten",﻿Mass every second Sunday,,,,,,,,,,,1868,﻿,﻿,﻿Hartford,Hartford
﻿har.ct.0021,﻿church,﻿St. Philip Neri,English,,,,,﻿Providence County,﻿Greenville,﻿Greenville,﻿RI,,,,,,,﻿mic_oreilly_004,﻿Rev.,﻿Michael O'Reilly,,,,,,,,1868,﻿,﻿,﻿Hartford,Hartford
﻿har.ct.0022,﻿church,﻿St. Patrick's,English,,,,,﻿Providence County,﻿Harrisville,﻿Harrisville,﻿RI,,,,,,,﻿jam_oreilly_003,﻿Rev.,﻿James O'Reilly,,,,,,,,1868,﻿,﻿,﻿Hartford,Hartford
﻿har.ct.0023,﻿church,not recorded,English,,,,,﻿Providence County,﻿Manville,﻿Manville,﻿RI,,,,﻿har.ct.0031,﻿attended from Valley Falls,,,,,,,,,,,,1868,﻿,﻿,﻿Hartford,Hartford
﻿har.ct.0025,﻿church,﻿Our Lady of the Isle,English,,,,,﻿Newport County,﻿Newport,﻿Newport,﻿RI,,,,,,,﻿wil_oreilly_001,﻿Very Rev.,﻿William O'Reilly,﻿V.G.,,,,,,,1868,﻿,﻿,﻿Hartford,Hartford
﻿har.ct.0025,﻿church,﻿Our Lady of the Isle,English,,,,,﻿Newport County,﻿Newport,﻿Newport,﻿RI,,,,,,,﻿edw_oconnor_002,﻿Rev.,﻿Edward O'Connor,,,,,,,,1868,﻿,﻿,﻿Hartford,Hartford
﻿har.ct.0026,﻿church,﻿Immaculate Conception,English,,,,,﻿Providence County,﻿Pawtucket,﻿Pawtucket,﻿RI,,,,,,,﻿p_g_delaney_001,﻿Rev.,﻿Patrick G. Delaney,,,,,,,,1868,﻿,﻿,﻿Hartford,Hartford
﻿har.ct.0026,﻿church,﻿Immaculate Conception,English,,,,,﻿Providence County,﻿Pawtucket,﻿Pawtucket,﻿RI,,,,,,,﻿pat_mckinna_001,﻿Rev.,﻿Patrick McKenna,,,,,,,,1868,﻿,﻿,﻿Hartford,Hartford
﻿har.ct.0027,﻿church,﻿SS. Peter and Paul,English,,,,,﻿Kent County,﻿Phoenixville,﻿West Warwick,﻿RI,,,,,,,﻿joh_a_couch_001,﻿Rev.,﻿John A. Couch,,,,,,,,1868,﻿,﻿,﻿Hartford,Hartford
﻿har.ct.0028,﻿church,not recorded,English,,,,,﻿Kent County,﻿Pontiac,﻿Pontiac,﻿RI,,,,﻿har.ct.0027,﻿from Phoenixville,,,,,,,,,,,,1868,﻿,﻿,﻿Hartford,Hartford
﻿har.ct.0028,﻿church,not recorded,English,,﻿Military Hospital,,,﻿Kent County,﻿Portsmouth Grove,﻿Pontiac,﻿RI,,,,﻿har.ct.0025,﻿attended from Newport,,,,,,,,,,,,1868,﻿,﻿,﻿Hartford,Hartford
﻿har.ct.0029,﻿church,not recorded,English,,,,,﻿Washington County,﻿Shady Lea,﻿Shady Lea Historic District,﻿RI,,,,﻿har.ct.0020,﻿attended from Greenwich,,,,,,,,,,,,1868,﻿,﻿,﻿Hartford,Hartford
﻿har.ct.0030,﻿church,not recorded,English,,,,,﻿Providence County,﻿Slatersville,﻿Slatersville,﻿RI,,,,﻿har.ct.0022,﻿attended from Harrisville,﻿Mass once a month,,,,,,,,,,,1868,﻿,﻿,﻿Hartford,Hartford
﻿har.ct.0031,﻿church,﻿St. Patrick's,English,,,,,﻿Providence County,﻿Valley Falls,﻿Valley Falls,﻿RI,,,,,,,﻿dan_mullen_001,﻿Rev.,﻿Daniel Mullen,,,,,,,,1868,﻿,﻿,﻿Hartford,Hartford
﻿har.ct.0032,﻿church,﻿St. Francis',English,,,,,﻿Washington County,﻿Wakefield,﻿Wakefield,﻿RI,,,,﻿har.ct.0020,﻿attended from Greenwich,,,,,,,,,,,,1868,﻿,﻿,﻿Hartford,Hartford
﻿har.ct.0033,﻿church,﻿St. Mary's,English,,,,,﻿Bristol County,﻿Warren,﻿Warren,﻿RI,,,,,,,﻿mic_mccallion_001,﻿Rev.,﻿Michael McCallion,,,,,,,,1868,﻿,﻿,﻿Hartford,Hartford
﻿har.ct.0033,﻿church,﻿St. Mary's,English,﻿church building,,,,﻿Bristol County,﻿Wanscut,﻿Warren,﻿RI,,,,﻿har.ct.0005,"﻿attended from Immaculate Conception Church, Providence",,,,,,,,,,,,1868,﻿,﻿,﻿Hartford,Hartford
﻿har.ct.0034,﻿church,not recorded,English,﻿new church building,,,,﻿Washington County,﻿Wickford,﻿Wickford,﻿RI,,,,﻿har.ct.0027,﻿attended from Phoenixville,,,,,,,,,,,,1868,﻿,﻿,﻿Hartford,Hartford
﻿har.ct.0035,﻿church,﻿St. Charles Borromeo,English,,,,﻿Cumberland Co.,﻿Providence County,﻿Woonsocket,﻿Woonsocket,﻿RI,,,,,,,﻿ber_oreilly_002,﻿Rev.,﻿Ber. O'Reilly,,,,,,,,1868,﻿,﻿,﻿Hartford,Hartford
﻿har.ct.0035,﻿church,﻿St. Charles Borromeo,English,,,,﻿Cumberland Co.,﻿Providence County,﻿Woonsocket,﻿Woonsocket,﻿RI,,,,,,,﻿law_walsh_001,﻿Rev.,﻿Laurence Walsh,,,,,,,,1868,﻿,﻿,﻿Hartford,Hartford
﻿har.ct.0036,﻿church,not recorded,English,﻿church building,,,,﻿New Haven County,﻿Ansonia,﻿Ansonia,﻿CT,,,,﻿har.ct.0041,﻿attended from Birmingham,,,,,,,,,,,,1868,﻿,﻿,﻿Hartford,Hartford
﻿har.ct.0037,﻿church,not recorded,English,,,,,﻿Hartford County,﻿Avon,﻿Avon,﻿CT,,,,﻿har.ct.0052,﻿attended from Collinsville,,,,,,,,,,,,1868,﻿,﻿,﻿Hartford,Hartford
﻿har.ct.0038,﻿church,﻿Immaculate Conception,English,,,,,﻿New London County,﻿Baltic,﻿Baltic,﻿CT,,,,﻿har.ct.0143,﻿attended from Willimantic,﻿every Sunday,,,,,,,,,,,1868,﻿,﻿,﻿Hartford,Hartford
﻿har.ct.0039,﻿church,﻿St. James',English,﻿new church building,,,,﻿Fairfield County,﻿Bridgeport,﻿Bridgeport,﻿CT,,,,,,,﻿tho_j_sinnott_001,﻿Rev.,﻿Thomas J. Sinnott,,,,,,,,1868,﻿,﻿,﻿Hartford,Hartford
﻿har.ct.0039,﻿church,﻿St. James',English,﻿new church building,,,,﻿Fairfield County,﻿Bridgeport,﻿Bridgeport,﻿CT,,,,,,,﻿tho_kane_001,﻿Rev.,﻿Thos. Kane,,,,,,,,1868,﻿,﻿,﻿Hartford,Hartford
﻿har.ct.0040,﻿church,﻿St. Mary's,English,,﻿East-Bridgeport,,,﻿Fairfield County,﻿Bridgeport,﻿Bridgeport,﻿CT,,,,,,,﻿ric_ogorman_001,﻿Rev.,﻿Richard O'Gorman,,,,,,,,1868,﻿,﻿,﻿Hartford,Hartford
﻿har.ct.0041,﻿church,﻿Immaculate Conception,English,,,,,﻿New Haven County,﻿Birmingham,﻿Derby,﻿CT,,,,,,,﻿pat_j_odwyer_001,﻿Rev.,﻿Patrick J. O'Dwyer,,,,,,,,1868,﻿,﻿,﻿Hartford,Hartford
﻿har.ct.0041,﻿church,﻿Immaculate Conception,English,,,,,﻿New Haven County,﻿Birmingham,﻿Derby,﻿CT,,,,,,,﻿jno_smith_001,﻿Rev.,﻿John Smith,,,,,,,,1868,﻿,﻿,﻿Hartford,Hartford
﻿har.ct.0042,﻿church,not recorded,English,,,,,﻿New London County,﻿Bozrah,﻿Bozrah,﻿CT,,,,﻿har.ct.0050,﻿attended from Colchester,,,,,,,,,,,,1868,﻿,﻿,﻿Hartford,Hartford
﻿har.ct.0043,﻿church,﻿Immaculate Conception,English,,,,,﻿New Haven County,﻿Branford,﻿Branford,﻿CT,,,,,,,﻿jam_f_campbell_001,﻿Rev.,﻿James F. Campbell,,,,,,,,1868,﻿,﻿,﻿Hartford,Hartford
﻿har.ct.0044,﻿church,﻿St. Joseph's,English,,,,,﻿Hartford County,﻿Bristol,﻿Bristol,﻿CT,,,,,,,﻿mic_rodden_001,﻿Rev.,﻿Michael B. Rodden,,,,,,,,1868,﻿,﻿,﻿Hartford,Hartford
﻿har.ct.0044,﻿church,﻿St. Joseph's,English,,,,,﻿Hartford County,﻿Bristol,﻿Bristol,﻿CT,,,,,,,﻿chr_duggett_001,﻿Rev.,﻿B. Duggett,,,,,,,,1868,﻿,﻿,﻿Hartford,Hartford
﻿har.ct.0045,﻿church,﻿St. Catharine's,English,,,,﻿Tolland Co.,﻿Hartford County,﻿Broadbrook,﻿Broad Brook,﻿CT,,,,﻿har.ct.0130,﻿attended from Thompsonville,,,,,,,,,,,,1868,﻿,﻿,﻿Hartford,Hartford
﻿har.ct.0046,﻿church,not recorded,English,,,,﻿Fairfield Co.,﻿Fairfield County,﻿Brookfield,﻿Brookfield,﻿CT,,,,﻿har.ct.0103,﻿attended from Newtown,,,,,,,,,,,,1868,﻿,﻿,﻿Hartford,Hartford
﻿har.ct.0047,﻿church,﻿St. Bridget's,English,,,,,﻿New Haven County,﻿Cheshire,﻿Cheshire,﻿CT,,,,,,,﻿tho_drea_001,﻿Rev.,﻿Thomas Drea,,,,,,,,1868,﻿,﻿,﻿Hartford,Hartford
﻿har.ct.0048,﻿church,﻿St. Joseph's,English,,,,﻿New Haven Co.,﻿Middlesex County,﻿Chester,﻿Chester,﻿CT,,,,﻿har.ct.0043,﻿attended from Branford,﻿Mass once a month,,,,,,,,,,,1868,﻿,﻿,﻿Hartford,Hartford
﻿har.ct.0049,﻿church,not recorded,English,,,,﻿New Haven Co.,﻿Middlesex County,﻿Clinton,﻿Clinton,﻿CT,,,,﻿har.ct.0043,﻿attended from Branford,,,,,,,,,,,,1868,﻿,﻿,﻿Hartford,Hartford
﻿har.ct.0050,﻿church,﻿St. Andrew's,English,,,,,﻿New London County,﻿Colchester,﻿Colchester,﻿CT,,,,,,,﻿jam_mccarten_001,﻿Rev.,﻿James McCarten,,,,,,,,1868,﻿,﻿,﻿Hartford,Hartford
﻿har.ct.0051,﻿church,not recorded,English,,,,,﻿Litchfield County,﻿Coldbrook,﻿Colebrook,﻿CT,,,,﻿har.ct.0140,﻿attended from Winsted,﻿occasionally,,,,,,,,,,,1868,﻿,﻿,﻿Hartford,Hartford
﻿har.ct.0052,﻿church,﻿St. Patrick's,English,,,,,﻿Hartford County,﻿Collinsville,﻿Collinsville,﻿CT,,,,,,,﻿jno_fagan_001,﻿Rev.,﻿John Fagan,,,,,,,,1868,﻿,﻿,﻿Hartford,Hartford
﻿har.ct.0053,﻿church,﻿St. Bridget's,English,,,,,﻿Litchfield County,﻿Cornwall,﻿Cornwall,﻿CT,,,,﻿har.ct.0059,﻿attended from Falls Village,﻿Mass once a month,,,,,,,,,,,1868,﻿,﻿,﻿Hartford,Hartford
﻿har.ct.0054,﻿church,not recorded,English,﻿church not dedicated,,,,﻿Tolland County,﻿Coventry,﻿Coventry,﻿CT,,,,﻿har.ct.0143,﻿attended from Willimantic,﻿Mass once a month,,,,,,,,,,,1868,﻿,﻿,﻿Hartford,Hartford
﻿har.ct.0055,﻿church,﻿St. Peter's,English,,,,,﻿Fairfield County,﻿Danbury,﻿Danbury,﻿CT,,,,,,,﻿phi_sheridan_001,﻿Rev.,﻿Philip Sheridan,,,,,,,,1868,﻿,﻿,﻿Hartford,Hartford
﻿har.ct.0055,﻿church,﻿St. Peter's,English,,,,,﻿Fairfield County,﻿Danbury,﻿Danbury,﻿CT,,,,,,,﻿joh_sheridan_001,﻿Rev.,﻿John Sheridan,,,,,,,,1868,﻿,﻿,﻿Hartford,Hartford
﻿har.ct.0056,﻿church,not recorded,English,﻿church not dedicated,﻿Murphy,,,﻿Windham County,﻿Danielsonville,﻿Danielson,﻿CT,,,,﻿har.ct.0090,﻿attended from Moosup,﻿Mass every Sunday,,,,,,,,,,,1868,﻿,﻿,﻿Hartford,Hartford
﻿har.ct.0057,﻿church,﻿St. Thomas',English,,,,,﻿Fairfield County,﻿Fairfield,﻿Fairfield,﻿CT,,,,﻿har.ct.0039,"﻿attended from St. James', Bridgeport",,,,,,,,,,,,1868,﻿,﻿,﻿Hartford,Hartford
﻿har.ct.0058,﻿church,not recorded,English,﻿church building,,,,﻿New Haven County,﻿Fair Haven,﻿Fair Haven,﻿CT,,,,,,,﻿pat_a_gaynor_001,﻿Rev.,﻿P. A. Gaynor,,﻿pastor,,,,,,1868,﻿,﻿,﻿Hartford,Hartford
﻿har.ct.0059,﻿church,﻿St. Patrick's,English,,,,,﻿Litchfield County,﻿Falls Village,﻿Falls Village,﻿CT,,,,,,,﻿joh_ofarrell_001,﻿Rev.,﻿John O'Farrell,,,,,,,,1868,﻿,﻿,﻿Hartford,Hartford
﻿har.ct.0060,﻿church,not recorded,English,,,,,﻿Hartford County,﻿Farmington,﻿Farmington,﻿CT,,,,﻿har.ct.0012,﻿attended from New Britain,﻿once a month,,,,,,,,,,,1868,﻿,﻿,﻿Hartford,Hartford
﻿har.ct.0061,﻿church,not recorded,English,,,,,﻿Windham County,﻿Fisherville,﻿North Grosvenordale,﻿CT,,,,﻿har.ct.0114,﻿attended from Putnam,,,,,,,,,,,,1868,﻿,﻿,﻿Hartford,Hartford
﻿har.ct.0062,﻿church,not recorded,English,,,,,﻿New London County,﻿Fitchville,﻿Bozrah,﻿CT,,,,﻿har.ct.0050,﻿attended from Colchester,,,,,,,,,,,,1868,﻿,﻿,﻿Hartford,Hartford
﻿har.ct.0063,﻿church,not recorded,English,,,,,﻿Hartford County,﻿Glastenbury,﻿Glastonbury,﻿CT,,,,﻿har.ct.0077,"﻿attended from St. Peter's, Hartford",﻿once a month,,,,,,,,,,,1868,﻿,﻿,﻿Hartford,Hartford
﻿har.ct.0064,﻿church,﻿St. Columbkille,English,,,,,﻿Litchfield County,﻿Goshen,﻿Goshen,﻿CT,,,,﻿har.ct.0059,﻿attended from Falls Village,﻿Mass once a month,,,,,,,,,,,1868,﻿,﻿,﻿Hartford,Hartford
﻿har.ct.0065,﻿church,﻿St. Mary's,English,,,,,﻿Fairfield County,﻿Greenwich,﻿Greenwich,﻿CT,,,,﻿har.ct.0020,﻿attended from Stamford,﻿every Sunday,,,,,,,,,,,1868,﻿,﻿,﻿Hartford,Hartford
﻿har.ct.0066,﻿church,﻿St. George's,English,,,,,﻿New Haven County,﻿Guilford,﻿Guilford,﻿CT,,,,﻿har.ct.0043,﻿attended from Branford,,,,,,,,,,,,1868,﻿,﻿,﻿Hartford,Hartford
﻿har.ct.0067,﻿church,not recorded,English,,,,,﻿Litchfield County,﻿Gaylorsbridge,﻿Gaylordsville,﻿CT,,,,﻿har.ct.0103,﻿attended from Newton,,,,,,,,,,,,1868,﻿,﻿,﻿Hartford,Hartford
﻿har.ct.0068,﻿church,not recorded,English,,,,,﻿Fairfield County,﻿Brookfield,﻿Brookfield,﻿CT,,,,﻿har.ct.0103,﻿attended from Newton,,,,,,,,,,,,1868,﻿,﻿,﻿Hartford,Hartford
﻿har.ct.0069,﻿church,not recorded,English,,,,,﻿Fairfield County,﻿Monroe,﻿Monroe,﻿CT,,,,﻿har.ct.0103,﻿attended from Newton,,,,,,,,,,,,1868,﻿,﻿,﻿Hartford,Hartford
﻿har.ct.0070,﻿church,not recorded,English,,,,,﻿Fairfield County,﻿Easton,﻿Easton,﻿CT,,,,﻿har.ct.0103,﻿attended from Newton,,,,,,,,,,,,1868,﻿,﻿,﻿Hartford,Hartford
﻿har.ct.0071,﻿church,not recorded,English,,,,,﻿Fairfield County,﻿Botsfield,﻿Botsford,﻿CT,,,,﻿har.ct.0103,﻿attended from Newton,,,,,,,,,,,,1868,﻿,﻿,﻿Hartford,Hartford
﻿har.ct.0072,﻿church,not recorded,English,,,,,﻿Fairfield County,﻿Dodgeton,﻿Dodgingtown,﻿CT,,,,﻿har.ct.0103,﻿attended from Newton,,,,,,,,,,,,1868,﻿,﻿,﻿Hartford,Hartford
﻿har.ct.0073,﻿church,not recorded,English,,,,,﻿Middlesex County,﻿Haddam,﻿Haddam,﻿CT,,,,﻿har.ct.0050,﻿attended from Colchester,,,,,,,,,,,,1868,﻿,﻿,﻿Hartford,Hartford
﻿har.ct.0074,﻿church,﻿Our Lady of Mount Carmel,English,,,,,﻿New Haven County,﻿Hampden,﻿Hamden,﻿CT,,,,﻿har.ct.0132,﻿attended from Wallingford,,,,,,,,,,,,1868,﻿,﻿,﻿Hartford,Hartford
﻿har.ct.0075,﻿church,not recorded,English,,,,,﻿Windham County,﻿Hampton,﻿Hampton,﻿CT,,,,﻿har.ct.0090,﻿attended from Moosup,,,,,,,,,,,,1868,﻿,﻿,﻿Hartford,Hartford
﻿har.ct.0076,﻿church,﻿St. Patrick's,English,,,,,﻿Hartford County,﻿Hartford,﻿Hartford,﻿CT,,,,,,,﻿jam_hughes_001,﻿Rev.,﻿James Hughes,,﻿Pastor,,,,,,1868,﻿,﻿,﻿Hartford,Hartford
﻿har.ct.0076,﻿church,﻿St. Patrick's,English,,,,,﻿Hartford County,﻿Hartford,﻿Hartford,﻿CT,,,,,,,﻿wm_hart_001,﻿Rev.,﻿William Hart,,,,,,,,1868,﻿,﻿,﻿Hartford,Hartford
﻿har.ct.0077,﻿church,﻿St. Peter's,English,﻿new church building,,,,﻿Hartford County,﻿Hartford,﻿Hartford,﻿CT,,,,,,,﻿joh_lynch_001,﻿Rev.,﻿John Lynch,,,,,,,,1868,﻿,﻿,﻿Hartford,Hartford
﻿har.ct.0077,﻿church,﻿St. Peter's,English,﻿new church building,,,,﻿Hartford County,﻿Hartford,﻿Hartford,﻿CT,,,,,,,﻿m_priusen_001,﻿Rev.,﻿M. Priusen,,,,,,,,1868,﻿,﻿,﻿Hartford,Hartford
﻿har.ct.0078,﻿church,not recorded,English,﻿church not dedicated,,,,﻿Hartford County,﻿Hazardville,﻿Hazardville,﻿CT,,,,﻿har.ct.0130,﻿attended from Thompsonville,,,,,,,,,,,,1868,﻿,﻿,﻿Hartford,Hartford
﻿har.ct.0079,﻿church,﻿Our Lady of the Rosary,English,,,,,﻿New London County,﻿Jewett City,﻿Jewett City,﻿CT,,,,﻿har.ct.0108,﻿attended from Norwich,﻿every second Sunday,,,,,,,,,,,1868,﻿,﻿,﻿Hartford,Hartford
﻿har.ct.0080,﻿church,﻿St. Anthony,English,,,,,﻿Litchfield County,﻿Litchfield,﻿Litchfield,﻿CT,,,,﻿har.ct.0140,﻿attended from Winsted,,,,,,,,,,,,1868,﻿,﻿,﻿Hartford,Hartford
﻿har.ct.0081,﻿church,not recorded,English,,,,,﻿New London County,﻿Lyme,﻿Lyme,﻿CT,,,,﻿har.ct.0043,﻿attended from Branford,,,,,,,,,,,,1868,﻿,﻿,﻿Hartford,Hartford
﻿har.ct.0082,﻿church,not recorded,English,,,,,﻿New Haven County,﻿Madison,﻿Madison,﻿CT,,,,﻿har.ct.0043,﻿attended from Branford,﻿once a month,,,,,,,,,,,1868,﻿,﻿,﻿Hartford,Hartford
﻿har.ct.0083,﻿church,﻿St. Bridget's,English,,,,,﻿Hartford County,﻿Manchester,﻿Manchester,﻿CT,,,,﻿har.ct.0118,﻿attended from Rockville,﻿Mass every Sunday,,,,,,,,,,,1868,﻿,﻿,﻿Hartford,Hartford
﻿har.ct.0084,﻿church,not recorded,English,,,,,﻿Tolland County,﻿Mansfield,﻿Mansfield,﻿CT,,,,﻿har.ct.0143,﻿attended from Willimantic,﻿Mass once a month,,,,,,,,,,,1868,﻿,﻿,﻿Hartford,Hartford
﻿har.ct.0085,﻿church,not recorded,English,,,,,﻿Windham County,﻿Masonville,﻿Thompson,﻿CT,,,,﻿har.ct.0114,﻿attended from Putnam,,,,,,,,,,,,1868,﻿,﻿,﻿Hartford,Hartford
﻿har.ct.0086,﻿church,﻿St. Rose of Lima,English,,,,,﻿New Haven County,﻿Meriden,﻿Meriden,﻿CT,,,,,,,﻿tho_walsh_002,﻿Rev.,﻿Thomas Walsh,,﻿Pastor,,,,,,1868,﻿,﻿,﻿Hartford,Hartford
﻿har.ct.0086,﻿church,﻿St. Rose of Lima,English,,,,,﻿New Haven County,﻿Meriden,﻿Meriden,﻿CT,,,,,,,﻿jam_chorlton_001,﻿Rev.,﻿James Chorlton,,,,,,,,1868,﻿,﻿,﻿Hartford,Hartford
﻿har.ct.0086,﻿church,﻿St. Rose of Lima,English,,,,,﻿Middlesex County,﻿Middle Haddam,﻿Middletown,﻿CT,,,,﻿har.ct.0050,﻿attended from Colchester,,,,,,,,,,,,1868,﻿,﻿,﻿Hartford,Hartford
﻿har.ct.0087,﻿church,﻿St. John's,English,,,,,﻿Middlesex County,﻿Middletown,﻿Middletown,﻿CT,,,,,,,﻿jas_lynch_001,﻿Rev.,﻿James Lynch,,,,,,,,1868,﻿,﻿,﻿Hartford,Hartford
﻿har.ct.0087,﻿church,﻿St. John's,English,,,,,﻿Middlesex County,﻿Middletown,﻿Middletown,﻿CT,,,,,,,﻿pat_mulholland_001,﻿Rev. Mr.,﻿Mulholland,,,,,,,,1868,﻿,﻿,﻿Hartford,Hartford
﻿har.ct.0088,﻿church,﻿St. Mary's,English,,,,,﻿New Haven County,﻿Milford,﻿Milford,﻿CT,,,,﻿har.ct.0040,﻿attended from East-Bridgeport,,,,,,,,,,,,1868,﻿,﻿,﻿Hartford,Hartford
﻿har.ct.0089,﻿church,not recorded,English,,,,,﻿Middlesex County,﻿Moodus,﻿Moodus,﻿CT,,,,﻿har.ct.0050,﻿attended from Colchester,﻿Mass once a month,,,,,,,,,,,1868,﻿,﻿,﻿Hartford,Hartford
﻿har.ct.0090,﻿church,﻿All Hallows,English,,,,﻿Windham County,﻿Windham County,﻿Moosup,﻿Moosup,﻿CT,,,,,,,﻿jam_quinn_001,﻿Rev.,﻿James Quinn,,,,,,,,1868,﻿,﻿,﻿Hartford,Hartford
﻿har.ct.0091,﻿church,not recorded,English,,,,,﻿New London County,﻿Mystic,﻿Mystic,﻿CT,,,,﻿har.ct.0136,﻿attended from Westerly,,,,,,,,,,,,1868,﻿,﻿,﻿Hartford,Hartford
﻿har.ct.0092,﻿church,﻿St. Francis of Assisi,English,,,,,﻿New Haven County,﻿Naugatuck,﻿Naugatuck,﻿CT,,,,,,,﻿hug_t_brady_001,﻿Rev.,﻿Hugh T. Brady,,,,,,,,1868,﻿,﻿,﻿Hartford,Hartford
﻿har.ct.0093,﻿church,﻿St. Mary's,English,,,,,﻿Hartford County,﻿New Britain,﻿New Britain,﻿CT,,,,,,,﻿luk_daly_001,﻿Rev.,﻿Luke Daly,,,,,,,,1868,﻿,﻿,﻿Hartford,Hartford
﻿har.ct.0094,﻿church,﻿St. Aloysius',English,,,,,﻿Fairfield County,﻿New Canaan,﻿New Canaan,﻿CT,,,,﻿har.ct.0107,﻿attended from Norwalk,﻿once a month,,,,,,,,,,,1868,﻿,﻿,﻿Hartford,Hartford
﻿har.ct.0095,﻿church,﻿St. Patrick's,English,,,,,﻿New London County,﻿New London,﻿New London,﻿CT,,,,,,,﻿phi_grace_001,﻿Rev.,﻿Philip Grace,,,,,,,,1868,﻿,﻿,﻿Hartford,Hartford
﻿har.ct.0096,﻿church,not recorded,English,,,,﻿Hartford County,﻿Litchfield County,﻿New Hartford,﻿New Hartford,﻿CT,,,,﻿har.ct.0052,﻿attended from Collinsville,,,,,,,,,,,,1868,﻿,﻿,﻿Hartford,Hartford
﻿har.ct.0097,﻿church,﻿St. Mary's,English,,,,,﻿New Haven County,﻿New Haven,﻿New Haven,﻿CT,,,,,,,﻿e_j_obrien_001,﻿Rev.,﻿Edward J. O'Brien,,,,,,,,1868,﻿,﻿,﻿Hartford,Hartford
﻿har.ct.0097,﻿church,﻿St. Mary's,English,,,,,﻿New Haven County,﻿New Haven,﻿New Haven,﻿CT,,,,,,,﻿chr_hughes_001,﻿Rev.,﻿Christopher Hughes,,,,,,,,1868,﻿,﻿,﻿Hartford,Hartford
﻿har.ct.0098,﻿church,﻿St. Patrick's,English,,,,,﻿New Haven County,﻿New Haven,﻿New Haven,﻿CT,,,,,,,﻿mat_hart_001,﻿Rev.,﻿Matthew Hart,,,,,,,,1868,﻿,﻿,﻿Hartford,Hartford
﻿har.ct.0098,﻿church,﻿St. Patrick's,English,,,,,﻿New Haven County,﻿New Haven,﻿New Haven,﻿CT,,,,,,,﻿pat_a_gaynor_001,﻿Rev.,﻿Patrick A. Gaynor,,,,,,,,1868,﻿,﻿,﻿Hartford,Hartford
﻿har.ct.0099,﻿church,﻿St. John's,English,,,,,﻿New Haven County,﻿New Haven,﻿New Haven,﻿CT,,,,,,,﻿hug_carmody_001,﻿Rev.,﻿Hugh Carmody,﻿D.D.,,,,,,,1868,﻿,﻿,﻿Hartford,Hartford
﻿har.ct.0099,﻿church,﻿St. John's,English,,,,,﻿New Haven County,﻿New Haven,﻿New Haven,﻿CT,,,,,,,﻿p_p_lawler_001,﻿Rev.,﻿P. Lawlor,,,,,,,,1868,﻿,﻿,﻿Hartford,Hartford
﻿har.ct.0101,﻿church,not recorded,English,,,,,﻿Fairfield County,﻿New Fairfield,﻿New Fairfield,﻿CT,,,,﻿har.ct.0055,﻿attended from Danbury,,,,,,,,,,,,1868,﻿,﻿,﻿Hartford,Hartford
﻿har.ct.0102,﻿church,﻿St. Francis Xavier's,English,,,,,﻿Litchfield County,﻿New Milford,﻿New Milford,﻿CT,,,,﻿har.ct.0103,﻿attended from Newtown,,,,,,,,,,,,1868,﻿,﻿,﻿Hartford,Hartford
﻿har.ct.0103,﻿church,﻿St. Rose of Lima,English,,,,,﻿Fairfield County,﻿Newtown,﻿Newtown,﻿CT,,,,,,,﻿jam_daly_002,﻿Rev.,﻿James Daly,,,,,,,,1868,﻿,﻿,﻿Hartford,Hartford
﻿har.ct.0104,﻿church,﻿Immaculate Conception,English,,,,,﻿Litchfield County,﻿Norfolk,﻿Norfolk,﻿CT,,,,﻿har.ct.0140,﻿attended from Winsted,﻿twice a month,,,,,,,,,,,1868,﻿,﻿,﻿Hartford,Hartford
﻿har.ct.0105,﻿church,not recorded,English,,,,,﻿Litchfield County,﻿New Preston,﻿New Preston,﻿CT,,,,﻿har.ct.0103,﻿attended from Newtown,,,,,,,,,,,,1868,﻿,﻿,﻿Hartford,Hartford
﻿har.ct.0106,﻿church,not recorded,English,,,,,﻿Litchfield County,﻿North Canaan,﻿North Canaan,﻿CT,,,,,,,,,,,,,,,,,1868,﻿,﻿,﻿Hartford,Hartford
﻿har.ct.0107,﻿church,﻿St. Mary's,English,,,,,﻿Fairfield County,﻿Norwalk,﻿Norwalk,﻿CT,,,,,,,﻿pet_a_smith_001,﻿Rev.,﻿Peter A. Smith,,,,,,,,1868,﻿,﻿,﻿Hartford,Hartford
﻿har.ct.0107,﻿church,﻿St. Mary's,English,,,,,﻿Fairfield County,﻿Norwalk,﻿Norwalk,﻿CT,,,,,,,﻿j_s_fitzpatrick_001,﻿Rev.,﻿J. F. Fitzpatrick,,,,,,,,1868,﻿,﻿,﻿Hartford,Hartford
﻿har.ct.0108,﻿church,﻿St. Mary's,English,,,,,﻿New London County,﻿Norwich,﻿Norwich,﻿CT,,,,,,,﻿ber_tully_001,﻿Rev.,﻿Bernard Tully,,,,,,,,1868,﻿,﻿,﻿Hartford,Hartford
﻿har.ct.0108,﻿church,﻿St. Mary's,English,,,,,﻿New London County,﻿Norwich,﻿Norwich,﻿CT,,,,,,,﻿jno_cooney_001,﻿Rev. Mr.,﻿Cooney,,,,,,,,1868,﻿,﻿,﻿Hartford,Hartford
﻿har.ct.0109,﻿church,not recorded,English,,,,,﻿Windham County,﻿Onico,﻿Oneco,﻿CT,,,,﻿har.ct.0090,﻿attended from Moosup,,,,,,,,,,,,1868,﻿,﻿,﻿Hartford,Hartford
﻿har.ct.0110,﻿church,not recorded,English,,,,,﻿Hartford County,﻿Plainville,﻿Plainville,﻿CT,,,,﻿har.ct.0093,﻿attended from New Britain,﻿once a month,,,,,,,,,,,1868,﻿,﻿,﻿Hartford,Hartford
﻿har.ct.0111,﻿church,not recorded,English,,,,,﻿Litchfield County,﻿Plymouth,﻿Plymouth,﻿CT,,,,﻿har.ct.0012,﻿attended from Bristol,,,,,,,,,,,,1868,﻿,﻿,﻿Hartford,Hartford
﻿har.ct.0112,﻿church,not recorded,English,,,,,﻿Middlesex County,﻿Portland,﻿Portland,﻿CT,,,,﻿har.ct.0087,﻿attended from Middletown,,,,,,,,,,,,1868,﻿,﻿,﻿Hartford,Hartford
﻿har.ct.0113,﻿church,not recorded,English,,,,,﻿Hartford County,﻿Poquonnoc,﻿Poquonock,﻿CT,,,,﻿har.ct.0142,﻿attended from Windsor Locks,﻿twice a month,,,,,,,,,,,1868,﻿,﻿,﻿Hartford,Hartford
﻿har.ct.0114,﻿church,not recorded,English,﻿church not dedicated,,,,﻿Windham County,﻿Putnam,﻿Putnam,﻿CT,,,,,,,﻿eug_j_vygen_001,﻿Rev.,﻿Eugene J. Vygen,,,﻿Mass every Sunday,,,,,1868,﻿,﻿,﻿Hartford,Hartford
﻿har.ct.0115,﻿church,not recorded,English,,,,,﻿Hartford County,﻿Rainbow,﻿Rainbow,﻿CT,,,,﻿har.ct.0142,﻿attended from Windsor Locks,,,,,,,,,,,,1868,﻿,﻿,﻿Hartford,Hartford
﻿har.ct.0116,﻿church,not recorded,English,,,,,﻿Fairfield County,﻿Reading Ridge,﻿Redding,﻿CT,,,,﻿har.ct.0055,﻿attended from Danbury,,,,,,,,,,,,1868,﻿,﻿,﻿Hartford,Hartford
﻿har.ct.0117,﻿church,not recorded,English,,,,,﻿Fairfield County,﻿Ridgefield,﻿Ridgefield,﻿CT,,,,﻿har.ct.0055,﻿attended from Danbury,,,,,,,,,,,,1868,﻿,﻿,﻿Hartford,Hartford
﻿har.ct.0118,﻿church,﻿St. Bernard's,English,,,,,﻿Tolland County,﻿Rockville,﻿Rockville,﻿CT,,,,,,,﻿h_j_oreilly_001,﻿Rev.,﻿Hugh J. O'Reilly,,,,,,,,1868,﻿,﻿,﻿Hartford,Hartford
﻿har.ct.0118,﻿church,﻿St. Bernard's,English,,,,,﻿Tolland County,﻿Rockville,﻿Rockville,﻿CT,,,,,,,﻿jno_f_rogers_001,﻿Rev.,﻿John Rogers,,,,,,,,1868,﻿,﻿,﻿Hartford,Hartford
﻿har.ct.0119,﻿church,not recorded,English,﻿church not dedicated,,,,﻿Middlesex County,﻿Saybrook,﻿Old Saybrook,﻿CT,,,,﻿har.ct.0043,﻿attended from Branford,,,,,,,,,,,,1868,﻿,﻿,﻿Hartford,Hartford
﻿har.ct.0120,﻿church,not recorded,English,,,,,﻿Fairfield County,﻿Sherman,﻿Sherman,﻿CT,,,,﻿har.ct.0103,﻿attended from Newtown,,,,,,,,,,,,1868,﻿,﻿,﻿Hartford,Hartford
﻿har.ct.0121,﻿church,﻿St. Augustine's,English,,,,,﻿New Haven County,﻿Seymour,﻿Seymour,﻿CT,,,,﻿har.ct.0041,﻿attended from Birmingham,﻿Mass every Sunday,,,,,,,,,,,1868,﻿,﻿,﻿Hartford,Hartford
﻿har.ct.0122,﻿church,not recorded,English,,,,,﻿Litchfield County,﻿Sharon,﻿Sharon,﻿CT,,,,﻿har.ct.0059,﻿attended from Falls Village,﻿once a month,,,,,,,,,,,1868,﻿,﻿,﻿Hartford,Hartford
﻿har.ct.0123,﻿church,not recorded,English,﻿church building,,,,﻿Tolland County,﻿Stafford,﻿Stafford,﻿CT,,,,﻿har.ct.0143,﻿attended from Willimantic,﻿once a month,,,,,,,,,,,1868,﻿,﻿,﻿Hartford,Hartford
﻿har.ct.0124,﻿church,﻿St. John's,English,,,,,﻿Fairfield County,﻿Stamford,﻿Stamford,﻿CT,,,,,,,﻿jam_oneill_001,﻿Rev.,﻿James O'Neill,,,,,,,,1868,﻿,﻿,﻿Hartford,Hartford
﻿har.ct.0124,﻿church,﻿St. John's,English,,,,,﻿Fairfield County,﻿Stamford,﻿Stamford,﻿CT,,,,,,,﻿eug_gaffney_001,﻿Rev.,﻿Eugene Gaffney,,,,,,,,1868,﻿,﻿,﻿Hartford,Hartford
﻿har.ct.0125,﻿church,﻿St. Mary's,English,,,,,﻿New London County,﻿Stonington,﻿Stonington,﻿CT,,,,﻿har.ct.0136,﻿attended from Westerly,,,,,,,,,,,,1868,﻿,﻿,﻿Hartford,Hartford
﻿har.ct.0126,﻿church,not recorded,English,,,,,﻿Fairfield County,﻿Stratford,﻿Stratford,﻿CT,,,,﻿har.ct.0040,﻿attended from East-Bridgeport,,,,,,,,,,,,1868,﻿,﻿,﻿Hartford,Hartford
﻿har.ct.0127,﻿church,﻿St. Thomas',English,,,,,﻿Hartford County,﻿Southington,﻿Southington,﻿CT,,,,,,,﻿tho_drea_001,﻿Rev.,﻿Thomas Drea,,,,,,,,1868,﻿,﻿,﻿Hartford,Hartford
﻿har.ct.0128,﻿church,﻿St. Paul's,English,,,,,﻿Hartford County,﻿Tariffville,﻿Tariffville,﻿CT,,,,﻿har.ct.0052,﻿attended from Collinsville,﻿Mass every second Sunday,,,,,,,,,,,1868,﻿,﻿,﻿Hartford,Hartford
﻿har.ct.0129,﻿church,not recorded,English,,,,﻿Hartford County,﻿Litchfield County,﻿Terryville,﻿Terryville,﻿CT,,,,﻿har.ct.0012,﻿attended from Bristol,﻿Mass every second Sunday,,,,,,,,,,,1868,﻿,﻿,﻿Hartford,Hartford
﻿har.ct.0130,﻿church,﻿St. Patrick's,English,,,,,﻿Hartford County,﻿Thompsonville,﻿Thompsonville,﻿CT,,,,,,,﻿wil_e_duffy_001,﻿Rev.,﻿William E. Duffy,,,,,,,,1868,﻿,﻿,﻿Hartford,Hartford
﻿har.ct.0132,﻿church,﻿Most Holy Trinity,English,,,,,﻿New Haven County,﻿Wallingford,﻿Wallingford,﻿CT,,,,,,,﻿hug_mallon_001,﻿Rev.,﻿Hugh Mallon,,,﻿Mass every Sunday,,,,,1868,﻿,﻿,﻿Hartford,Hartford
﻿har.ct.0133,﻿church,﻿Immaculate Conception,English,,,,,﻿New Haven County,﻿Waterbury,﻿Waterbury,﻿CT,,,,,,,﻿tho_f_hendricken_001,﻿Rev.,﻿Thomas F. Hendricken,,﻿Pastor,,,,,,1868,﻿,﻿,﻿Hartford,Hartford
﻿har.ct.0133,﻿church,﻿Immaculate Conception,English,,,,,﻿New Haven County,﻿Waterbury,﻿Waterbury,﻿CT,,,,,,,﻿joh_mccabe_001,﻿Rev.,﻿John J. McCabe,,,,,,,,1868,﻿,﻿,﻿Hartford,Hartford
﻿har.ct.0134,﻿church,not recorded,English,,,,,﻿Litchfield County,﻿Watertown,﻿Watertown,﻿CT,,,,﻿har.ct.0012,﻿attended from Bristol,,,,,,,,,,,,1868,﻿,﻿,﻿Hartford,Hartford
﻿har.ct.0135,﻿church,not recorded,English,,,,,﻿Windham County,﻿Wauregan,﻿Wauregan,﻿CT,,,,﻿har.ct.0090,﻿attended from Moosup,,,,,,,,,,,,1868,﻿,﻿,﻿Hartford,Hartford
﻿har.ct.0136,﻿church,﻿St. Michael's,English,,,,,﻿Washington County,﻿Westerly,﻿Westerly,﻿RI,,,,,,,﻿pat_sherry_001,﻿Rev.,﻿Patrick Sherry,,,,,,,,1868,﻿,﻿,﻿Hartford,Hartford
﻿har.ct.0137,﻿church,not recorded,English,,,,,﻿Middlesex County,﻿Westbrook,﻿Westbrook,﻿CT,,,,﻿har.ct.0043,﻿attended from Branford,,,,,,,,,,,,1868,﻿,﻿,﻿Hartford,Hartford
﻿har.ct.0139,﻿church,﻿Church of the Assumption,English,,,,,﻿Fairfield County,﻿Westport,﻿Westport,﻿CT,,,,﻿har.ct.0107,﻿attended from Norwalk,﻿twice a month,,,,,,,,,,,1868,﻿,﻿,﻿Hartford,Hartford
﻿har.ct.0148_02,﻿church,﻿St. Joseph's Church,English,,,,,﻿Litchfield County,﻿Winsted,﻿Winsted,﻿CT,,,,,,,﻿leo_da-saracena_001,﻿Rev.,﻿Leo da Saracena,﻿O.S.F.,﻿Pastor,,,,,,1868,﻿,﻿,﻿Hartford,Hartford
﻿har.ct.0148_02,﻿church,﻿St. Joseph's Church,English,,,,,﻿Litchfield County,﻿Winsted,﻿Winsted,﻿CT,,,,,,,﻿isa_da-scanno_002,﻿Rev.,﻿Isaiah da Scanno,﻿O.S.F.,,,,,,,1868,﻿,﻿,﻿Hartford,Hartford
﻿har.ct.0148_02,﻿church,﻿St. Joseph's Church,English,,,,,﻿Litchfield County,﻿Winsted,﻿Winsted,﻿CT,,,,,,,﻿ant_da-palma_001,﻿Rev.,﻿Anthony da Palma,﻿O.S.F.,,,,,,,1868,﻿,﻿,﻿Hartford,Hartford
﻿har.ct.0148_02,﻿church,﻿St. Joseph's Church,English,,,,,﻿Litchfield County,﻿Winsted,﻿Winsted,﻿CT,,,,,,,﻿edw_da-fossombrone_001,﻿Rev. Fr.,﻿Edward,﻿O.S.F.,,,,,,,1868,﻿,﻿,﻿Hartford,Hartford
﻿har.ct.0148_02,﻿church,﻿St. Joseph's Church,English,,,,,﻿Litchfield County,﻿Winsted,﻿Winsted,﻿CT,,,,,,,﻿con_di-arezzo_001,﻿Rev. Fr.,﻿Constantine,﻿O.S.F.,,,,,,,1868,﻿,﻿,﻿Hartford,Hartford
﻿har.ct.0148_02,﻿church,﻿St. Joseph's Church,English,,,,,﻿Litchfield County,﻿Winsted,﻿Winsted,﻿CT,,,,,,,﻿vin_hayes_003,﻿Rev. Fr.,﻿Vincent,﻿T.O.S.F.,,,,,,,1868,﻿,﻿,﻿Hartford,Hartford
﻿har.ct.0141,﻿church,not recorded,English,﻿church not dedicated,,,,﻿Hartford County,﻿Windsor,﻿Windsor,﻿CT,,,,﻿har.ct.0142,﻿attended from Windsor Locks,﻿every Sunday,,,,,,,,,,,1868,﻿,﻿,﻿Hartford,Hartford
﻿har.ct.0142,﻿church,﻿St. Mary's,English,,,,,﻿Hartford County,﻿Windsor Locks,﻿Windsor Locks,﻿CT,,,,,,,﻿jam_smyth_001,﻿Rev.,﻿James Smyth,,,,,,,,1868,﻿,﻿,﻿Hartford,Hartford
﻿har.ct.0142,﻿church,﻿St. Mary's,English,,,,,﻿Hartford County,﻿Windsor Locks,﻿Windsor Locks,﻿CT,,,,,,,﻿jos_okeefe_001,﻿Rev.,﻿Joseph O'Keefe,,,,,,,,1868,﻿,﻿,﻿Hartford,Hartford
﻿har.ct.0143,﻿church,﻿St. Joseph's,English,,,,,﻿Windham County,﻿Willimantic,﻿Willimantic,﻿CT,,,,,,,﻿flo_de-bruycker_001,﻿Rev.,﻿Florence de Bruycker,,﻿Pastor,,,,,,1868,﻿,﻿,﻿Hartford,Hartford
﻿har.ct.0143,﻿church,﻿St. Joseph's,English,,,,,﻿Windham County,﻿Willimantic,﻿Willimantic,﻿CT,,,,,,,﻿aeg_van-laar_001,﻿Rev.,﻿Aegidius Joseph Van Laar,,,,,,,,1868,﻿,﻿,﻿Hartford,Hartford
﻿har.ct.0144,﻿church,﻿St. Francis of Assisi,English,,,,,﻿Litchfield County,﻿Wolcottville,﻿Torrington,﻿CT,,,,﻿har.ct.0140,﻿attended from Winsted,﻿every Sunday,,,,,,,,,,,1868,﻿,﻿,﻿Hartford,Hartford
﻿har.ct.0145,﻿church,not recorded,English,,,,﻿New Haven Co.,﻿Litchfield County,﻿Woodbury,﻿Woodbury,﻿CT,,,,﻿har.ct.0092,﻿attended from Naugatuck,﻿every second Sunday,,,,,,,,,,,1868,﻿,﻿,﻿Hartford,Hartford
﻿har.ct.0146,﻿church,not recorded,English,,,,,﻿Hartford County,﻿Wethersfield,﻿Wethersfield,﻿CT,,,,﻿har.ct.0077,"﻿attended from St. Peter's, Hartford",﻿twice a month,,,,,,,,,,,1868,﻿,﻿,﻿Hartford,Hartford
﻿har.ct.0147,﻿church,not recorded,English,,,,,﻿New London County,﻿Uncas,﻿Uncasville,﻿CT,,,,﻿har.ct.0095,﻿attended from New London,,,,,,,,,,,,1868,﻿,﻿,﻿Hartford,Hartford
﻿har.ct.0131,﻿church,not recorded,English,,,,,﻿Hartford County,﻿Unionville,﻿Unionville,﻿CT,,,,﻿har.ct.0052,﻿attended from Collinsville,,,,,,,,,,,,1868,﻿,﻿,﻿Hartford,Hartford
﻿har.ct.0148,﻿convent,﻿St. Joseph's Franciscan Missionary Convent,English,,,,﻿Litchfield Co.,,﻿Winsted,﻿Winsted,﻿CT,,,,,,,﻿leo_da-saracena_001,﻿Rev.,﻿Leo da Saracena,﻿O.S.F.,﻿Guardian and Definitor,,,,,,1868,﻿,﻿,﻿Hartford,Hartford
﻿har.ct.0148,﻿convent,﻿St. Joseph's Franciscan Missionary Convent,English,,,,﻿Litchfield Co.,,﻿Winsted,﻿Winsted,﻿CT,,,,,,,﻿isa_da-scanno_002,﻿Rev.,﻿Isaiah da Scanno,﻿O.S.F.,﻿Vicar,,,,,,1868,﻿,﻿,﻿Hartford,Hartford
﻿har.ct.0148,﻿convent,﻿St. Joseph's Franciscan Missionary Convent,English,,,,﻿Litchfield Co.,,﻿Winsted,﻿Winsted,﻿CT,,,,,,,﻿ant_da-palma_001,﻿Rev.,﻿Anthony da Palma,﻿O.S.F.,﻿Lec. Phil. and Def.,,,,,,1868,﻿,﻿,﻿Hartford,Hartford
﻿har.ct.0148,﻿convent,﻿St. Joseph's Franciscan Missionary Convent,English,,,,﻿Litchfield Co.,,﻿Winsted,﻿Winsted,﻿CT,,,,,,,﻿edw_da-fossombrone_001,﻿Rev.,﻿Edward da Fossombrone,﻿O.S.F.,,,,,,,1868,﻿,﻿,﻿Hartford,Hartford
﻿har.ct.0148,﻿convent,﻿St. Joseph's Franciscan Missionary Convent,English,,,,﻿Litchfield Co.,,﻿Winsted,﻿Winsted,﻿CT,,,,,,,﻿con_di-arezzo_001,﻿Rev.,﻿Constantine di Arezzo,﻿O.S.F.,,,,,,,1868,﻿,﻿,﻿Hartford,Hartford
﻿har.ct.0148,﻿convent,﻿St. Joseph's Franciscan Missionary Convent,English,,,,﻿Litchfield Co.,,﻿Winsted,﻿Winsted,﻿CT,,,,,,,﻿vin_hayes_003,﻿Rev.,﻿Vincent Hayes,﻿T.O.S.F.,,,,,,,1868,﻿,﻿,﻿Hartford,Hartford
﻿har.ct.0148,﻿convent,﻿St. Joseph's Franciscan Missionary Convent,English,,,,﻿Litchfield Co.,,﻿Winsted,﻿Winsted,﻿CT,,,,,,,,﻿Brother,﻿Ludovico da Castelnuovo,﻿O.S.F.,,,,,,,1868,﻿,﻿,﻿Hartford,Hartford
﻿har.ct.0148,﻿convent,﻿St. Joseph's Franciscan Missionary Convent,English,,,,﻿Litchfield Co.,,﻿Winsted,﻿Winsted,﻿CT,,,,,,,,﻿Brother,﻿Humble Butler,﻿O.S.F.,,,,,,,1868,﻿,﻿,﻿Hartford,Hartford
﻿har.ct.0148,﻿convent,﻿St. Joseph's Franciscan Missionary Convent,English,,,,﻿Litchfield Co.,,﻿Winsted,﻿Winsted,﻿CT,,,,,,,,﻿Brother,﻿Anthony Coyle,﻿O.S.F.,﻿Tertian,,,,,,1868,﻿,﻿,﻿Hartford,Hartford
﻿har.ct.0148,﻿convent,﻿St. Joseph's Franciscan Missionary Convent,English,,,,﻿Litchfield Co.,,﻿Winsted,﻿Winsted,﻿CT,,,,,,,,﻿Brother,﻿Leo Commins,﻿O.S.F.,﻿Tertian,,,,,,1868,﻿,﻿,﻿Hartford,Hartford
﻿har.ct.0149,﻿academy,﻿Academy of the Brothers of the Christian Schools at St. Patrick's,English,,,,,,﻿Hartford,﻿Hartford,﻿CT,,,,,,,,,,,,,﻿student,"﻿pupils, 300",,,1868,﻿,﻿,﻿Hartford,Hartford
﻿har.ct.0149,﻿academy,﻿Academy of the Brothers of the Christian Schools at St. Patrick's,English,,,,,,﻿Hartford,﻿Hartford,﻿CT,,,,,,,,,,,,,﻿religious,﻿5 brothers,,,1868,﻿,﻿,﻿Hartford,Hartford
﻿har.ct.0150,﻿convent,﻿St. Francis Xavier's Convent of Mercy,English,,,,,,﻿Providence,﻿Providence,﻿RI,,,,,,,,﻿Sister,﻿Mary Bernard Xavier Reade,,﻿Superior,,﻿religious,"﻿professed sisters, 15",,,1868,﻿,﻿,﻿Hartford,Hartford
﻿har.ct.0150,﻿convent,﻿St. Francis Xavier's Convent of Mercy,English,,,,,,﻿Providence,﻿Providence,﻿RI,,,,,,,,,,,,,﻿religious,"﻿novices, 8",,,1868,﻿,﻿,﻿Hartford,Hartford
﻿har.ct.0150,﻿convent,﻿St. Francis Xavier's Convent of Mercy,English,,,,,,﻿Providence,﻿Providence,﻿RI,,,,,,,,,,,,,﻿religious,"﻿postulants, 11",,,1868,﻿,﻿,﻿Hartford,Hartford
﻿har.ct.0150,﻿convent,﻿St. Francis Xavier's Convent of Mercy,English,,,,,,﻿Providence,﻿Providence,﻿RI,,,,,,,,,,,,,﻿layperson,"﻿lay sisters, 6",,,1868,﻿,﻿,﻿Hartford,Hartford
﻿har.ct.0159,﻿academy,﻿St. Catharine's Academy,English,,,,,,﻿Hartford,﻿Hartford,﻿CT,,,,,,,,,,,,,,,,,1868,﻿,﻿,﻿Hartford,Hartford
﻿har.ct.0159_02,﻿convent,﻿St. Catharine's Convent,English,,,,,,﻿Hartford,﻿Hartford,﻿CT,,,,,,,,,,,,,,,,,1868,﻿,﻿,﻿Hartford,Hartford
﻿har.ct.0151,"﻿academy, school",﻿St. Francis Xavier's Academy and Boarding-School,English,"﻿This institution, conducted by the Sisters of Mercy, is situated in the most healthy part of the city. A spacious and beautiful addition has been recently added to the building. No efforts have been spared to render the Academy in every way worthy of an extensive patronage.",,,﻿Claverick street,,﻿Providence,﻿Providence,﻿RI,,,,,,,,﻿Mother,﻿Mary Bernard Xavier Reade,,﻿Superior,,﻿student,"﻿Number of pupils, 120",﻿conducted by the Sisters of Mercy,,1868,﻿,﻿,﻿Hartford,Hartford
﻿har.ct.0157,﻿asylum,﻿St. Aloysius' Orphan Asylum,English,,,,,,﻿Providence,﻿Providence,﻿RI,,,,,,,,﻿Sister,﻿Mary Borgia Douglas,,﻿Superior,,﻿child,"﻿boys, 106",﻿Directed by the Sisters of Mercy,,1868,﻿,﻿,﻿Hartford,Hartford
﻿har.ct.0157,﻿asylum,﻿St. Aloysius' Orphan Asylum,English,,,,,,﻿Providence,﻿Providence,﻿RI,,,,,,,,,,,,,﻿child,"﻿girls, 95",﻿Directed by the Sisters of Mercy,,1868,﻿,﻿,﻿Hartford,Hartford
﻿har.ct.0157,﻿asylum,﻿St. Aloysius' Orphan Asylum,English,,,,,,﻿Providence,﻿Providence,﻿RI,,,,,,,,,,,,,﻿religious,"﻿professed sisters, 6",﻿Directed by the Sisters of Mercy,,1868,﻿,﻿,﻿Hartford,Hartford
﻿har.ct.0157,﻿asylum,﻿St. Aloysius' Orphan Asylum,English,,,,,,﻿Providence,﻿Providence,﻿RI,,,,,,,,,,,,,﻿religious,"﻿novice, 1",﻿Directed by the Sisters of Mercy,,1868,﻿,﻿,﻿Hartford,Hartford
﻿har.ct.0157,﻿asylum,﻿St. Aloysius' Orphan Asylum,English,,,,,,﻿Providence,﻿Providence,﻿RI,,,,,,,,,,,,,﻿religious,"﻿postulants, 6",﻿Directed by the Sisters of Mercy,,1868,﻿,﻿,﻿Hartford,Hartford
﻿har.ct.0157,﻿asylum,﻿St. Aloysius' Orphan Asylum,English,,,,,,﻿Providence,﻿Providence,﻿RI,,,,,,,,,,,,,﻿layperson,"﻿lay sisters, 4",﻿Directed by the Sisters of Mercy,,1868,﻿,﻿,﻿Hartford,Hartford
﻿har.ct.0152,﻿convent,﻿Convent of the Sisters of Mercy,English,,,,,,﻿Newport,﻿Newport,﻿RI,,,,,,,,﻿Sister,﻿De Pazzi,,﻿Superior,,﻿religious,"﻿professed sisters, 4",,,1868,﻿,﻿,﻿Hartford,Hartford
﻿har.ct.0152,﻿convent,﻿Convent of the Sisters of Mercy,English,,,,,,﻿Newport,﻿Newport,﻿RI,,,,,,,,,,,,,﻿religious,"﻿novice, 1",,,1868,﻿,﻿,﻿Hartford,Hartford
﻿har.ct.0152,﻿convent,﻿Convent of the Sisters of Mercy,English,,,,,,﻿Newport,﻿Newport,﻿RI,,,,,,,,,,,,,﻿religious,"﻿postulant, 1",,,1868,﻿,﻿,﻿Hartford,Hartford
﻿har.ct.0153,﻿academy,﻿St. Mary's Academy and Boarding-School,English,,,,,,﻿Newport,﻿Newport,﻿RI,,,,,,,,,,,,,﻿teacher,"﻿number of scholars, 250",,,1868,﻿,﻿,﻿Hartford,Hartford
﻿har.ct.0153,﻿academy,﻿St. Mary's Academy and Boarding-School,English,,,,,,﻿Newport,﻿Newport,﻿RI,,,,,,,,,,,,,﻿boarder,"﻿boarders, 9",,,1868,﻿,﻿,﻿Hartford,Hartford
﻿har.ct.0153,﻿academy,﻿St. Mary's Academy and Boarding-School,English,,,,,,﻿Newport,﻿Newport,﻿RI,,,,,,,,,,,,,﻿religious,"﻿professed sisters, 4",,,1868,﻿,﻿,﻿Hartford,Hartford
﻿har.ct.0153,﻿academy,﻿St. Mary's Academy and Boarding-School,English,,,,,,﻿Newport,﻿Newport,﻿RI,,,,,,,,,,,,,﻿religious,"﻿novice, 1",,,1868,﻿,﻿,﻿Hartford,Hartford
﻿har.ct.0153,﻿academy,﻿St. Mary's Academy and Boarding-School,English,,,,,,﻿Newport,﻿Newport,﻿RI,,,,,,,,,,,,,﻿layperson,"﻿lay sisters, 2",,,1868,﻿,﻿,﻿Hartford,Hartford
﻿har.ct.0154,﻿convent,﻿Convent of the Sisters of Mercy,English,,,,,,﻿Pawtucket,﻿Pawtucket,﻿RI,,,,,,,,﻿Sister,﻿M. Euphrasia McGlynn,,﻿Superior,,﻿religious,"﻿Professed sisters, 4",,,1868,﻿,﻿,﻿Hartford,Hartford
﻿har.ct.0154,﻿convent,﻿Convent of the Sisters of Mercy,English,,,,,,﻿Pawtucket,﻿Pawtucket,﻿RI,,,,,,,,,,,,,﻿religious,"﻿novices, 3",,,1868,﻿,﻿,﻿Hartford,Hartford
﻿har.ct.0154,﻿convent,﻿Convent of the Sisters of Mercy,English,,,,,,﻿Pawtucket,﻿Pawtucket,﻿RI,,,,,,,,,,,,,﻿religious,"﻿postulant, 1",,,1868,﻿,﻿,﻿Hartford,Hartford
﻿har.ct.0162,﻿convent,﻿Convent of Mercy,English,,,,,,﻿New Haven,﻿New Haven,﻿CT,,,,,,,,﻿Sister,﻿M. Agnes Walsh,,﻿Superior,,﻿religious,"﻿professed sisters, 8",,,1868,﻿,﻿,﻿Hartford,Hartford
﻿har.ct.0162,﻿convent,﻿Convent of Mercy,English,,,,,,﻿New Haven,﻿New Haven,﻿CT,,,,,,,,,,,,,﻿religious,"﻿novices, 4",,,1868,﻿,﻿,﻿Hartford,Hartford
﻿har.ct.0162,﻿convent,﻿Convent of Mercy,English,,,,,,﻿New Haven,﻿New Haven,﻿CT,,,,,,,,,,,,,﻿religious,"﻿postulants, 2",,,1868,﻿,﻿,﻿Hartford,Hartford
﻿har.ct.0162,﻿convent,﻿Convent of Mercy,English,,,,,,﻿New Haven,﻿New Haven,﻿CT,,,,,,,,,,,,,﻿layperson,"﻿lay sisters, 3",,,1868,﻿,﻿,﻿Hartford,Hartford
﻿har.ct.0163,﻿academy,﻿St. Mary's Academy,English,,,,,,﻿New Haven,﻿New Haven,﻿CT,,,,,,,,,,,,,﻿teacher,"﻿number of scholars, 120",﻿directed by the Sisters of Mercy,,1868,﻿,﻿,﻿Hartford,Hartford
﻿har.ct.0166,﻿convent,﻿Convent of St. Margaret of Cortona,English,"﻿A select school for young ladies has lately been opened, information of which may be had by addressing the Rev. Superior.",,,,,﻿Winsted,﻿Winsted,﻿CT,,,,,,,,﻿Sister,﻿Mary Joseph Todd,,﻿Superior,,﻿religious,"﻿professed sisters, 6",﻿Sisters of the Third Order of St. Francis,,1868,﻿,﻿,﻿Hartford,Hartford
﻿har.ct.0166,﻿convent,﻿Convent of St. Margaret of Cortona,English,"﻿A select school for young ladies has lately been opened, information of which may be had by addressing the Rev. Superior.",,,,,﻿Winsted,﻿Winsted,﻿CT,,,,,,,,,,,,,﻿religious,"﻿postulants, 2",﻿Sisters of the Third Order of St. Francis,,1868,﻿,﻿,﻿Hartford,Hartford
﻿har.ct.0166,﻿asylum,﻿Orphan Asylum,English,"﻿A select school for young ladies has lately been opened, information of which may be had by addressing the Rev. Superior.",,,,,﻿New Haven,﻿Winsted,﻿CT,,,,,,,,﻿Sister,﻿M. Felicitas,,﻿Sister-Servant,,﻿child,"﻿orphans, 80",﻿directed by the Sisters of Charity,,1868,﻿,﻿,﻿Hartford,Hartford
﻿har.ct.0158,﻿convent,﻿Convent of the Sisters of Mercy,English,,,,,,﻿Hartford,﻿Hartford,﻿CT,,,,,,,,﻿Sister,﻿M. Pauline Maher,,﻿Superior,,﻿religious,"﻿professed sisters, 7",,,1868,﻿,﻿,﻿Hartford,Hartford
﻿har.ct.0158,﻿convent,﻿Convent of the Sisters of Mercy,English,,,,,,﻿Hartford,﻿Hartford,﻿CT,,,,,,,,,,,,,﻿religious,"﻿novices, 3",,,1868,﻿,﻿,﻿Hartford,Hartford
﻿har.ct.0158,﻿convent,﻿Convent of the Sisters of Mercy,English,,,,,,﻿Hartford,﻿Hartford,﻿CT,,,,,,,,,,,,,﻿religious,"﻿postulant, 1",,,1868,﻿,﻿,﻿Hartford,Hartford
﻿har.ct.0158,﻿convent,﻿Convent of the Sisters of Mercy,English,,,,,,﻿Hartford,﻿Hartford,﻿CT,,,,,,,,,,,,,﻿layperson,"﻿lay sisters, 6",,,1868,﻿,﻿,﻿Hartford,Hartford
﻿har.ct.0158,﻿academy,﻿Academy of the Immaculate Conception,English,,,,,,﻿Hartford,﻿Hartford,﻿CT,,,,,,,,,,,,,﻿student,"﻿number of pupils, 160",﻿under the direction of the Sisters of Mercy,,1868,﻿,﻿,﻿Hartford,Hartford
﻿har.ct.0160,﻿asylum,﻿St. Catharine's Asylum for Girls,English,,,,,,﻿Hartford,﻿Hartford,﻿CT,,,,,,,,,,,,,﻿child,"﻿orphans, 40",﻿conducted by Sisters of Mercy,,1868,﻿,﻿,﻿Hartford,Hartford
﻿har.ct.0161,﻿asylum,﻿St. James' Orphan Asylum for Boys,English,,,,,,﻿Hartford,﻿Hartford,﻿CT,,,,,,,,,,,,,﻿child,"﻿boys, 32",﻿conducted by Sisters of Mercy,,1868,﻿,﻿,﻿Hartford,Hartford
﻿har.ct.0001_02,﻿school,not recorded,English,,﻿Cathedral,,,,﻿Providence,﻿Providence,﻿RI,,,,,,,,,,,,,﻿student,"﻿Pupils, 600",﻿under the charge of the Sisters of Mercy,,1868,﻿,﻿,﻿Hartford,Hartford
﻿har.ct.0169,﻿school,﻿School of the Holy Angels,English,,,,,,,﻿Providence,,﻿RI,,,,,,,,,,,,﻿student,"﻿Pupils, 250",﻿under the charge of the Sisters of Mercy,,1868,﻿,﻿,﻿Hartford,Hartford
﻿har.ct.0005_02,﻿school,not recorded,English,"﻿Boys under the charge of lay teachers, girls under the charge of four Sisters of Charity",﻿Immaculate Conception,,,,﻿Providence,﻿Providence,﻿RI,,,,,,,,,,,,,﻿child,"﻿boys, 350",﻿Sisters of Charity,,1868,﻿,﻿,﻿Hartford,Hartford
﻿har.ct.0005_02,﻿school,not recorded,English,"﻿Boys under the charge of lay teachers, girls under the charge of four Sisters of Charity",﻿Immaculate Conception,,,,﻿Providence,﻿Providence,﻿RI,,,,,,,,,,,,,﻿child,"﻿girls, 400",﻿Sisters of Charity,,1868,﻿,﻿,﻿Hartford,Hartford
﻿har.ct.0002_02,﻿school,not recorded,English,,﻿St. Patrick's,,,,﻿Providence,﻿Providence,﻿RI,,,,,,,,,,,,,﻿student,"﻿Pupils, 200",﻿under the direction of the Sisters of Mercy,,1868,﻿,﻿,﻿Hartford,Hartford
﻿har.ct.0026_02,﻿school,not recorded,English,,﻿St. Mary's,,,,﻿Pawtucket,﻿Pawtucket,﻿RI,,,,,,,,,,,,,﻿student,"﻿Pupils, 400",﻿under the charge of the Sisters of Mercy,,1868,﻿,﻿,﻿Hartford,Hartford
﻿har.ct.0035_02,﻿school,not recorded,English,﻿boys and girls under secular teachers,﻿St. Charles',,,,﻿Woonsocket,﻿Woonsocket,﻿RI,,,,,,,,,,,,,﻿child,"﻿boys, 100",,,1868,﻿,﻿,﻿Hartford,Hartford
﻿har.ct.0035_02,﻿school,not recorded,English,﻿boys and girls under secular teachers,﻿St. Charles',,,,﻿Woonsocket,﻿Woonsocket,﻿RI,,,,,,,,,,,,,﻿child,"﻿girls, 120",,,1868,﻿,﻿,﻿Hartford,Hartford
﻿har.ct.0025_02,﻿school,not recorded,English,,﻿St. Mary's,,,,﻿Newport,﻿Newport,﻿RI,,,,,,,,,,,,,﻿student,"﻿Pupils, 300",﻿under the charge of Sisters of Mercy,,1868,﻿,﻿,﻿Hartford,Hartford
﻿har.ct.0097_02,﻿school,not recorded,English,,﻿St. Mary's,,,,﻿New-Haven,﻿New Haven,﻿CT,,,,,,,,,,,,,﻿student,"﻿Pupils, 300",﻿under the charge of Sisters of Mercy,,1868,﻿,﻿,﻿Hartford,Hartford
﻿har.ct.0098_02,﻿school,not recorded,English,,﻿St. Patrick's,,,,﻿New-Haven,﻿New Haven,﻿CT,,,,,,,,,,,,,﻿student,"﻿Pupils, 700",﻿under the charge of Sisters of Mercy,,1868,﻿,﻿,﻿Hartford,Hartford
﻿har.ct.0076_02,﻿school,not recorded,English,,﻿St. Patrick's,,,,﻿Hartford,﻿Hartford,﻿CT,,,,,,,,,,,,,﻿student,"﻿Pupils, 500",﻿under the charge of Sisters of Mercy,,1868,﻿,﻿,﻿Hartford,Hartford
﻿har.ct.0077_02,﻿school,not recorded,English,,﻿St. Peter's,,,,﻿Hartford,﻿Hartford,﻿CT,,,,,,,,,,,,,,,,,1868,﻿,﻿,﻿Hartford,Hartford
﻿har.ct.0133_02,﻿school,not recorded,English,"﻿Boys under the charge of lay teachers, girls under the direction of secular teachers",﻿Immaculate Conception,,,,﻿Waterbury,﻿Waterbury,﻿CT,,,,,,,,,,,,,﻿child,"﻿boys, 200",,,1868,﻿,﻿,﻿Hartford,Hartford
﻿har.ct.0133_02,﻿school,not recorded,English,"﻿Boys under the charge of lay teachers, girls under the direction of secular teachers",﻿Immaculate Conception,,,,﻿Waterbury,﻿Waterbury,﻿CT,,,,,,,,,,,,,﻿child,"﻿girls, 175",,,1868,﻿,﻿,﻿Hartford,Hartford
﻿har.ct.0093_02,﻿school,not recorded,English,﻿lay teachers,﻿St. Mary's,,,,﻿New-Britain,﻿New Britain,﻿CT,,,,,,,,,,,,,﻿child,"﻿boys, 170",,,1868,﻿,﻿,﻿Hartford,Hartford
﻿har.ct.0093_02,﻿school,not recorded,English,﻿lay teachers,﻿St. Mary's,,,,﻿New-Britain,﻿New Britain,﻿CT,,,,,,,,,,,,,﻿child,"﻿girls, 132",,,1868,﻿,﻿,﻿Hartford,Hartford
﻿har.ct.0086_02,﻿school,not recorded,English,﻿lay teachers,﻿St. Rose of Lima,,,,﻿Meriden,﻿Meriden,﻿CT,,,,,,,,,,,,,﻿child,"﻿boys, 175",,,1868,﻿,﻿,﻿Hartford,Hartford
﻿har.ct.0086_02,﻿school,not recorded,English,﻿lay teachers,﻿St. Rose of Lima,,,,﻿Meriden,﻿Meriden,﻿CT,,,,,,,,,,,,,﻿child,"﻿girls, 75",,,1868,﻿,﻿,﻿Hartford,Hartford
﻿har.ct.0132_02,﻿school,not recorded,English,﻿lay teachers,﻿Most Holy Trinity,,,,﻿Wallingford,﻿Wallingford,﻿CT,,,,,,,,,,,,,﻿child,"﻿boys, 45",,,1868,﻿,﻿,﻿Hartford,Hartford
﻿har.ct.0132_02,﻿school,not recorded,English,﻿lay teachers,﻿Most Holy Trinity,,,,﻿Wallingford,﻿Wallingford,﻿CT,,,,,,,,,,,,,﻿child,"﻿girls, 45",,,1868,﻿,﻿,﻿Hartford,Hartford
﻿har.ct.0087_02,﻿school,not recorded,English,﻿lay teachers,﻿St. John's,,,,﻿Middletown,﻿Middletown,﻿CT,,,,,,,,,,,,,﻿child,"﻿boys, 220",,,1868,﻿,﻿,﻿Hartford,Hartford
﻿har.ct.0087_02,﻿school,not recorded,English,﻿lay teachers,﻿St. John's,,,,﻿Middletown,﻿Middletown,﻿CT,,,,,,,,,,,,,﻿child,"﻿girls, 261",,,1868,﻿,﻿,﻿Hartford,Hartford
﻿har.ct.0124_02,﻿school,not recorded,English,"﻿boys under the charge of one lay teacher, girls under the direction of one secular teacher",﻿St. John's,,,,﻿Stamford,﻿Stamford,﻿CT,,,,,,,,,,,,,﻿child,"﻿boys, 125",,,1868,﻿,﻿,﻿Hartford,Hartford
﻿har.ct.0124_02,﻿school,not recorded,English,"﻿boys under the charge of one lay teacher, girls under the direction of one secular teacher",﻿St. John's,,,,﻿Stamford,﻿Stamford,﻿CT,,,,,,,,,,,,,﻿child,"﻿girls, 130",,,1868,﻿,﻿,﻿Hartford,Hartford
﻿har.ct.0055_02,﻿school,not recorded,English,"﻿boys under the charge of one lay teacher, girls in charge of one secular teacher",﻿St. Peter's,,,,﻿Danbury,﻿Danbury,﻿CT,,,,,,,,,,,,,﻿child,"﻿boys, 90",,,1868,﻿,﻿,﻿Hartford,Hartford
﻿har.ct.0055_02,﻿school,not recorded,English,"﻿boys under the charge of one lay teacher, girls in charge of one secular teacher",﻿St. Peter's,,,,﻿Danbury,﻿Danbury,﻿CT,,,,,,,,,,,,,﻿child,"﻿girls, 115",,,1868,﻿,﻿,﻿Hartford,Hartford
﻿har.ct.0039_02,﻿school,not recorded,English,"﻿boys under the direction of one secular teacher, girls under the charge of one lay teacher",﻿St. James',,,,﻿Bridgeport,﻿Bridgeport,﻿CT,,,,,,,,,,,,,﻿child,"﻿boys, 120",,,1868,﻿,﻿,﻿Hartford,Hartford
﻿har.ct.0039_02,﻿school,not recorded,English,"﻿boys under the direction of one secular teacher, girls under the charge of one lay teacher",﻿St. James',,,,﻿Bridgeport,﻿Bridgeport,﻿CT,,,,,,,,,,,,,﻿child,"﻿girls, 130",,,1868,﻿,﻿,﻿Hartford,Hartford
﻿har.ct.0099_02,﻿school,not recorded,English,﻿lay teachers,﻿St. John's,,,,﻿New-Haven,﻿New Haven,﻿CT,,,,,,,,,,,,,﻿child,"﻿boys, 200",,,1868,﻿,﻿,﻿Hartford,Hartford
﻿har.ct.0099_02,﻿school,not recorded,English,﻿lay teachers,﻿St. John's,,,,﻿New-Haven,﻿New Haven,﻿CT,,,,,,,,,,,,,﻿child,"﻿girls, 200",,,1868,﻿,﻿,﻿Hartford,Hartford
﻿har.ct.0107_02,﻿school,not recorded,English,"﻿boys under the charge of one secular teacher, girls under the direction of one secular teacher",﻿St. Mary's,,,,﻿Norwalk,﻿Norwalk,﻿CT,,,,,,,,,,,,,﻿child,"﻿boys, 75",,,1868,﻿,﻿,﻿Hartford,Hartford
﻿har.ct.0107_02,﻿school,not recorded,English,"﻿boys under the charge of one secular teacher, girls under the direction of one secular teacher",﻿St. Mary's,,,,﻿Norwalk,﻿Norwalk,﻿CT,,,,,,,,,,,,,﻿child,"﻿girls, 80",,,1868,﻿,﻿,﻿Hartford,Hartford
﻿har.ct.0189,﻿school,not recorded,English,,﻿St. Anthony of Padua,,,,﻿Winsted,﻿Winsted,﻿CT,,,,,,,,,,,,,﻿child,﻿200 girls and boys,﻿under the charge of the Sisters of the Third Order of St. Francis,,1868,﻿,﻿,﻿Hartford,Hartford
