instID,church_type,instName,language,instNote,placeName,region,county_orig,county_reg,city_orig,city_reg,state_orig,state_reg,latitude,longitude,attendingInstID,attendingChurch,attendingChurchFrequency,persID,persTitle,persName,persSuffix,persRole,persNote,memberType,member,affiliated,order,year,attendingPersID,attendingChurchNote,diocese,diocese_reg
﻿mar.mi.0001,﻿cathedral,﻿St. Peter's Cathedral,English,,,,﻿Marquette County,﻿Marquette County,﻿Marquette,﻿Marquette,﻿MI,,46.541311,-87.398755,,,,,﻿Rt. Rev.,﻿——,,,,,,,,1868,﻿,﻿,﻿Marquette and Saut-Sainte-Marie,Marquette
﻿mar.mi.0001,﻿cathedral,﻿St. Peter's Cathedral,English,,,,﻿Marquette County,﻿Marquette County,﻿Marquette,﻿Marquette,﻿MI,,46.541311,-87.398755,,,,﻿e_jacker_001,﻿Very Rev.,﻿Edward Jacker,,﻿V.G.,,,,,,1868,﻿,﻿,﻿Marquette and Saut-Sainte-Marie,Marquette
﻿mar.mi.0002,﻿church,﻿St. Mary's Church,English,,,,﻿Chippewa County,﻿Chippewa County,﻿Saut-Sainte-Marie,﻿Sault Ste. Marie,﻿MI,,46.490214,-84.317847,,,,,﻿Rev.,﻿John B. Menet,﻿S.J.,,,,,,,1868,﻿,﻿,﻿Marquette and Saut-Sainte-Marie,Marquette
﻿mar.mi.0042,﻿church,﻿Church of the Holy Cross,English,,"﻿on Beaver Island, in Lake Michigan",,,,﻿Beaver Harbor,,,,,,,,,,﻿Rev.,﻿Peter Gallagher,,,,,,,,1868,﻿,﻿,﻿Marquette and Saut-Sainte-Marie,Marquette
﻿mar.mi.0018,﻿church,not recorded,English,,"﻿Beaver Island, Southern End",,,﻿Charlevoix County,,﻿Beaver Island,﻿MI,,45.646763,-85.552073,﻿mar.mi.0042,"﻿occasionally visited by Rev. P. Gallagher, from Beaver Harbor",,,,,,,,,,,,1868,﻿,﻿,﻿Marquette and Saut-Sainte-Marie,Marquette
﻿mar.mi.0003,﻿church,﻿Church of the Assumption of the B.V. Mary,English,,"﻿Clifton, or Cliff Mine",,﻿Keweenaw County,﻿Keweenaw County,"﻿Clifton, or Cliff Mine",﻿Phoenix,﻿MI,,47.388983,-88.276564,﻿mar.mi.0004,﻿Attended every second Sunday from Eagle Harbor,,,,,,,,,,,,1868,﻿,﻿,﻿Marquette and Saut-Sainte-Marie,Marquette
﻿mar.mi.0026,﻿station,not recorded,English,,,,﻿Keweenaw County,﻿Keweenaw County,﻿Copper Harbor,﻿Copper Harbor,﻿MI,,47.468311,-87.89032,﻿mar.mi.0004,﻿Attended occasionally from Eagle Harbor,,,,,,,,,,,,1868,﻿,﻿,﻿Marquette and Saut-Sainte-Marie,Marquette
﻿mar.mi.0004,﻿church,﻿Church of the Most Holy Redeemer,English,,,,﻿Keweenaw County,﻿Keweenaw County,﻿Eagle Harbor,﻿Eagle Harbor,﻿MI,,47.456377,-88.165351,,,,,﻿Rev.,﻿John Burns,,,,,,,,1868,﻿,﻿,﻿Marquette and Saut-Sainte-Marie,Marquette
﻿mar.mi.0043,﻿church,not recorded,English,,﻿Bay De Noc,,﻿Schoolcraft County,,﻿Escanaba,,,,,,,,,﻿seb_duroc_001,﻿Rev.,﻿S. Duroc,,,,,,,,1868,﻿,﻿,﻿Marquette and Saut-Sainte-Marie,Marquette
﻿mar.mi.0006,﻿church,﻿Church of the Immaculate Conception of the B.V. Mary,English,﻿Indian church,﻿in Lake Michigan,,,﻿Charlevoix County,﻿Garden Island,﻿Garden Island,﻿MI,,45.800935,-85.490699,﻿mar.mi.0042,﻿Attended from Beaver Harbor,,,,,,,,,,,,1868,﻿,﻿,﻿Marquette and Saut-Sainte-Marie,Marquette
﻿mar.mi.0028,﻿station,not recorded,English,﻿no church,,,﻿Houghton County,﻿Houghton County,﻿Calumet Mine,﻿Calumet,﻿MI,,47.250075,-88.453827,﻿mar.mi.0007,﻿Attended occasionally from Hancock,,,,,,,,,,,,1868,﻿,﻿,﻿Marquette and Saut-Sainte-Marie,Marquette
﻿mar.mi.0007,﻿church,﻿St. Ann's Church,English,,﻿Portage Lake,,﻿Houghton County,﻿Houghton County,﻿Hancock,﻿Hancock,﻿MI,,47.145241,-88.593471,,,,,﻿Rev.,﻿Edmond Walsh,,﻿P.P.,,,,,,1868,﻿,﻿,﻿Marquette and Saut-Sainte-Marie,Marquette
﻿mar.mi.0007,﻿church,﻿St. Ann's Church,English,,﻿Portage Lake,,﻿Houghton County,﻿Houghton County,﻿Hancock,﻿Hancock,﻿MI,,47.145241,-88.593471,,,,,﻿Rev.,﻿William Dwyer,,﻿Assist. P.,,,,,,1868,﻿,﻿,﻿Marquette and Saut-Sainte-Marie,Marquette
﻿mar.mi.0007,﻿church,﻿St. Ann's Church,English,,﻿Portage Lake,,﻿Houghton County,﻿Houghton County,﻿Hancock,﻿Hancock,﻿MI,,47.145241,-88.593471,,,,,﻿Rev.,﻿James Sweeney,,,,,,,,1868,﻿,﻿,﻿Marquette and Saut-Sainte-Marie,Marquette
﻿mar.mi.0008,﻿church,﻿Church of St. Ignatius Loyola,English,,﻿Portage Lake,,﻿Houghton County,﻿Houghton County,﻿Houghton,﻿Houghton,﻿MI,,47.120107,-88.565049,,,,﻿joh_b_vertin_001,﻿Rev.,﻿John Vertin,,,,,,,,1868,﻿,﻿,﻿Marquette and Saut-Sainte-Marie,Marquette
﻿mar.mi.0009,﻿church,﻿Church of St. Joseph,English,,"﻿(Indian Reserve, Sugar Island)",,﻿Chippewa County,﻿Chippewa County,,﻿Sugar Island,﻿MI,,46.426849,-84.192567,,"﻿Attended occasionally from Garden River, Canada",,,,,,,,,,,,1868,﻿,﻿,﻿Marquette and Saut-Sainte-Marie,Marquette
﻿mar.mi.0044,﻿church,not recorded,English,,﻿Keweenaw Point District,,,,,,,,,,﻿mar.mi.0004,﻿Visited occasionally by the Rev. John Burns,,,,,,,,,,,,1868,﻿,﻿,﻿Marquette and Saut-Sainte-Marie,Marquette
﻿mar.mi.0010,﻿church,﻿Church of the Most Holy Name of Jesus,English,,,,﻿Houghton County,﻿Baraga County,﻿L'Anse,﻿L'Anse,﻿MI,,46.756599,-88.452908,,,,,﻿Rev.,﻿Gerard Terhost,,,,,,,,1868,﻿,﻿,﻿Marquette and Saut-Sainte-Marie,Marquette
﻿mar.mi.0011,﻿church,﻿St. Ann's Church,English,,,,﻿Michilimackinac County,﻿Mackinac County,﻿Mackinac,﻿Mackinac Island,﻿MI,,45.857611,-84.620411,﻿mar.mi.0049,﻿Attended occasionally from Cross Village,,,,,,,,,,,,1868,﻿,﻿,﻿Marquette and Saut-Sainte-Marie,Marquette
﻿mar.mi.0012,﻿church,﻿St. Martin's Church,English,,,,﻿Ontonagon County,﻿Ontonagon County,﻿Maple Grove,﻿Greenland,﻿MI,,46.979497,-89.517511,﻿mar.mi.0045,﻿Attended by the Rev. M.A. Fox,,,,,,,,,,,,1868,﻿,﻿,﻿Marquette and Saut-Sainte-Marie,Marquette
﻿mar.mi.0045,﻿church,﻿St. Patrick's Church,English,,﻿Minnesota Mine,,﻿Ontonagon County,,,,,,,,,,,,﻿Rev.,﻿Martin A. Fox,,,,,,,,1868,﻿,﻿,﻿Marquette and Saut-Sainte-Marie,Marquette
﻿mar.mi.0046,﻿church,not recorded,English,,﻿Nebraska Mine,,﻿Ontonagon County,,,,,,,,﻿mar.mi.0045,﻿Attended by the Rev. M.A. Fox,,,,,,,,,,,,1868,﻿,﻿,﻿Marquette and Saut-Sainte-Marie,Marquette
﻿mar.mi.0014,﻿church,﻿St. Paul's Church,English,,,,﻿Marquette County,﻿Marquette County,﻿Negaunee,﻿Negaunee,﻿MI,,46.500368,-87.610559,,,,,﻿Rev.,﻿Honoratus Bourion,,,,,,,,1868,﻿,﻿,﻿Marquette and Saut-Sainte-Marie,Marquette
﻿mar.mi.0015,﻿church,﻿Church of St. Francis Xavier,English,,,,﻿Ontonagon County,﻿Ontonagon County,﻿Norwich Mine,﻿Matchwood Township,﻿MI,,46.630759,-89.483389,﻿mar.mi.0045,﻿Attended occasionally by the Rev. M.A. Fox,,,,,,,,,,,,1868,﻿,﻿,﻿Marquette and Saut-Sainte-Marie,Marquette
﻿mar.mi.0016,﻿church,﻿St. Patrick's Church,English,,﻿Ontonagon Village,,﻿Ontonagon County,﻿Ontonagon County,﻿Ontonagon,﻿Ontonagon,﻿MI,,46.863369,-89.298401,﻿mar.mi.0045,﻿Attended by the Rev. M.A. Fox,,,,,,,,,,,,1868,﻿,﻿,﻿Marquette and Saut-Sainte-Marie,Marquette
﻿mar.mi.0017,﻿church,﻿Church of St. Ignatius Loyola,English,,,,﻿Michilimackinac County,﻿Mackinac County,﻿Point St. Ignace,﻿St Ignace,﻿MI,,45.86569,-84.722146,﻿mar.mi.0049,﻿Attended occasionally from Cross Village,,,,,,,,,,,,1868,﻿,﻿,﻿Marquette and Saut-Sainte-Marie,Marquette
﻿mar.mi.0020,﻿church,"﻿Church of Our Saviour, the Friend of Children",English,,,,﻿Chippewa County,﻿Chippewa County,﻿Sugar Island,﻿Sugar Island Township,﻿MI,,46.52738715,-84.15135472,,"﻿Attended occasionally from Garden River, Canada",,,,,,,,,,,,1868,﻿,﻿,﻿Marquette and Saut-Sainte-Marie,Marquette
﻿mar.mi.0047,﻿church,not recorded,English,,﻿Thunder Bay,,﻿Alpena County,﻿Alpena County,﻿Alpena,﻿Alpena,﻿MI,,45.06439,-83.437083,,,,﻿pat_b_murray_002,﻿Rev.,﻿Patrick Murray,,,,,,,,1868,﻿,﻿,﻿Marquette and Saut-Sainte-Marie,Marquette
﻿mar.mi.0048,﻿church,﻿St. Francis Xavier's Church,English,,﻿Bear River,,﻿Emmet County,﻿Emmet County,,﻿Petoskey,﻿MI,,45.641897,-84.976907,﻿mar.mi.0062,﻿Attended from Little Traverse by the Rev. S. Zorn,,,,,,,,,,,,1868,﻿,﻿,﻿Marquette and Saut-Sainte-Marie,Marquette
﻿mar.mi.0049,﻿church,﻿Church of the Holy Cross,English,﻿Indian Mission,"﻿Cross Village, or La Croix",,﻿Emmet County,,,,﻿MI,,45.642231,-85.037561,,,,,﻿Rev.,﻿Nicholas Sifferath,,,,,,,,1868,﻿,﻿,﻿Marquette and Saut-Sainte-Marie,Marquette
﻿mar.mi.0050,﻿church,not recorded,English,,,,﻿Sheboygan County,,﻿Duncanville,﻿Cheboygan,﻿MI,,45.64956,-84.474479,﻿mar.mi.0011,﻿Attended occasionally from Mackinac,,,,,,,,,,,,1868,﻿,﻿,﻿Marquette and Saut-Sainte-Marie,Marquette
﻿mar.mi.0051,﻿church,﻿St. Mary's Church,English,﻿Indian Mission,,,﻿Lelanaw County,,﻿Eagletown,﻿Peshawbestown,﻿MI,,,,,,,,﻿Very Rev.,﻿Ignatius Mrack,,﻿V.G.,,,,,,1868,﻿,﻿,﻿Marquette and Saut-Sainte-Marie,Marquette
﻿mar.mi.0052,﻿station,not recorded,English,"﻿station without church, attended from Eagletown (1)",,,,,"﻿Carp River, or Leland",,﻿MI,,45.022875,-85.760116,﻿mar.mi.0051,﻿attended from Eagletown,,,,,,,,,,,,1868,﻿,﻿,﻿Marquette and Saut-Sainte-Marie,Marquette
﻿mar.mi.0053,﻿station,not recorded,English,"﻿station without church, attended from Eagletown (2)",,,,,"﻿Frankfort, or Betsic River",,﻿MI,,44.633622,-86.234184,﻿mar.mi.0051,﻿attended from Eagletown,,,,,,,,,,,,1868,﻿,﻿,﻿Marquette and Saut-Sainte-Marie,Marquette
﻿mar.mi.0054,﻿station,not recorded,English,"﻿station without church, attended from Eagletown (3)",,,,,"﻿Glen Harbor, or Sleeping Bear",,﻿MI,,42.244483,-83.145757,﻿mar.mi.0051,﻿attended from Eagletown,,,,,,,,,,,,1868,﻿,﻿,﻿Marquette and Saut-Sainte-Marie,Marquette
﻿mar.mi.0055,﻿station,not recorded,English,"﻿station without church, attended from Eagletown (4)",,,,,﻿Manitou Islands,,﻿MI,,,,﻿mar.mi.0051,﻿attended from Eagletown,,,,,,,,,,,,1868,﻿,﻿,﻿Marquette and Saut-Sainte-Marie,Marquette
﻿mar.mi.0056,﻿station,not recorded,English,"﻿station without church, attended from Eagletown (5)",,,,,﻿Mapleton,,﻿MI,,43.566693,-84.182763,﻿mar.mi.0051,﻿attended from Eagletown,,,,,,,,,,,,1868,﻿,﻿,﻿Marquette and Saut-Sainte-Marie,Marquette
﻿mar.mi.0057,﻿station,not recorded,English,"﻿station without church, attended from Eagletown (6)",,,,,﻿Northport,,﻿MI,,45.131388,-85.616751,﻿mar.mi.0051,﻿attended from Eagletown,,,,,,,,,,,,1868,﻿,﻿,﻿Marquette and Saut-Sainte-Marie,Marquette
﻿mar.mi.0058,﻿station,not recorded,English,"﻿station without church, attended from Eagletown (7)",,,,,﻿North Unity,,﻿MI,,43.305734,-85.189404,﻿mar.mi.0051,﻿attended from Eagletown,,,,,,,,,,,,1868,﻿,﻿,﻿Marquette and Saut-Sainte-Marie,Marquette
﻿mar.mi.0059,﻿station,not recorded,English,"﻿station without church, attended from Eagletown (8)",,,,,﻿Old Mission,,﻿MI,,44.962223,-85.485356,﻿mar.mi.0051,﻿attended from Eagletown,,,,,,,,,,,,1868,﻿,﻿,﻿Marquette and Saut-Sainte-Marie,Marquette
﻿mar.mi.0060,﻿station,not recorded,English,"﻿station without church, attended from Eagletown (9)",,,,,﻿The Narrows,,﻿MI,,42.495566,-71.34876,﻿mar.mi.0051,﻿attended from Eagletown,,,,,,,,,,,,1868,﻿,﻿,﻿Marquette and Saut-Sainte-Marie,Marquette
﻿mar.mi.0061,﻿station,not recorded,English,"﻿station without church, attended from Eagletown (10)",,,,,﻿Traverse City,,﻿MI,,44.760648,-85.616598,﻿mar.mi.0051,﻿attended from Eagletown,,,,,,,,,,,,1868,﻿,﻿,﻿Marquette and Saut-Sainte-Marie,Marquette
﻿mar.mi.0062,﻿church,﻿Church of the Holy Infancy of Jesus,English,﻿Indian Mission,,,﻿Emmet County,﻿Emmet County,﻿Little Traverse,﻿Harbor Springs,﻿MI,,45.431676,-84.991999,,,,,﻿Rev.,﻿S. Zorn,,,,,,,,1868,﻿,﻿,﻿Marquette and Saut-Sainte-Marie,Marquette
﻿mar.mi.0063,﻿church,﻿Church of St. Ignatius Loyola,English,,﻿Middle Village,,﻿Emmet County,﻿Emmet County,,﻿Middle Village,﻿MI,,40.778936,-73.958956,﻿mar.mi.0049,﻿Attended every third Sunday from Cross Village,,,,,,,,,,,,1868,﻿,﻿,﻿Marquette and Saut-Sainte-Marie,Marquette
﻿mar.mi.0064,﻿church,﻿Church of the B.V. Mary,English,,﻿Sheboygan Village,,﻿Sheboygan County,﻿Cheboygan County,,﻿Cheboygan,﻿MI,,45.646956,-84.47448,﻿mar.mi.0062,﻿Attended once a month from Little Traverse,,,,,,,,,,,,1868,﻿,﻿,﻿Marquette and Saut-Sainte-Marie,Marquette
﻿mar.mi.0065,﻿church,not recorded,English,,"﻿Bad River, or Swamp River. Lake Superior",,﻿Lapointe County,,"﻿Bad River, or Swamp River",,﻿WI,,,,﻿lac.wi.0004,﻿Attended once a month by Rev. John Chebul,,,﻿Rev.,﻿John Chebul,,,,,,,,1868,﻿,﻿,﻿Marquette and Saut-Sainte-Marie,Marquette
﻿lac.wi.0004,﻿church,﻿Christ Church,﻿Lake Superior,,﻿Lake Superior,,﻿Lapointe County,,﻿Bayfield,,﻿WI,,46.810767,-90.81824,,,,,﻿Rev.,﻿John Chebul,,,,,,,,1868,﻿,﻿,﻿Marquette and Saut-Sainte-Marie,Marquette
﻿mar.mi.0066,﻿church,not recorded,English,,﻿Lake Superior,,﻿Lapointe County,,﻿Lapointe,,﻿WI,,,,﻿lac.wi.0004,﻿Attended every second Sunday from Bayfield,,,,,,,,,,,,1868,﻿,﻿,﻿Marquette and Saut-Sainte-Marie,Marquette
﻿mar.mi.0067,﻿church,not recorded,English,,﻿Lake Superior,,﻿Douglas County,,﻿Superior,,﻿WI,,,,,,,﻿cha_magnée_001,﻿Rev.,﻿Charles V. Magnée,,,,,,,,1868,﻿,﻿,﻿Marquette and Saut-Sainte-Marie,Marquette
﻿mar.mi.0038&0038_02&0038_03&0038_04,"﻿convent, academy, school","﻿Ursuline Convent, Academy, Boarding and Day School",English,,,,﻿Marquette County,﻿Marquette County,﻿Marquette,﻿Marquette,﻿MI,,46.54362,-87.395371,,,,,﻿Mother,﻿Mary Teresa,,﻿Superioress,,,,,,1868,﻿,﻿,﻿Marquette and Saut-Sainte-Marie,Marquette
﻿mar.mi.0039&0039_02&0039_03&0039_04,"﻿convent, academy, school","﻿Convent of Sisters of St. Joseph, Academy, Boarding and Day-School",English,,,,﻿Houghton County,﻿Houghton County,﻿Hancock,﻿Hancock,﻿MI,,47.126871,-88.580956,,,,,﻿Mother,﻿Mary Gonzague,,﻿Superioress,,,,﻿Sisters of St. Joseph,,1868,﻿,﻿,﻿Marquette and Saut-Sainte-Marie,Marquette
﻿mar.mi.0040&0040_02&0040_03,"﻿convent, school","﻿Convent of Sisters of St. Joseph, Boarding and Day-School",English,,,,﻿Chippewa County,﻿Chippewa County,﻿Saut-Sainte-Marie,﻿Sault Ste. Marie,﻿MI,,46.497712,-84.347588,,,,,﻿Mother,﻿Mary De Chantal,,﻿Superioress,,,,﻿Sisters of St. Joseph,,1868,﻿,﻿,﻿Marquette and Saut-Sainte-Marie,Marquette
﻿mar.mi.0041&0041_02&0041_03,"﻿convent, school","﻿Convent of Sisters of St. Joseph, Boarding and Day-School",English,,,,﻿Houghton County,﻿Baraga County,﻿L'Anse,﻿L'Anse,﻿MI,,46.756599,-88.452908,,,,,﻿Mother,﻿Justine,,﻿Superioress,,,,﻿Sisters of St. Joseph,,1868,﻿,﻿,﻿Marquette and Saut-Sainte-Marie,Marquette
﻿mar.mi.0068,﻿convent,﻿Convent of Brothers of the Third Order of St. Francis of Asissi,English,,﻿Cross Village,,﻿Emmet County,,﻿Cross Village,,﻿MI,,,,,,,,﻿Rev.,﻿John Bernard Weikamp,,﻿Guardian,,,,﻿Brothers of the Third Order of St. Francis of Assisi,,1868,﻿,﻿,﻿Marquette and Saut-Sainte-Marie,Marquette
﻿mar.mi.0069,﻿convent,﻿Convent of Sisters of the Third Order of St. Francis of Asissi,English,,﻿Cross Village,,﻿Emmet County,,﻿Cross Village,,﻿MI,,,,,,,,,,,,,,,﻿Sisters of the Third Order of St. Francis of Assisi,,1868,﻿,﻿,﻿Marquette and Saut-Sainte-Marie,Marquette
﻿mar.mi.0049_02,﻿day school,not recorded,English,﻿day school for boys and girls,,,﻿Emmet County,,﻿Cross Village,,﻿MI,,45.642231,-85.037561,,,,,,,,,,,,,,1868,﻿,﻿,﻿Marquette and Saut-Sainte-Marie,Marquette
﻿mar.mi.0051_02,﻿day school,not recorded,English,﻿day school for boys and girls,,,﻿Lelanaw County,,﻿Eagletown,,﻿MI,,,,,,,,,,,,,,,,,1868,﻿,﻿,﻿Marquette and Saut-Sainte-Marie,Marquette
﻿mar.mi.0006_02,﻿day school,not recorded,English,﻿day school for boys and girls,,,,﻿Charlevoix County,﻿Garden Islands,,﻿MI,,45.800935,-85.490699,,,,,,,,,,,,,,1868,﻿,﻿,﻿Marquette and Saut-Sainte-Marie,Marquette
﻿mar.mi.0010_02,﻿day school,not recorded,English,﻿day school for boys and girls,,,﻿Houghton County,﻿Baraga County,﻿L'Anse,﻿L'Anse,﻿MI,,46.756599,-88.452908,,,,,,,,,,,,,,1868,﻿,﻿,﻿Marquette and Saut-Sainte-Marie,Marquette
﻿mar.mi.0062_02,﻿day school,not recorded,English,﻿day school for boys and girls,,,﻿Emmet County,,﻿Little Traverse,,﻿MI,,45.431676,-84.991999,,,,,,,,,,,,,,1868,﻿,﻿,﻿Marquette and Saut-Sainte-Marie,Marquette
﻿mar.mi.0011_02,﻿day school,not recorded,English,﻿day school for boys and girls,,,﻿Michilimackinac County,﻿Mackinac County,﻿Mackinac,﻿Mackinac Island,﻿MI,,45.857611,-84.620411,,,,,,,,,,,,,,1868,﻿,﻿,﻿Marquette and Saut-Sainte-Marie,Marquette
﻿mar.mi.0001_02,﻿day school,not recorded,English,﻿day school for boys and girls,,,﻿Marquette County,﻿Marquette County,﻿Marquette,﻿Marquette,﻿MI,,46.541311,-87.398755,,,,,,,,,,,,,,1868,﻿,﻿,﻿Marquette and Saut-Sainte-Marie,Marquette
﻿mar.mi.0016_02,﻿day school,not recorded,English,﻿day school for boys and girls,,,﻿Ontonagon County,﻿Ontonagon County,﻿Ontonagon,﻿Ontonagon,﻿MI,,46.863369,-89.298401,,,,,,,,,,,,,,1868,﻿,﻿,﻿Marquette and Saut-Sainte-Marie,Marquette
﻿mar.mi.0017_02,﻿day school,not recorded,English,﻿day school for boys and girls,,,﻿Michilimackinac County,﻿Mackinac County,﻿Point St. Ignace,﻿St Ignace,﻿MI,,45.86569,-84.722146,,,,,,,,,,,,,,1868,﻿,﻿,﻿Marquette and Saut-Sainte-Marie,Marquette
﻿mar.mi.0079,﻿day school,not recorded,English,﻿day school for boys and girls,,,,,﻿Redcliff,,﻿MI,,,,,,,,,,,,,,,,,1868,﻿,﻿,﻿Marquette and Saut-Sainte-Marie,Marquette
﻿mar.mi.0080,﻿day school,not recorded,English,﻿day school for boys and girls,,,,,﻿Rockland,,﻿MI,,,,,,,,,,,,,,,,,1868,﻿,﻿,﻿Marquette and Saut-Sainte-Marie,Marquette
﻿mar.mi.0002_02,﻿day school,not recorded,English,﻿day school for boys and girls,,,﻿Chippewa County,﻿Chippewa County,﻿Saut-Sainte-Marie,,﻿MI,,46.490214,-84.317847,,,,,,,,,,,,,,1868,﻿,﻿,﻿Marquette and Saut-Sainte-Marie,Marquette
