instID,church_type,instName,language,instNote,placeName,region,county_orig,county_reg,city_orig,city_reg,state_orig,state_reg,latitude,longitude,attendingInstID,attendingChurch,attendingChurchFrequency,persID,persTitle,persName,persSuffix,persRole,persNote,memberType,member,affiliated,order,year,attendingPersID,attendingChurchNote,diocese,diocese_reg
﻿mil.wi.0001,﻿cathedral,﻿St. John's Cathedral,English,,﻿Corner of Jackson and Oneida streets,,,﻿Milwaukee County,﻿Milwaukee,﻿Milwaukee,﻿WI,,43.0418045,-87.9041176,,,,﻿joh_m_henni_001,﻿Rt. Rev.,﻿J. M. Henni,﻿D.D.,,,,,,,1870,﻿,﻿,﻿Milwaukee,Milwaukee
﻿mil.wi.0001,﻿cathedral,﻿St. John's Cathedral,English,,﻿Corner of Jackson and Oneida streets,,,﻿Milwaukee County,﻿Milwaukee,﻿Milwaukee,﻿WI,,43.0418045,-87.9041176,,,,﻿mar_kundig_001,﻿Very Rev.,﻿M. Kundig,,,,,,,,1870,﻿,﻿,﻿Milwaukee,Milwaukee
﻿mil.wi.0001,﻿cathedral,﻿St. John's Cathedral,English,,﻿Corner of Jackson and Oneida streets,,,﻿Milwaukee County,﻿Milwaukee,﻿Milwaukee,﻿WI,,43.0418045,-87.9041176,,,,,﻿Rev.,﻿P. J. Donaghoe,,,,,,,,1870,﻿,﻿,﻿Milwaukee,Milwaukee
﻿mil.wi.0002,﻿church,﻿St. Mary's,English,,﻿Corner of Main and Biddle streets,,,﻿Milwaukee County,﻿Milwaukee,﻿Milwaukee,﻿WI,,43.04217259,-87.90796381,,,,,﻿Rev.,﻿L. Batz,,,,,,,,1870,﻿,﻿,﻿Milwaukee,Milwaukee
﻿mil.wi.0003,﻿church,﻿St. Gall's,English,,﻿Corner of Second and Sycamore streets,,,﻿Milwaukee County,﻿Milwaukee,﻿Milwaukee,﻿WI,,43.0372578,-87.91136058,,,,,﻿Rev.,﻿Stanislaus P. Lalumiere,﻿S.J.,﻿Superior,,,,,,1870,﻿,﻿,﻿Milwaukee,Milwaukee
﻿mil.wi.0003,﻿church,﻿St. Gall's,English,,﻿Corner of Second and Sycamore streets,,,﻿Milwaukee County,﻿Milwaukee,﻿Milwaukee,﻿WI,,43.0372578,-87.91136058,,,,,﻿Rev.,﻿Ignatius Maes,﻿S.J.,,,,,,,1870,﻿,﻿,﻿Milwaukee,Milwaukee
﻿mil.wi.0003,﻿church,﻿St. Gall's,English,,﻿Corner of Second and Sycamore streets,,,﻿Milwaukee County,﻿Milwaukee,﻿Milwaukee,﻿WI,,43.0372578,-87.91136058,,,,,﻿Rev.,﻿P. A. Nogues,﻿S.J.,,,,,,,1870,﻿,﻿,﻿Milwaukee,Milwaukee
﻿mil.wi.0003,﻿church,﻿St. Gall's,English,,﻿Corner of Second and Sycamore streets,,,﻿Milwaukee County,﻿Milwaukee,﻿Milwaukee,﻿WI,,43.0372578,-87.91136058,,,,﻿wm_schmidt_001,﻿Rev.,﻿W. Schmidt,﻿S.J.,,,,,,,1870,﻿,﻿,﻿Milwaukee,Milwaukee
﻿mil.wi.0003,﻿church,﻿St. Gall's,English,,﻿Corner of Second and Sycamore streets,,,﻿Milwaukee County,﻿Milwaukee,﻿Milwaukee,﻿WI,,43.0372578,-87.91136058,,,,,﻿Rev.,﻿F. P. Garesche,﻿S.J.,,,,,,,1870,﻿,﻿,﻿Milwaukee,Milwaukee
﻿mil.wi.0004,﻿church,﻿Holy Trinity,English,,﻿Corner of Park and Greenbush streets,,,﻿Milwaukee County,﻿Milwaukee,﻿Milwaukee,﻿WI,,43.02505719,-87.91581997,,,,,﻿Rev.,﻿L. Conrad,,,,,,,,1870,﻿,﻿,﻿Milwaukee,Milwaukee
﻿mil.wi.0005,﻿church,﻿St. Joseph's,English,,﻿Corner of Eleventh and Lisbon streets,,,﻿Milwaukee County,﻿Milwaukee,﻿Milwaukee,﻿WI,,43.04987049,-87.92610915,,,,,﻿Rev.,﻿Jos. Holzhauer,,,,,,,,1870,﻿,﻿,﻿Milwaukee,Milwaukee
﻿mil.wi.0006,﻿church,﻿St. Peter's,English,,﻿Corner of Martin and Jackson streets,,,﻿Milwaukee County,﻿Milwaukee,﻿Milwaukee,﻿WI,,43.0440071,-87.90522596,﻿mil.wi.0001,﻿Attended from the Cathedral,,,,,,,,,,,,1870,﻿,﻿,﻿Milwaukee,Milwaukee
﻿mil.wi.0007,﻿church,﻿St. Stanislaus',﻿Polish,,﻿Corner of Green and Grove streets,,,﻿Milwaukee County,﻿Milwaukee,﻿Milwaukee,﻿WI,,43.0125286,-87.9169658,,,,,﻿Rev.,﻿J. Jaster,,,,,,,,1870,﻿,﻿,﻿Milwaukee,Milwaukee
﻿mil.wi.0008,"﻿church, station",﻿St. John Nepomucene's,English,﻿Sclavonian missionary church and station,﻿Corner of Fourth and Cherry streets,,,﻿Milwaukee County,﻿Milwaukee,﻿Milwaukee,﻿WI,,43.05011005,-87.91518612,,,,,﻿Rev.,﻿J. Gartner,,,,,,,,1870,﻿,﻿,﻿Milwaukee,Milwaukee
﻿mil.wi.0008,"﻿church, station",﻿St. John Nepomucene's,English,﻿Sclavonian missionary church and station,﻿Corner of Fourth and Cherry streets,,,﻿Milwaukee County,﻿Milwaukee,﻿Milwaukee,﻿WI,,43.05011005,-87.91518612,,,,,﻿Rev.,﻿A. Lang,,,,,,,,1870,﻿,﻿,﻿Milwaukee,Milwaukee
﻿mil.wi.0008,"﻿church, station",﻿St. John Nepomucene's,English,﻿Sclavonian missionary church and station,﻿Corner of Fourth and Cherry streets,,,﻿Milwaukee County,﻿Milwaukee,﻿Milwaukee,﻿WI,,43.05011005,-87.91518612,,,,,﻿Rev.,﻿— Heller,,,,,,,,1870,﻿,﻿,﻿Milwaukee,Milwaukee
﻿mil.wi.0009,"﻿church, convent",﻿Capuchin Convent of St. Francis of Assisi,English,,﻿Corner of Fourth and Karman streets,,,﻿Milwaukee County,﻿Milwaukee,﻿Milwaukee,﻿WI,,43.05605512,-87.91599406,,,,,﻿Rev.,﻿P. Ivo,﻿O.M.C.,﻿Prov.,,,,,,1870,﻿,﻿,﻿Milwaukee,Milwaukee
﻿mil.wi.0009,"﻿church, convent",﻿Capuchin Convent of St. Francis of Assisi,English,,﻿Corner of Fourth and Karman streets,,,﻿Milwaukee County,﻿Milwaukee,﻿Milwaukee,﻿WI,,43.05605512,-87.91599406,,,,,﻿Sister,﻿Rosa,,﻿Superior,"﻿Listed as part of the Sisters of the Third Order of St. Francis Seraph, Mother House and Novitiate: mil.wi.0282",,,,,1870,﻿,﻿,﻿Milwaukee,Milwaukee
﻿mil.wi.0010,﻿church,﻿St. Mary's of the Holy Angels,English,,﻿Corner of Milwaukee and Knapp streets,,,﻿Milwaukee County,﻿Milwaukee,﻿Milwaukee,﻿WI,,43.04715648,-87.90754448,,,,,﻿Rev.,﻿F. X. Krautbauer,,﻿Chaplain,,,,,,1870,﻿,﻿,﻿Milwaukee,Milwaukee
﻿mil.wi.0011,﻿church,﻿St. Patrick's,English,,,,﻿Sheboygan County,﻿Sheboygan County,﻿Abbottown,,﻿WI,,43.61692068,-87.93144176,﻿mil.wi.0039,﻿Attended from Cascade,,,,,,,,,,,,1870,﻿,﻿,﻿Milwaukee,Milwaukee
﻿mil.wi.0012,﻿church,﻿St. Francis Xavier's,English,,,,﻿Green County,﻿Green County,﻿Adams,﻿Adams,﻿WI,,42.7269746,-89.7942892,﻿mil.wi.0145,﻿Attended by Rev. J. Casey,,﻿joh_casey_001,﻿Rev.,﻿J. Casey,,,,,,,,1870,﻿,﻿,﻿Milwaukee,Milwaukee
﻿mil.wi.0013,﻿church,﻿St. Anthony's,English,,,,﻿Washington County,﻿Washington County,﻿Addison,﻿Saint Anthony,﻿WI,,43.44279258,-88.34051459,,,,,﻿Rev.,﻿W. Engeln,,,,,,,,1870,﻿,﻿,﻿Milwaukee,Milwaukee
﻿mil.wi.0014,﻿church,﻿SS. Peter and Paul's,English,,,,﻿Washington County,﻿Washington County,﻿Addison,﻿Addison,﻿WI,,43.44628405,-88.39362299,,,,,﻿Rev.,﻿W. Engeln,,,,,,,,1870,﻿,﻿,﻿Milwaukee,Milwaukee
﻿mil.wi.0015,﻿church,﻿St. Francis of Sales,English,,,,﻿Green County,﻿Green County,﻿Albany,﻿Albany,﻿WI,,42.7355014,-89.4269287,﻿mil.wi.0028,﻿Attended by Rev. J. Kinsella,,﻿j_kinsella_001,﻿Rev.,﻿J. Kinsella,,,,,,,,1870,﻿,﻿,﻿Milwaukee,Milwaukee
﻿mil.wi.0016,﻿church,﻿St. Martin's,English,,,,﻿Fond du Lac County,﻿Fond du Lac County,﻿Ashford,﻿Ashford,﻿WI,,43.5869385,-88.3706558,,,,,﻿Rev.,﻿A. Michels,,,,,,,,1870,﻿,﻿,﻿Milwaukee,Milwaukee
﻿mil.wi.0017,﻿church,﻿St. Matthias's,English,,,,﻿Fond du Lac County,﻿Fond du Lac County,﻿Auburn,﻿Auburn,﻿WI,,43.5851177,-88.2071598,,,,,﻿Rev.,﻿C. Rehrl,,,,,,,,1870,﻿,﻿,﻿Milwaukee,Milwaukee
﻿mil.wi.0018,﻿church,﻿Immaculate Conception,English,,,,﻿Washington County,﻿Washington County,﻿Barton,﻿Barton,﻿WI,,43.4605559,-88.2363819,,,,,﻿Rev.,﻿J. Reindl,,,,,,,,1870,﻿,﻿,﻿Milwaukee,Milwaukee
﻿mil.wi.0019,﻿church,﻿St. Matthias's,English,,,,﻿Milwaukee County,﻿Milwaukee County,﻿Beloit Road,﻿West Milwaukee,﻿WI,,42.9857629,-88.0299823,,,,,﻿Rev.,﻿H. J. Muckerheide,,,,,,,,1870,﻿,﻿,﻿Milwaukee,Milwaukee
﻿mil.wi.0020,﻿church,﻿St. Thomas',English,,,,﻿Rock County,﻿Rock County,﻿Beloit,﻿Beloit,﻿WI,,42.4994457,-89.0279513,,,,,﻿Rev.,﻿R. Sullivan,,,,,,,,1870,﻿,﻿,﻿Milwaukee,Milwaukee
﻿mil.wi.0021,﻿church,﻿St. Peter's,English,,,,﻿Dodge County,﻿Dodge County,﻿Beaver Dam,﻿Beaver Dam,﻿WI,,43.45120306,-88.83630376,,,,,﻿Rev.,﻿F. Fusseder,,,,,,,,1870,﻿,﻿,﻿Milwaukee,Milwaukee
﻿mil.wi.0022,﻿church,﻿St. Mary's,English,,,,﻿Dodge County,﻿Dodge County,﻿Beaver Dam,﻿Beaver Dam,﻿WI,,43.44362871,-88.85872231,,,,,﻿Rev.,﻿F. Fusseder,,,,,,,,1870,﻿,﻿,﻿Milwaukee,Milwaukee
﻿mil.wi.0023,﻿church,﻿St. Patrick's,English,,,,﻿Dodge County,﻿Dodge County,﻿Beaver Dam,﻿Beaver Dam,﻿WI,,43.43929785,-88.8425183,,,,,﻿Rev.,﻿J. E. Allen,,,,,,,,1870,﻿,﻿,﻿Milwaukee,Milwaukee
﻿mil.wi.0024,﻿church,﻿Holy Cross,English,,,,﻿Ozaukee County,﻿Ozaukee County,﻿Belgium,﻿Belgium,﻿WI,,43.47028,-87.89556,,,,,﻿Rev.,﻿J. Welter,,,,,,,,1870,﻿,﻿,﻿Milwaukee,Milwaukee
﻿mil.wi.0025,﻿church,﻿St. Mary's,English,,,,﻿Ozaukee County,﻿Ozaukee County,﻿Belgium,﻿Belgium,﻿WI,,43.4997212,-87.850367,,,,,﻿Rev.,﻿Fred. Friedinger,,,,,,,,1870,﻿,﻿,﻿Milwaukee,Milwaukee
﻿mil.wi.0026,﻿church,﻿St. Patrick's,English,,,,﻿Lafayette County,﻿Lafayette County,﻿Benton,﻿Benton,﻿WI,,42.5677627,-90.3786524,,,,,﻿Rev.,﻿G. Prendergast,,,,,,,,1870,﻿,﻿,﻿Milwaukee,Milwaukee
﻿mil.wi.0027,﻿church,﻿St. Joseph's,English,,,,﻿Green Lake County,﻿Green Lake County,﻿Berlin,﻿Berlin,﻿WI,,43.9777045,-88.9415713,,,,,﻿Rev.,﻿E. Dael,,,,,,,,1870,﻿,﻿,﻿Milwaukee,Milwaukee
﻿mil.wi.0028,﻿church,﻿St. Rosa's,English,,,,﻿Green County,﻿Green County,﻿Broadhead,﻿Brodhead,﻿WI,,42.6183424,-89.3762278,,,,﻿j_j_kinsella_001,﻿Rev.,﻿J. Kinsella,,,,,,,,1870,﻿,﻿,﻿Milwaukee,Milwaukee
﻿mil.wi.0029,﻿church,﻿St. Charles Borromeo's,English,,,,﻿Calumet County,﻿Calumet County,﻿Brothertown,﻿Brothertown,﻿WI,,43.9783679,-88.2753144,﻿mil.wi.0134,﻿Attended from Marytown,,,,,,,,,,,,1870,﻿,﻿,﻿Milwaukee,Milwaukee
﻿mil.wi.0030,﻿church,﻿Immaculate Conception,English,,,,﻿Racine County,﻿Racine County,﻿Burlington,﻿Burlington,﻿WI,,42.6757956,-88.2814348,,,,,﻿Rev.,﻿M. Wissbauer,,,,,,,,1870,﻿,﻿,﻿Milwaukee,Milwaukee
﻿mil.wi.0031,﻿church,﻿St. Patrick's,English,,,,﻿Kenosha County,﻿Kenosha County,﻿Brighton,﻿Brighton,﻿WI,,42.6278164,-88.10066777,,,,,﻿Rev.,﻿H. Weinhardt,,,,,,,,1870,﻿,﻿,﻿Milwaukee,Milwaukee
﻿mil.wi.0032,﻿church,﻿St. Michael's,English,,,,﻿Kenosha County,﻿Kenosha County,﻿Bristol,﻿Bristol,﻿WI,,42.5587509,-88.0504479,﻿mil.wi.0220,﻿Attended from Wilmont,,,,,,,,,,,,1870,﻿,﻿,﻿Milwaukee,Milwaukee
﻿mil.wi.0033,﻿church,﻿St. Dominic's,English,,,,﻿Waukesha County,﻿Waukesha County,﻿Brookfield,﻿Brookfield,﻿WI,,43.0609354,-88.1260555,﻿mil.wi.0138,﻿Attended by Rev. J. Fitzgibbon,,﻿j_fitzgibbon_001,﻿Rev.,﻿J. Fitzgibbon,,,,,,,,1870,﻿,﻿,﻿Milwaukee,Milwaukee
﻿mil.wi.0034,﻿church,﻿St. Andrews's,English,,,,﻿Marquette County,﻿Marquette County,﻿Buffalo,﻿Buffalo,﻿WI,,43.6931912,-89.341667,,﻿Attended by Rev. M. Monaghan,,﻿m_monaghan_002,﻿Rev.,﻿M. Monaghan,,,,,,,,1870,﻿,﻿,﻿Milwaukee,Milwaukee
﻿mil.wi.0035,﻿church,﻿St. John's,English,,,,﻿Fond du Lac County,﻿Fond du Lac County,﻿Byron,﻿Byron,﻿WI,,43.6744338,-88.4507039,,,,,﻿Rev.,﻿E. A. Graves,,,,,,,,1870,﻿,﻿,﻿Milwaukee,Milwaukee
﻿mil.wi.0036,﻿church,﻿St. Louis',English,,,,﻿Racine County,﻿Racine County,﻿Caledonia,﻿Caledonia,﻿WI,,42.8077958,-87.924248,,,,,﻿Rev.,﻿S. Woelfle,,,,,,,,1870,﻿,﻿,﻿Milwaukee,Milwaukee
﻿mil.wi.0037,﻿church,﻿Holy Family,English,,,,﻿Racine County,﻿Racine County,﻿Caledonia,﻿Caledonia,﻿WI,,42.8008606,-87.8366613,,,,,﻿Rev.,﻿S. Woelfle,,,,,,,,1870,﻿,﻿,﻿Milwaukee,Milwaukee
﻿mil.wi.0038,﻿church,﻿St. Mary's Visitation,English,,,,﻿Columbia County,﻿Columbia County,﻿Cambria,﻿Cambria,﻿WI,,43.542207,-89.1073356,﻿mil.wi.0079,﻿Attended from Fox Lake,,,,,,,,,,,,1870,﻿,﻿,﻿Milwaukee,Milwaukee
﻿mil.wi.0039,﻿church,﻿St. Mary's,English,,,,﻿Sheboygan County,﻿Sheboygan County,﻿Cascade,﻿Cascade,﻿WI,,43.6583291,-88.0070381,,,,,﻿Rev.,﻿T. Tiernan,,,,,,,,1870,﻿,﻿,﻿Milwaukee,Milwaukee
﻿mil.wi.0040,﻿church,﻿St. Charles',English,,,,﻿Grant County,﻿Grant County,﻿Cassville,﻿Cassville,﻿WI,,42.715431,-90.9746859,,,,,﻿Rev.,﻿H. J. Albers,,,,,,,,1870,﻿,﻿,﻿Milwaukee,Milwaukee
﻿mil.wi.0041,﻿church,﻿St. Francis Borgia's,English,,,,﻿Ozaukee County,﻿Ozaukee County,﻿Cedarburgh,﻿Cedarburg,﻿WI,,43.3257641,-88.0066794,,,,,﻿Rev.,﻿H. McMahon,,,,,,,,1870,﻿,﻿,﻿Milwaukee,Milwaukee
﻿mil.wi.0042,﻿church,﻿St. George's,English,,,,﻿Manitowoc County,﻿Manitowoc County,﻿Centreville,﻿Centerville,﻿WI,,43.9501383,-87.7468071,,,,,﻿Rev.,﻿F. Zuber,,,,,,,,1870,﻿,﻿,﻿Milwaukee,Milwaukee
﻿mil.wi.0043,﻿church,﻿St. Wendelin's,English,,,,﻿Manitowoc County,﻿Manitowoc County,﻿Centreville,﻿Centerville,﻿WI,,43.9501383,-87.7468071,,,,,﻿Rev.,﻿F. Zuber,,,,,,,,1870,﻿,﻿,﻿Milwaukee,Milwaukee
﻿mil.wi.0044,﻿church,﻿St. Martin's,English,,,,﻿Calumet County,﻿Calumet County,﻿Charleston,﻿Charlestown,﻿WI,,44.0233689,-88.1096118,,﻿Attended by Rev. A. Andolshek,,﻿a_andolshek_001,﻿Rev.,﻿A. Andolshek,,,,,,,,1870,﻿,﻿,﻿Milwaukee,Milwaukee
﻿mil.wi.0045,﻿church,﻿St. Malachi's,English,,,,﻿Iowa County,﻿Iowa County,﻿Clydetown,﻿Clyde,﻿WI,,43.1032819,-90.2494105,﻿mil.wi.0104,﻿Attended from Highland,,,,,,,,,,,,1870,﻿,﻿,﻿Milwaukee,Milwaukee
﻿mil.wi.0046,﻿church,﻿Holy Assumption,English,,,,﻿Dodge County,﻿Dodge County,﻿Clyman,﻿Clyman,﻿WI,,43.3044936,-88.7041246,﻿mil.wi.0181,﻿Attended by Rev. H. Roche,,﻿h_roche_001,﻿Rev.,﻿H. Roche,,,,,,,,1870,﻿,﻿,﻿Milwaukee,Milwaukee
﻿mil.wi.0047,﻿church,﻿St. Isidore's,﻿German,,,,﻿Dodge County,﻿Dodge County,﻿Clyman,﻿Clyman,﻿WI,,43.3089472,-88.7180063,﻿mil.wi.0209,﻿Attended by Rev. M. Minderer,,﻿m_minderer_001,﻿Rev.,﻿M. Minderer,,,,,,,,1870,﻿,﻿,﻿Milwaukee,Milwaukee
﻿mil.wi.0048,﻿church,﻿St. Jerome's,English,,,,﻿Columbia County,﻿Columbia County,﻿Columbus,﻿Columbus,﻿WI,,43.3235027,-89.0208495,,,,,﻿Rev.,﻿J. O'Keefe,,,,,,,,1870,﻿,﻿,﻿Milwaukee,Milwaukee
﻿mil.wi.0049,﻿church,﻿St. Mary's of Help,English,,,,﻿Jefferson County,﻿Jefferson County,﻿Concord,﻿Concord,﻿WI,,43.0694499,-88.5987119,﻿mil.wi.0164,﻿Attended from Ottawa,,,,,,,,,,,,1870,﻿,﻿,﻿Milwaukee,Milwaukee
﻿mil.wi.0050,﻿church,﻿St. Francis Xavier's,English,,,,﻿Dane County,﻿Dane County,﻿Cross Plains,﻿Cross Plains,﻿WI,,43.1198241,-89.6346315,,,,,﻿Rev.,﻿F. Jansen,,,,,,,,1870,﻿,﻿,﻿Milwaukee,Milwaukee
﻿mil.wi.0051,﻿church,﻿St. Mary's,English,,,,﻿Columbia County,﻿Columbia County,﻿Columbus,﻿Columbus,﻿WI,,43.4955593,-89.3106331,,,,,﻿Rev.,﻿J. Hamm,,,,,,,,1870,﻿,﻿,﻿Milwaukee,Milwaukee
﻿mil.wi.0052,﻿church,﻿St. Mary's,English,,,,﻿Columbia County,﻿Columbia County,﻿Courtland,﻿Courtland,﻿WI,,43.49550469,-89.03917602,﻿mil.wi.0079,﻿Attended from Fox Lake,,,,,,,,,,,,1870,﻿,﻿,﻿Milwaukee,Milwaukee
﻿mil.wi.0053,﻿church,﻿Holy Rosary,English,,,,﻿Lafayette County,﻿Lafayette County,﻿Darlington,﻿Darlington,﻿WI,,42.6830307,-90.1175124,,,,,﻿Rev.,﻿E. McGinnity,,,,,,,,1870,﻿,﻿,﻿Milwaukee,Milwaukee
﻿mil.wi.0053,﻿church,﻿Holy Rosary,English,,,,﻿Lafayette County,﻿Lafayette County,﻿Darlington,﻿Darlington,﻿WI,,42.6830307,-90.1175124,,,,,﻿Rev.,﻿D. McGinnity,,,,,,,,1870,﻿,﻿,﻿Milwaukee,Milwaukee
﻿mil.wi.0054,﻿church,﻿St. James',English,,,,﻿Green County,﻿Green County,﻿Dayton,﻿Exeter,﻿WI,,42.7905594,-89.5831767,﻿mil.wi.0074,﻿Attended by Rev. J. O'Farrell,,﻿j_ofarrell_001,﻿Rev.,﻿J. O'Farrell,,,,,,,,1870,﻿,﻿,﻿Milwaukee,Milwaukee
﻿mil.wi.0055,﻿church,﻿St. Anne's,English,,,,﻿Dane County,﻿Dane County,﻿Deerfield,﻿Deerfield,﻿WI,,43.0821303,-89.083051,﻿mil.wi.0214,﻿Attended by Rev. M. Hobbs,,﻿m_hobbs_001,﻿Rev.,﻿M. Hobbs,,,,,,,,1870,﻿,﻿,﻿Milwaukee,Milwaukee
﻿mil.wi.0056,﻿church,﻿St. Andrew's,English,,,,﻿Walworth County,﻿Walworth County,﻿Delavan,﻿Delavan,﻿WI,,42.6372163,-88.6391189,,,,,﻿Rev.,﻿R. Dunphy,,,,,,,,1870,﻿,﻿,﻿Milwaukee,Milwaukee
﻿mil.wi.0057,﻿church,﻿St. Kiernan's,English,,,,﻿Columbia County,﻿Columbia County,﻿Dekora,﻿Dekkora,﻿WI,,43.457484,-89.4676199,,﻿Attended by Rev. Thos. Keenan,,,﻿Rev.,﻿Thos. Keenan,,,,,,,,1870,﻿,﻿,﻿Milwaukee,Milwaukee
﻿mil.wi.0058,﻿church,﻿St. Peter's,English,,,,﻿Iowa County,﻿Iowa County,﻿Dodgeville,﻿Dodgeville,﻿WI,,42.9602743,-90.1301237,﻿mil.wi.0104,﻿Attended from Highland,,,,,,,,,,,,1870,﻿,﻿,﻿Milwaukee,Milwaukee
﻿mil.wi.0059,﻿church,﻿St. Mary's,English,,,,﻿Racine County,﻿Racine County,﻿Dover,﻿Dover,﻿WI,,42.7126313,-88.1147672,,,,,﻿Rev.,﻿Thos. Corry,,,,,,,,1870,﻿,﻿,﻿Milwaukee,Milwaukee
﻿mil.wi.0060,﻿church,﻿St. Thaddeus',English,,,,﻿Walworth County,﻿Walworth County,﻿East Troy,﻿East Troy,﻿WI,,42.7852922,-88.405096,,,,,﻿Rev.,﻿H. F. Fairbanks,,,,,,,,1870,﻿,﻿,﻿Milwaukee,Milwaukee
﻿mil.wi.0061,﻿church,﻿St. Gregory Naz,English,,,,﻿Manitowoc County,﻿Manitowoc County,﻿Eaton,﻿Eaton,﻿WI,,44.0213734,-87.9922684,,,,,﻿Rev.,﻿A. Oschwald,,,,,,,,1870,﻿,﻿,﻿Milwaukee,Milwaukee
﻿mil.wi.0062,﻿church,﻿St. Theresa's,English,,,,﻿Waukesha County,﻿Waukesha County,﻿Eagle Centre,﻿Eagle,﻿WI,,43.0072599,-88.3239309,,,,,﻿Rev.,﻿F. Spath,,,,,,,,1870,﻿,﻿,﻿Milwaukee,Milwaukee
﻿mil.wi.0063,﻿church,﻿St. Mary's,English,,,,﻿Fond du Lac County,﻿Fond du Lac County,﻿Eldorado,﻿Eldorado,﻿WI,,43.8247079,-88.6217765,﻿mil.wi.0075,﻿Attended from Fond du Lac,,,,,,,,,,,,1870,﻿,﻿,﻿Milwaukee,Milwaukee
﻿mil.wi.0064,﻿church,﻿St. Peter's,English,,,,﻿Lafayette County,﻿Lafayette County,﻿Elk Grove,﻿Elk Grove,﻿WI,,42.6533408,-90.3315377,﻿mil.wi.0170,﻿Attended by Rev. Philip Albrecht,,﻿ph_albrecht_001,﻿Rev.,﻿Philip Albrecht,,,,,,,,1870,﻿,﻿,﻿Milwaukee,Milwaukee
﻿mil.wi.0065,﻿church,﻿St. Rosa's,English,,,,﻿Lafayette County,﻿Lafayette County,﻿Elk Grove,﻿Elk Grove,﻿WI,,42.6716639,-90.3909613,﻿mil.wi.0100,﻿Attended by Rev. Jos. Kleiber,,﻿jos_kleiber_001,﻿Rev.,﻿Jos. Kleiber,,,,,,,,1870,﻿,﻿,﻿Milwaukee,Milwaukee
﻿mil.wi.0066,﻿church,﻿Visitation of the Blessed Virgin Mary,English,,,,﻿Waukesha County,﻿Waukesha County,﻿Elm Grove,﻿Elm Grove,﻿WI,,43.0444451,-88.07479169,,,,,﻿Rev.,﻿K. C. Flasch,,,,,,,,1870,﻿,﻿,﻿Milwaukee,Milwaukee
﻿mil.wi.0067,﻿church,﻿St. Lawrence's,English,,,,﻿Walworth County,﻿Walworth County,﻿Elkhorn,﻿Elkhorn,﻿WI,,42.6727927,-88.5445447,﻿mil.wi.0056,﻿Visited by Rev. R. Dunphy,,﻿r_dunphy_001,﻿Rev.,﻿R. Dunphy,,,,,,,,1870,﻿,﻿,﻿Milwaukee,Milwaukee
﻿mil.wi.0068,﻿church,﻿St. Joseph's,English,,,,﻿Rock County,﻿Rock County,﻿Edgerton,﻿Edgerton,﻿WI,,42.8449511,-89.0648867,﻿mil.wi.0175,﻿Attended by Rev. Chas. Farrelly,,﻿chs_farrelly_001,﻿Rev.,﻿Chas. Farrelly,,,,,,,,1870,﻿,﻿,﻿Milwaukee,Milwaukee
﻿mil.wi.0069,﻿church,﻿St. James',English,,,,﻿Fond du Lac County,﻿Fond du Lac County,﻿Eden,﻿Eden,﻿WI,,43.6936031,-88.3609356,﻿mil.wi.0035,﻿Attended by Rev. E. A. Graves,,﻿e_a_graves_001,﻿Rev.,﻿E. A. Graves,,,,,,,,1870,﻿,﻿,﻿Milwaukee,Milwaukee
﻿mil.wi.0070,﻿church,﻿St. Columbkille's,English,,,,﻿Dodge County,﻿Dodge County,﻿Elba,﻿Elba,﻿WI,,43.3072569,-88.9285726,,,,,﻿Rev.,﻿H. O'Brien,,,,,,,,1870,﻿,﻿,﻿Milwaukee,Milwaukee
﻿mil.wi.0071,﻿church,﻿St. Patrick's,English,,,,﻿Washington County,﻿Washington County,﻿Erin,﻿Erin,﻿WI,,43.2208496,-88.3433623,﻿mil.wi.0099,﻿Attended by Rev. S. St. Muench,,﻿f_s_muench_001,﻿Rev.,﻿S. St. Muench,,,,,,,,1870,﻿,﻿,﻿Milwaukee,Milwaukee
﻿mil.wi.0072,﻿church,﻿St. John of God,English,,,,﻿Washington County,﻿Washington County,﻿Farming,﻿Farmington,﻿WI,,43.5130519,-88.1100059,﻿mil.wi.0017,﻿Visited by Rev. C. Rehrl,,,﻿Rev.,﻿C. Rehrl,,,,,,,,1870,﻿,﻿,﻿Milwaukee,Milwaukee
﻿mil.wi.0073,﻿church,﻿St. Peter's,English,,,,﻿Washington County,﻿Washington County,﻿Farming,﻿Farmington,﻿WI,,43.4874144,-88.1096118,﻿mil.wi.0017,﻿Visited by Rev. C. Rehrl,,,﻿Rev.,﻿C. Rehrl,,,,,,,,1870,﻿,﻿,﻿Milwaukee,Milwaukee
﻿mil.wi.0074,﻿church,﻿Holy Mother of Consolation,English,,,,﻿Dane County,﻿Dane County,﻿Fitzburg,﻿Fitchburg,﻿WI,,42.9511689,-89.4028932,,,,,﻿Rev.,﻿J. O'Farrell,,,,,,,,1870,﻿,﻿,﻿Milwaukee,Milwaukee
﻿mil.wi.0075,﻿church,﻿St. Lewis's,English,,,,﻿Fond du Lac County,﻿Fond du Lac County,﻿Fond du Lac,﻿Fond du Lac,﻿WI,,43.7715819,-88.449415,,,,,﻿Rev.,﻿J. C. Perrodin,,,,,,,,1870,﻿,﻿,﻿Milwaukee,Milwaukee
﻿mil.wi.0076,﻿church,﻿St. Patrick's,English,,,,﻿Fond du Lac County,﻿Fond du Lac County,﻿Fond du Lac,﻿Fond du Lac,﻿WI,,43.7847208,-88.446755,,,,,﻿Rev.,﻿J. Colton,,,,,,,,1870,﻿,﻿,﻿Milwaukee,Milwaukee
﻿mil.wi.0077,﻿church,﻿St. Mary's,English,,,,﻿Fond du Lac County,﻿Fond du Lac County,﻿Fond du Lac,﻿Fond du Lac,﻿WI,,43.7813553,-88.444253,,,,,﻿Rev.,﻿N. Pickel,,,,,,,,1870,﻿,﻿,﻿Milwaukee,Milwaukee
﻿mil.wi.0078,﻿church,﻿St. Augustine's,English,,,,﻿Rock County,﻿Rock County,﻿Footville,﻿Footville,﻿WI,,42.6753287,-89.2053097,﻿mil.wi.0028,﻿Attended from Broadhead,,,,,,,,,,,,1870,﻿,﻿,﻿Milwaukee,Milwaukee
﻿mil.wi.0079,﻿church,﻿Immaculate Conception,English,,,,﻿Dodge County,﻿Dodge County,﻿Fox Lake,﻿Fox Lake,﻿WI,,43.565543,-88.9064984,,,,,﻿Rev.,﻿W. Dougherty,,,,,,,,1870,﻿,﻿,﻿Milwaukee,Milwaukee
﻿mil.wi.0080,﻿church,﻿St. Michael's,English,,,,﻿Fond du Lac County,﻿Fond du Lac County,﻿Foresttown,﻿Forest,﻿WI,,43.7579961,-88.2266434,,,,,﻿Rev.,﻿N. Stehle,,,,,,,,1870,﻿,﻿,﻿Milwaukee,Milwaukee
﻿mil.wi.0081,﻿church,﻿Assumption of the Blessed Virgin Mary,English,,,,﻿Milwaukee County,﻿Milwaukee County,﻿Franklin,﻿Franklin,﻿WI,,42.888627,-88.0384195,,,,,﻿Rev.,﻿Ed. O'Connor,,,,,,,,1870,﻿,﻿,﻿Milwaukee,Milwaukee
﻿mil.wi.0082,﻿church,﻿Sacred Heart of Jesus and Mary,English,,,,﻿Milwaukee County,﻿Milwaukee County,﻿Franklin,﻿Franklin,﻿WI,,43.0724667,-87.6186379,,,,,﻿Rev.,﻿W. Bonenkamp,,,,,,,,1870,﻿,﻿,﻿Milwaukee,Milwaukee
﻿mil.wi.0083,﻿church,﻿St. Nicholas',English,,,,﻿Ozaukee County,﻿Ozaukee County,﻿Fredonia,﻿Fredonia,﻿WI,,43.4705552,-87.9506465,,,,,﻿Rev.,﻿P. Schwaiger,,,,,,,,1870,﻿,﻿,﻿Milwaukee,Milwaukee
﻿mil.wi.0084,﻿church,﻿Mother of Dolors,English,,,,﻿Rock County,﻿Rock County,﻿Footville,﻿Footville,﻿WI,,42.6708421,-89.2090036,﻿mil.wi.0024,﻿Attended by Rev. J. Welter,,﻿j_welter_001,﻿Rev.,﻿J. Welter,,,,,,,,1870,﻿,﻿,﻿Milwaukee,Milwaukee
﻿mil.wi.0085,﻿church,﻿St. Anthony's,English,,,,﻿Waukesha County,﻿Waukesha County,﻿Fussville,﻿Menomonee Falls,﻿WI,,43.1527231,-88.0790123,,,,,﻿Rev.,﻿L. M. Mueller,,,,,,,,1870,﻿,﻿,﻿Milwaukee,Milwaukee
﻿mil.wi.0086,﻿church,﻿St. Paul's,English,,,,﻿Waukesha County,﻿Waukesha County,﻿Genesee,﻿Genesee,﻿WI,,42.974661,-88.377606,﻿mil.wi.0211,﻿Attended by Rev. P. Deberge,,﻿f_deberge_001,﻿Rev.,﻿P. Deberge,,,,,,,,1870,﻿,﻿,﻿Milwaukee,Milwaukee
﻿mil.wi.0087,﻿church,﻿St. Francis of Sales,English,,,,﻿Walworth County,﻿Walworth County,﻿Geneva,﻿Geneva,﻿WI,,42.6386048,-88.4597673,,,,﻿j_b_smeddink_001,﻿Rev.,﻿B. Smeddink,,,,,,,,1870,﻿,﻿,﻿Milwaukee,Milwaukee
﻿mil.wi.0088,﻿church,﻿St. Boniface's,English,,,,﻿Washington County,﻿Washington County,﻿Germantown,﻿Germantown,﻿WI,,43.2347153,-88.1615707,,,,,﻿Rev.,﻿J. Gamber,,,,,,,,1870,﻿,﻿,﻿Milwaukee,Milwaukee
﻿mil.wi.0089,﻿church,﻿St. Michael's,English,,,,﻿Milwaukee County,﻿Milwaukee County,﻿Granville,﻿Granville,﻿WI,,43.1775083,-88.0439785,,,,,﻿Rev.,﻿Chas. Schilling,,,,,,,,1870,﻿,﻿,﻿Milwaukee,Milwaukee
﻿mil.wi.0090,﻿church,﻿St. Catharine's,English,,,,﻿Milwaukee County,﻿Milwaukee County,﻿Granville,﻿Granville,﻿WI,,43.1775083,-88.0439785,,,,,﻿Rev.,﻿Chas. Schilling,,,,,,,,1870,﻿,﻿,﻿Milwaukee,Milwaukee
﻿mil.wi.0091,﻿church,﻿St. Martin's,English,,,,﻿Milwaukee County,﻿Milwaukee County,﻿Granville,﻿Granville,﻿WI,,43.1775083,-88.0439785,,,,,﻿Rev.,﻿Chas. Schilling,,,,,,,,1870,﻿,﻿,﻿Milwaukee,Milwaukee
﻿mil.wi.0092,﻿church,﻿St. Fridolin's,English,,,,﻿Sheboygan County,﻿Sheboygan County,﻿Glenbulah,﻿Glenbeulah,﻿WI,,43.7989498,-88.0462914,,,﻿Vacant,,,,,,,,,,,1870,﻿,﻿,﻿Milwaukee,Milwaukee
﻿mil.wi.0093,﻿church,﻿St. Sebastian's,English,,,,﻿Grant County,﻿Grant County,﻿Glenhaven,﻿Glen Haven,﻿WI,,42.8271987,-91.0718478,﻿mil.wi.0040,﻿Attended from Cassville,,,,,,,,,,,,1870,﻿,﻿,﻿Milwaukee,Milwaukee
﻿mil.wi.0094,﻿church,﻿St. Joseph's,English,,,,﻿Ozaukee County,﻿Ozaukee County,﻿Grafton,﻿Grafton,﻿WI,,43.31950317,-87.94645615,,,,,﻿Rev.,﻿N. Moës,,,,,,,,1870,﻿,﻿,﻿Milwaukee,Milwaukee
﻿mil.wi.0095,﻿church,﻿St. Francis Xavier's,English,,,,﻿Ozaukee County,﻿Ozaukee County,﻿Grafton,﻿Grafton,﻿WI,,43.35232838,-87.96974772,,,,,﻿Rev.,﻿N. Moës,,,,,,,,1870,﻿,﻿,﻿Milwaukee,Milwaukee
﻿mil.wi.0096,﻿church,﻿St. Mary's,English,,,,﻿Milwaukee County,﻿Milwaukee County,﻿Greenfield,﻿Greenfield,﻿WI,,42.9614039,-88.0125865,﻿mil.wi.0081,﻿Attended by Rev. E. O'Connor,,﻿ed_oconnor_001,﻿Rev.,﻿E. O'Connor,,,,,,,,1870,﻿,﻿,﻿Milwaukee,Milwaukee
﻿mil.wi.0097,﻿church,﻿Holy Sacrament,﻿German,,,,﻿Milwaukee County,﻿Milwaukee County,﻿Greenfield,﻿Greenfield,﻿WI,,42.9706112,-88.0541405,﻿mil.wi.0019,﻿Attended by Rev. E. Muckerheide,,﻿h_j_muckerheide_001,﻿Rev.,﻿H. Muckerheide,,,,,,,,1870,﻿,﻿,﻿Milwaukee,Milwaukee
﻿mil.wi.0098,﻿church,﻿St. Lawrence's,English,,,,﻿Washington County,﻿Washington County,﻿Hartford,﻿Hartford,﻿WI,,43.3541952,-88.3483366,,,,﻿m_weiss_001,﻿Rev.,﻿M. Weis,,,,,,,,1870,﻿,﻿,﻿Milwaukee,Milwaukee
﻿mil.wi.0099,﻿church,﻿St. Killian's,English,,,,﻿Washington County,﻿Washington County,﻿Hartford,﻿Hartford,﻿WI,,43.32240621,-88.38237324,,,,﻿f_st-muench_001,﻿Rev.,﻿F. St. Muench,,,,,,,,1870,﻿,﻿,﻿Milwaukee,Milwaukee
﻿mil.wi.0100,﻿church,﻿St. Francis',English,,,,﻿Grant County,﻿Grant County,﻿Hazel Green,﻿Hazel Green,﻿WI,,42.5366993,-90.435959,,,,,﻿Rev.,﻿Jos. Kleiber,,,,,,,,1870,﻿,﻿,﻿Milwaukee,Milwaukee
﻿mil.wi.0101,﻿church,﻿St. John's,English,,,,﻿Dodge County,﻿Dodge County,﻿Herman,﻿Herman,﻿WI,,43.3759953,-88.4809374,﻿mil.wi.0112,﻿Attended by Rev. J. Friedl,,﻿j_friedl_001,﻿Rev.,﻿J. Friedl,,,,,,,,1870,﻿,﻿,﻿Milwaukee,Milwaukee
﻿mil.wi.0102,﻿church,﻿St. Joseph's,English,,,,﻿Sheboygan County,﻿Sheboygan County,﻿Herman,﻿Herman,﻿WI,,43.6007621,-87.9922684,,,,,﻿Rev.,﻿R. Lutz,,,,,,,,1870,﻿,﻿,﻿Milwaukee,Milwaukee
﻿mil.wi.0103,﻿church,﻿St. Fideli's,English,,,,﻿Sheboygan County,﻿Sheboygan County,﻿Herman,﻿Herman,﻿WI,,43.866723,-87.8746146,﻿mil.wi.0042,﻿Attended by Rev. A. Zuber,,﻿f_zuber_001,,,,,,,,,,1870,﻿,﻿,﻿Milwaukee,Milwaukee
﻿mil.wi.0104,﻿church,﻿St. Philip's,English,,,,﻿Iowa County,﻿Iowa County,﻿Highland,﻿Highland,﻿WI,,43.046303,-90.3825987,,,,,﻿Rev.,﻿S. Trant,,,,,,,,1870,﻿,﻿,﻿Milwaukee,Milwaukee
﻿mil.wi.0105,﻿church,﻿St. John Nepomucene's,English,,,,﻿Iowa County,﻿Iowa County,﻿Highland,﻿Highland,﻿WI,,43.0569021,-90.49879458,,,,,﻿Rev.,﻿F. X. Weinhart,,,,,,,,1870,﻿,﻿,﻿Milwaukee,Milwaukee
﻿mil.wi.0106,﻿church,﻿St. Malachy's,English,,,,﻿Dodge County,﻿Dodge County,﻿Horicon,﻿Horicon,﻿WI,,43.444012,-88.6331964,﻿mil.wi.0021,﻿Attended from Beaver Dam,,,,,,,,,,,,1870,﻿,﻿,﻿Milwaukee,Milwaukee
﻿mil.wi.0107,﻿church,﻿St. Anne's,English,,,,﻿Calumet County,﻿Calumet County,﻿Holstein,﻿New Holstein,﻿WI,,43.8961171,-88.1230375,,,,,﻿Rev.,﻿J. Stehle,,,,,,,,1870,﻿,﻿,﻿Milwaukee,Milwaukee
﻿mil.wi.0108,﻿church,﻿St. Kilian's,English,,,,﻿Walworth County,﻿Walworth County,﻿Hudson,,﻿WI,,42.58868779,-88.35987341,﻿mil.wi.0087,﻿Attended by Rev. B. Smeddink,,﻿b_smeddink_001,﻿Rev.,﻿B. Smeddink,,,,,,,,1870,﻿,﻿,﻿Milwaukee,Milwaukee
﻿mil.wi.0109,﻿church,﻿St. Augustine's,English,,,,﻿Ozaukee County,﻿Washington County,﻿Jackson,﻿Trenton,﻿WI,,43.38431622,-88.04116733,﻿mil.wi.0152,﻿Attended by Rev. M. Wenker,,﻿m_wenker_001,﻿Rev.,﻿M. Wenker,,,,,,,,1870,﻿,﻿,﻿Milwaukee,Milwaukee
﻿mil.wi.0110,﻿church,"﻿St. Mary's, Immaculate Conception",English,,,,﻿Ozaukee County,﻿Washington County,﻿Jackson,﻿Jackson,﻿WI,,43.3819496,-87.6186379,﻿mil.wi.0041,﻿Attended by Rev. H. McMahon,,﻿h_mcmahon_001,﻿Rev.,﻿H. McMahon,,,,,,,,1870,﻿,﻿,﻿Milwaukee,Milwaukee
﻿mil.wi.0111,﻿church,﻿St. Patrick's,English,,,,﻿Rock County,﻿Rock County,﻿Janesville,﻿Janesville,﻿WI,,42.6763644,-89.025287,,,,,﻿Rev.,﻿James Doyle,,,,,,,,1870,﻿,﻿,﻿Milwaukee,Milwaukee
﻿mil.wi.0112,﻿church,﻿St. John Baptist's,English,,,,﻿Jefferson County,﻿Jefferson County,﻿Jefferson,﻿Jefferson,﻿WI,,43.0069456,-88.8022097,,,,,﻿Rev.,﻿J. Friedl,,,,,,,,1870,﻿,﻿,﻿Milwaukee,Milwaukee
﻿mil.wi.0113,﻿church,﻿St. Lawrence's,English,,,,﻿Jefferson County,﻿Jefferson County,﻿Jefferson,﻿Jefferson,﻿WI,,43.0049651,-88.7791913,,,,,﻿Rev.,﻿F. X. Obermueller,,,,,,,,1870,﻿,﻿,﻿Milwaukee,Milwaukee
﻿mil.wi.0114,﻿church,﻿St. Mark's,English,,,,﻿Kenosha County,﻿Kenosha County,﻿Kenosha,﻿Kenosha,﻿WI,,42.5681355,-87.8249189,,,,,﻿Rev.,﻿E. McGuirk,,,,,,,,1870,﻿,﻿,﻿Milwaukee,Milwaukee
﻿mil.wi.0115,﻿church,﻿St. George's,﻿German,,,,﻿Kenosha County,﻿Kenosha County,﻿Kenosha,﻿Kenosha,﻿WI,,42.5811225,-87.872016,,,,,﻿Rev.,﻿M. Beiter,,,,,,,,1870,﻿,﻿,﻿Milwaukee,Milwaukee
﻿mil.wi.0116,﻿church,﻿St. Pius',English,,,,﻿Lafayette County,﻿Lafayette County,﻿Kendaltown,﻿Kendall,﻿WI,,42.7659752,-90.2432307,﻿mil.wi.0053,﻿Attended by Rev. E. McGinnity,,﻿e_mcginnity_001,﻿Rev.,﻿E. McGinnity,,,,,,,,1870,﻿,﻿,﻿Milwaukee,Milwaukee
﻿mil.wi.0117,﻿church,﻿St. Bridget's,English,,,,﻿Washington County,﻿Washington County,﻿Kewaskee,﻿Kewaskum,﻿WI,,43.7844397,-88.7878678,,,,,﻿Rev.,﻿M. Ruckengruber,,,,,,,,1870,﻿,﻿,﻿Milwaukee,Milwaukee
﻿mil.wi.0118,﻿church,﻿St. Michael's,English,,,,﻿Washington County,﻿Washington County,﻿Kewaskum,﻿Kewaskum,﻿WI,,43.5208302,-88.2289851,,,,,﻿Rev.,﻿M. Ruckengruber,,,,,,,,1870,﻿,﻿,﻿Milwaukee,Milwaukee
﻿mil.wi.0119,﻿church,﻿Holy Trinity,English,,,,﻿Washington County,﻿Washington County,﻿Kewaskum,﻿Kewaskum,﻿WI,,43.5208302,-88.2289851,,,,,﻿Rev.,﻿M. Ruckengruber,,,,,,,,1870,﻿,﻿,﻿Milwaukee,Milwaukee
﻿mil.wi.0120,﻿church,﻿St. James',English,,,,﻿Milwaukee County,﻿Milwaukee County,﻿Lake Town,﻿Lake,﻿WI,,43.0484804,-88.0009069,﻿mil.wi.0155,﻿Attended from New-Koeln,,,,,,,,,,,,1870,﻿,﻿,﻿Milwaukee,Milwaukee
﻿mil.wi.0121,﻿church,﻿St. Mary's Ad Fontem,English,,,,﻿Marquette County,﻿Marquette County,﻿La Cote St. Marie,,﻿WI,,43.87608465,-89.11088292,﻿mil.wi.0027,﻿Attended by Rev. E. Dael,,﻿e_dael_001,﻿Rev.,﻿E. Dael,,,,,,,,1870,﻿,﻿,﻿Milwaukee,Milwaukee
﻿mil.wi.0122,﻿church,﻿St. Columban's,English,,,,﻿Waukesha County,﻿Waukesha County,﻿Lake Five,﻿Lake Five,﻿WI,,43.1925061,-88.2709274,﻿mil.wi.0144,﻿Attended by Rev. M. Hannan,,﻿m_hannan_001,﻿Rev.,﻿M. Hannan,,,,,,,,1870,﻿,﻿,﻿Milwaukee,Milwaukee
﻿mil.wi.0123,﻿church,﻿St. Clement's,English,,,,﻿Grant County,﻿Grant County,﻿Lancaster,﻿Lancaster,﻿WI,,42.8474905,-90.7106821,﻿mil.wi.0173,﻿Attended from Potosi,,,,,,,,,,,,1870,﻿,﻿,﻿Milwaukee,Milwaukee
﻿mil.wi.0124,﻿church,﻿St. Rosa's,English,,,,﻿Sheboygan County,﻿Sheboygan County,﻿Lima,﻿Lima,﻿WI,,43.6753863,-87.8746146,﻿mil.wi.0221,﻿Visited by Rev. J. A. Mueller,,﻿j_a_mueller_001,﻿Rev.,﻿J. A. Mueller,,,,,,,,1870,﻿,﻿,﻿Milwaukee,Milwaukee
﻿mil.wi.0125,﻿church,﻿St. John Baptist's,English,,,,﻿Fond du Lac County,﻿Fond du Lac County,﻿Lamartine,﻿Lamartine,﻿WI,,43.7333214,-88.5687187,﻿mil.wi.0075,﻿Attended from Fond du Lac City,,,,,,,,,,,,1870,﻿,﻿,﻿Milwaukee,Milwaukee
﻿mil.wi.0126,﻿church,﻿St. Andrew's,English,,,,﻿Dodge County,﻿Dodge County,﻿Loomara,﻿Lomira,﻿WI,,43.57311782,-88.5501079,,,,,﻿Rev.,﻿M. Deisenrieder,,,,,,,,1870,﻿,﻿,﻿Milwaukee,Milwaukee
﻿mil.wi.0127,﻿church,﻿St. Benedict's,English,,,,﻿Walworth County,﻿Walworth County,﻿Lyons,﻿Lyons,﻿WI,,42.6511277,-88.3584276,﻿mil.wi.0087,﻿Attended by Rev. B. Smeddink,,﻿b_smeddink_001,﻿Rev.,﻿B. Smeddink,,,,,,,,1870,﻿,﻿,﻿Milwaukee,Milwaukee
﻿mil.wi.0128,﻿church,﻿St. Raphael's,English,,,,﻿Dane County,﻿Dane County,﻿Madison,﻿Madison,﻿WI,,43.07239371,-89.38600357,,,,,﻿Rev.,﻿Jos. Smith,,,,,,,,1870,﻿,﻿,﻿Milwaukee,Milwaukee
﻿mil.wi.0129,﻿church,﻿Holy Redeemer,﻿German,,,,﻿Ozaukee County,﻿Dane County,﻿Grafton,﻿Madison,﻿WI,,43.07560834,-89.38921748,,,,,﻿Rev.,﻿M. Obermueller,,,,,,,,1870,﻿,﻿,﻿Milwaukee,Milwaukee
﻿mil.wi.0130,﻿church,﻿St. Boniface's,English,,,,﻿Manitowoc County,﻿Manitowoc County,﻿Manitowoc,﻿Manitowoc,﻿WI,,44.0886059,-87.657584,,,,,﻿Rev.,﻿Jos. Faessler,,,,,,,,1870,﻿,﻿,﻿Milwaukee,Milwaukee
﻿mil.wi.0131,﻿church,﻿St. Catharine's,English,,,,﻿Waukesha County,﻿Waukesha County,﻿Mapleton,﻿Oconomowoc,﻿WI,,43.1748098,-88.4583494,,,,﻿w_vahey_001,﻿Rev.,﻿I. W. Vahey,,,,,,,,1870,﻿,﻿,﻿Milwaukee,Milwaukee
﻿mil.wi.0132,﻿church,﻿Holy Cross,English,,﻿Convent of the Capuchin Fathers of Calvary,,﻿Fond du Lac County,﻿Fond du Lac County,﻿Marshfield,﻿Marshfield,﻿WI,,43.8720996,-88.1876676,,,,,,,,,,,,,,1870,﻿,﻿,﻿Milwaukee,Milwaukee
﻿mil.wi.0133,﻿church,﻿St. Joseph's,English,,,,﻿Fond du Lac County,﻿Fond du Lac County,﻿Marshfield,﻿Marshfield,﻿WI,,43.8552657,-88.1900771,﻿mil.wi.0257,﻿Attended from Calvary,,,,,,,,,,,,1870,﻿,﻿,﻿Milwaukee,Milwaukee
﻿mil.wi.0134,﻿church,﻿Visitation of the Blessed Virgin Mary,English,,,,﻿Calumet County,﻿Fond du Lac County,﻿Marytown,﻿Marytown,﻿WI,,43.91099298,-88.20343094,,,,,﻿Rev. Father,﻿Cajetan,﻿O.M.C.,,,,,,,1870,﻿,﻿,﻿Milwaukee,Milwaukee
﻿mil.wi.0135,﻿church,﻿St. Mary's,English,,,,﻿Dodge County,﻿Dodge County,﻿Mayville,﻿Mayville,﻿WI,,43.4929356,-88.5407267,,,﻿Vacant,,,,,,,,,,,1870,﻿,﻿,﻿Milwaukee,Milwaukee
﻿mil.wi.0136,﻿church,﻿St. Isidore's,English,,,,﻿Manitowoc County,﻿Manitowoc County,﻿Meeme,﻿Meeme,﻿WI,,43.9205494,-87.8314781,,,,,﻿Rev.,﻿L. Kenny,,,,,,,,1870,﻿,﻿,﻿Milwaukee,Milwaukee
﻿mil.wi.0137,﻿church,﻿St. Mary's Immaculate Conception,English,,,,﻿Grant County,﻿Grant County,﻿Menomonee,﻿Hazel Green,﻿WI,,42.511189,-90.63192,,,,,﻿Rev.,﻿P. Oeshger,,,,,,,,1870,﻿,﻿,﻿Milwaukee,Milwaukee
﻿mil.wi.0138,﻿church,﻿St. James',English,,,,﻿Waukesha County,﻿Waukesha County,﻿Menomonee,﻿Menomonee Falls,﻿WI,,43.136322,-88.1830596,,,,,﻿Rev.,﻿J. Fitzgibbon,,,,,,,,1870,﻿,﻿,﻿Milwaukee,Milwaukee
﻿mil.wi.0138,﻿church,﻿St. James',English,,,,﻿Waukesha County,﻿Waukesha County,﻿Menomonee,﻿Menomonee Falls,﻿WI,,43.136322,-88.1830596,,,,,﻿Rev.,﻿James F. Morris,,,,,,,,1870,﻿,﻿,﻿Milwaukee,Milwaukee
﻿mil.wi.0139,﻿church,﻿St. James',English,,,,﻿Ozaukee County,﻿Washington County,﻿Megnon,﻿Mequon,﻿WI,,43.3819496,-87.6186379,﻿mil.wi.0094,﻿Attended by N. Moës,,﻿n_moës_001,﻿Rev.,﻿N. Moës,,,,,,,,1870,﻿,﻿,﻿Milwaukee,Milwaukee
﻿mil.wi.0140,﻿church,﻿St. John Baptist's,English,,,,﻿Grant County,﻿Iowa County,﻿Miffin,﻿Miffin,﻿WI,,42.871105,-90.354015,﻿mil.wi.0148,﻿Attended by M. Morris,,﻿m_morris_001,﻿Rev.,﻿M. Morris,,,,,,,,1870,﻿,﻿,﻿Milwaukee,Milwaukee
﻿mil.wi.0141,﻿church,﻿St. Malachy's,English,,,,﻿Jefferson County,﻿Jefferson County,﻿Milford,﻿Milford,﻿WI,,43.1883692,-88.733814,﻿mil.wi.0181,﻿Attended by H. Roche,,﻿h_roche_001,﻿Rev.,﻿H. Roche,,,,,,,,1870,﻿,﻿,﻿Milwaukee,Milwaukee
﻿mil.wi.0142,﻿church,﻿St. Paul's,English,,,,﻿Iowa County,﻿Iowa County,﻿Mineral Point,﻿Mineral Point,﻿WI,,42.8570927,-90.1886884,,,,,﻿Rev.,﻿F. McGann,,,,,,,,1870,﻿,﻿,﻿Milwaukee,Milwaukee
﻿mil.wi.0143,﻿church,﻿St. Michael's,English,,,,﻿Sheboygan County,﻿Sheboygan County,﻿Mitchell,﻿Mitchell,﻿WI,,43.67055182,-88.11119091,﻿mil.wi.0039,﻿Attended from Cascade,,,,,,,,,,,,1870,﻿,﻿,﻿Milwaukee,Milwaukee
﻿mil.wi.0144,﻿church,﻿St. John's,English,,,,﻿Waukesha County,﻿Waukesha County,﻿Monches,﻿Merton,﻿WI,,43.1406034,-88.3081923,,,,,﻿Rev.,﻿M. Hannan,,,,,,,,1870,﻿,﻿,﻿Milwaukee,Milwaukee
﻿mil.wi.0145,﻿church,﻿St. Victor's,English,,,,﻿Green County,﻿Green County,﻿Monroe,﻿Monroe,﻿WI,,42.5982211,-89.6352537,,,,,﻿Rev.,﻿John Casey,,,,,,,,1870,﻿,﻿,﻿Milwaukee,Milwaukee
﻿mil.wi.0146,﻿church,﻿St. Mary's,English,,,,﻿Green County,﻿Green County,﻿Monroe,﻿Monroe,﻿WI,,42.7406087,-89.5957601,,,,,﻿Rev.,﻿John Casey,,,,,,,,1870,﻿,﻿,﻿Milwaukee,Milwaukee
﻿mil.wi.0147,﻿church,﻿St. Lawrence O'Toole's,English,,,,﻿Grant County,﻿Grant County,﻿Mount Hope,﻿Mount Hope,﻿WI,,43.0069184,-90.8167916,,,,,﻿Rev.,﻿Thos. Hadnett,,,,,,,,1870,﻿,﻿,﻿Milwaukee,Milwaukee
﻿mil.wi.0148,﻿church,﻿St. Barnabas's,English,,,,﻿Dane County,﻿Dane County,﻿Mozzomanie,﻿Mazomanie,﻿WI,,43.1726874,-89.7917034,,,,,﻿Rev.,﻿M. Morris,,,,,,,,1870,﻿,﻿,﻿Milwaukee,Milwaukee
﻿mil.wi.0149,﻿church,﻿St. Bartholomew's,English,,,,﻿Grant County,﻿Grant County,﻿Muscoda,﻿Muscoda,﻿WI,,43.1849868,-90.4431807,﻿mil.wi.0105,﻿Attended by Rev. F. X. Weinhart,,﻿f_x_weinhart_001,﻿Rev.,﻿F. X. Weinhart,,,,,,,,1870,﻿,﻿,﻿Milwaukee,Milwaukee
﻿mil.wi.0150,﻿church,﻿St. Matthew's,English,,,,﻿Dodge County,﻿Dodge County,﻿Neosha,﻿Neosho,﻿WI,,43.3130077,-88.5195903,,,,,﻿Rev.,﻿D. Thill,,,,,,,,1870,﻿,﻿,﻿Milwaukee,Milwaukee
﻿mil.wi.0151,﻿church,﻿St. Valerius's,English,,,,﻿Waukesha County,﻿Waukesha County,﻿New Berlin,﻿New Berlin,﻿WI,,42.9764549,-88.1083897,,,,﻿m_seibold_001,﻿Rev.,﻿M. Seebold,,,,,,,,1870,﻿,﻿,﻿Milwaukee,Milwaukee
﻿mil.wi.0152,﻿church,﻿Holy Trinity,English,,,,﻿Washington County,﻿Washington County,﻿Newburgh,﻿Newburg,﻿WI,,43.4316671,-88.0464812,,,,,﻿Rev.,﻿M. Wenker,,,,,,,,1870,﻿,﻿,﻿Milwaukee,Milwaukee
﻿mil.wi.0153,﻿church,﻿St. Matthew's,English,,,,﻿Fond du Lac County,﻿Fond du Lac County,﻿New Castle,﻿Campbellsport,﻿WI,,43.5988406,-88.2755323,﻿mil.wi.0016,﻿Attended from Ashford,,,,,,,,,,,,1870,﻿,﻿,﻿Milwaukee,Milwaukee
﻿mil.wi.0154,﻿church,﻿St. Augustine's,English,,,,﻿Lafayette County,﻿Lafayette County,﻿New Diggings,﻿New Diggings,﻿WI,,42.53407486,-90.33456412,﻿mil.wi.0026,﻿Attended by Rev. G. Prendergast,,﻿g_prendergast_001,﻿Rev.,﻿G. Prendergast,,,,,,,,1870,﻿,﻿,﻿Milwaukee,Milwaukee
﻿mil.wi.0155,﻿church,﻿St. Stephens's,English,,,,﻿Milwaukee County,﻿Milwaukee County,﻿New Koeln,﻿Milwaukee,﻿WI,,43.0195539,-87.9165116,,,,,﻿Rev.,﻿Ths. Bruhin,,,,,,,,1870,﻿,﻿,﻿Milwaukee,Milwaukee
﻿mil.wi.0156,﻿church,﻿St. Casimir's,English,,,,﻿Manitowoc County,﻿Manitowoc County,﻿Newtown,﻿Newtown,﻿WI,,43.9937427,-87.7263327,,,,﻿bon_buezynski_001,﻿Rev.,﻿B. Buetzinski,,,,,,,,1870,﻿,﻿,﻿Milwaukee,Milwaukee
﻿mil.wi.0157,﻿church,﻿St. Peter's,English,,,,﻿Manitowoc County,﻿Manitowoc County,﻿Newtown,﻿Newtown,﻿WI,,43.9937427,-87.7263327,﻿mil.wi.0130,﻿Attended from Manitowoc,,,,,,,,,,,,1870,﻿,﻿,﻿Milwaukee,Milwaukee
﻿mil.wi.0158,﻿church,﻿St. Matthews's,English,,,,﻿Milwaukee County,﻿Milwaukee County,﻿Oak Creek,﻿Oak Creek,﻿WI,,42.8746545,-87.86136,,﻿Attended by Rev. S. Woefle,,﻿s_woelfle_001,﻿Rev.,﻿S. Woefle,,,,,,,,1870,﻿,﻿,﻿Milwaukee,Milwaukee
﻿mil.wi.0159,﻿church,﻿St. Jerome's,English,,,,﻿Waukesha County,﻿Waukesha County,﻿Oconomowoc,﻿Oconomowoc,﻿WI,,43.0973051,-88.4936774,﻿mil.wi.0131,﻿Visited by Rev. J. W. Vahey,,﻿i_w_vahey_001,﻿Rev.,﻿J. W. Vahey,,,,,,,,1870,﻿,﻿,﻿Milwaukee,Milwaukee
﻿mil.wi.0160,﻿church,﻿St. Matthew's,English,,,,﻿Fond du Lac County,﻿Fond du Lac County,﻿Osceola,﻿Osceola,﻿WI,,43.6813708,-88.2266434,﻿mil.wi.0080,﻿Attended by Rev. N. Stehle,,﻿n_stehle_001,﻿Rev.,﻿N. Stehle,,,,,,,,1870,﻿,﻿,﻿Milwaukee,Milwaukee
﻿mil.wi.0161,﻿church,﻿St. Mary's,English,,,,﻿Winnebago County,﻿Winnebago County,﻿Omro,﻿Omro,﻿WI,,44.0336503,-88.7421848,﻿mil.wi.0162,﻿Visited by Rev. M. Marco,,﻿m_marco_002,﻿Rev.,﻿M. Marco,,,,,,,,1870,﻿,﻿,﻿Milwaukee,Milwaukee
﻿mil.wi.0162,﻿church,﻿St. Vincent de Paul's,English,,,,﻿— County,﻿Winnebago County,﻿Oshkosh (South),﻿Oshkosh,﻿WI,,44.048403,-88.543971,,,,﻿m_m_marco_001,﻿Rev.,﻿M. Marco,,,,,,,,1870,﻿,﻿,﻿Milwaukee,Milwaukee
﻿mil.wi.0163,﻿church,﻿St. Patrick's,English,,,,﻿Columbia County,﻿Columbia County,﻿Ostego,﻿Otsego,﻿WI,,43.4022098,-89.1662248,﻿mil.wi.0048,﻿Attended by Rev. J. C. Keefe,,﻿j_okeefe_001,﻿Rev.,﻿J. C. Keefe,,,,,,,,1870,﻿,﻿,﻿Milwaukee,Milwaukee
﻿mil.wi.0164,﻿church,﻿St. Bruno's,English,,,,﻿Waukesha County,﻿Waukesha County,﻿Ottawa,﻿Ottawa,﻿WI,,42.99389595,-88.51258857,,,,,﻿Rev.,﻿S. Spath,,,,,,,,1870,﻿,﻿,﻿Milwaukee,Milwaukee
﻿mil.wi.0165,﻿church,﻿St. John Baptist's,English,,,,﻿Kenosha County,﻿Kenosha County,﻿Paris,﻿Paris,﻿WI,,42.6336298,-88.0514727,,﻿Attended by Rev. H. Reinhart,,﻿h_reinhardt_001,﻿Rev.,﻿H. Reinhart,,,,,,,,1870,﻿,﻿,﻿Milwaukee,Milwaukee
﻿mil.wi.0166,﻿church,﻿St. John's,English,,,,﻿Grant County,﻿Grant County,﻿Patchgrove,﻿Patch Grove,﻿WI,,42.9402892,-90.9744634,﻿mil.wi.0173,﻿Visited by Rev. T. P. Hodnett,,﻿t_hodnett_001,﻿Rev.,﻿T. P. Hodnett,,,,,,,,1870,﻿,﻿,﻿Milwaukee,Milwaukee
﻿mil.wi.0167,﻿church,﻿St. Salvador's,English,,,,﻿Dane County,﻿Dane County,﻿Perry,﻿Perry,﻿WI,,42.9169551,-89.385547,﻿mil.wi.0051,﻿Visited by J. Hamm,,﻿j_hamm_001,﻿Rev.,﻿J. Hamm,,,,,,,,1870,﻿,﻿,﻿Milwaukee,Milwaukee
﻿mil.wi.0168,﻿church,﻿SS. Peter and Paul's,English,,,,﻿Waukesha County,﻿Waukesha County,﻿Pewaukee,﻿Pewaukee,﻿WI,,43.0654628,-88.2058043,﻿mil.wi.0211,﻿Attended by Rev. P. Deberge,,﻿f_deberge_001,﻿Rev.,﻿P. Deberge,,,,,,,,1870,﻿,﻿,﻿Milwaukee,Milwaukee
﻿mil.wi.0169,﻿church,﻿St. Bernard's,English,,,,﻿Dane County,﻿Dane County,﻿Piola,﻿Paoli,﻿WI,,42.9294441,-89.5237324,﻿mil.wi.0129,﻿Attended by Rev. M. Obermueller,,﻿m_obermueller_001,﻿Rev.,﻿M. Obermueller,,,,,,,,1870,﻿,﻿,﻿Milwaukee,Milwaukee
﻿mil.wi.0170,﻿church,﻿St. Mary's,English,,,,﻿Grant County,﻿Grant County,﻿Platteville,﻿Platteville,﻿WI,,42.737178,-90.47859,,,,﻿phi_albrecht_002,﻿Rev.,﻿Ph. Albrecht,,,,,,,,1870,﻿,﻿,﻿Milwaukee,Milwaukee
﻿mil.wi.0171,﻿church,﻿St. John's,English,,,,﻿Sheboygan County,﻿Sheboygan County,﻿Plymouth,﻿Plymouth,﻿WI,,43.7494262,-87.9777558,﻿mil.wi.0193,﻿Visited by Rev. M. Haider,,,﻿Rev.,﻿M. Haider,,,,,,,,1870,﻿,﻿,﻿Milwaukee,Milwaukee
﻿mil.wi.0172,﻿church,﻿St. Mary's,English,,,,﻿Ozaukee County,﻿Ozaukee County,﻿Port Washington,﻿Port Washington,﻿WI,,43.391873,-87.8689906,,,,,﻿Rev.,﻿A. Durst,,,,,,,,1870,﻿,﻿,﻿Milwaukee,Milwaukee
﻿mil.wi.0173,﻿church,﻿St. Thomas's,English,,,,﻿Grant County,﻿Grant County,﻿Potosi,﻿Potosi,﻿WI,,42.6865615,-90.7144469,,,,﻿tho_p_hodnett_001,﻿Rev.,﻿T. Hodnett,,,,,,,,1870,﻿,﻿,﻿Milwaukee,Milwaukee
﻿mil.wi.0174,﻿church,﻿St. Andrew's,﻿German,,,,﻿Grant County,﻿Grant County,﻿Potosi,﻿Potosi,﻿WI,,42.6894392,-90.7120713,,,,,﻿Rev.,﻿M. De Becke,,,,,,,,1870,﻿,﻿,﻿Milwaukee,Milwaukee
﻿mil.wi.0175,﻿church,﻿St. Michael's,English,,,,﻿Rock County,﻿Rock County,﻿Pottertown,,﻿WI,,42.8178708,-89.18032146,,,,,﻿Rev.,﻿Chs. Farrelly,,,,,,,,1870,﻿,﻿,﻿Milwaukee,Milwaukee
﻿mil.wi.0176,﻿church,﻿St. Patrick's,English,,,,﻿Racine County,﻿Racine County,﻿Racine,﻿Racine,﻿WI,,42.7343856,-87.7874661,,,,,﻿Rev.,﻿G. W. Matthews,,,,,,,,1870,﻿,﻿,﻿Milwaukee,Milwaukee
﻿mil.wi.0177,﻿church,﻿St. Mary's,﻿German,,,,﻿Racine County,﻿Racine County,﻿Racine,﻿Racine,﻿WI,,42.7244837,-87.78494024,,,,,﻿Rev.,﻿F. Etschmann,,,,,,,,1870,﻿,﻿,﻿Milwaukee,Milwaukee
﻿mil.wi.0178,﻿church,﻿St. Hubert's,English,,,,﻿Washington County,﻿Washington County,﻿Richfield,﻿Richfield,﻿WI,,43.2324982,-88.2157651,﻿mil.wi.0088,﻿Attended by Rev. Gamber,,﻿j_gamber_001,﻿Rev.,﻿Gamber,,,,,,,,1870,﻿,﻿,﻿Milwaukee,Milwaukee
﻿mil.wi.0179,﻿church,﻿Holy Maternity,English,,,,﻿Washington County,﻿Washington County,﻿Richfield,﻿Richfield,﻿WI,,43.2562201,-88.1943651,﻿mil.wi.0088,﻿Attended by Rev. Gamber,,﻿j_gamber_001,﻿Rev.,﻿Gamber,,,,,,,,1870,﻿,﻿,﻿Milwaukee,Milwaukee
﻿mil.wi.0180,﻿church,﻿St. Augustine's,English,,,,﻿Washington County,﻿Washington County,﻿Richfield,﻿Richfield,﻿WI,,43.2191057,-88.2266434,﻿mil.wi.0088,﻿Attended by Rev. Gamber,,﻿j_gamber_001,﻿Rev.,﻿Gamber,,,,,,,,1870,﻿,﻿,﻿Milwaukee,Milwaukee
﻿mil.wi.0181,﻿church,﻿St. Joseph's,English,,,,﻿Jefferson County,﻿Dodge County,﻿Richwood,﻿Richwood,﻿WI,,43.241389,-88.783056,,,,,﻿Rev.,﻿H. Roche,,,,,,,,1870,﻿,﻿,﻿Milwaukee,Milwaukee
﻿mil.wi.0182,﻿church,﻿St. Bridget's,English,,,,﻿Iowa County,﻿Iowa County,﻿Ridgeway,﻿Ridgeway,﻿WI,,42.997718,-89.995869,﻿mil.wi.0142,﻿Attended by F. McGann,,﻿f_mcgann_001,﻿Rev.,﻿F. McGann,,,,,,,,1870,﻿,﻿,﻿Milwaukee,Milwaukee
﻿mil.wi.0183,﻿church,﻿St. Patrick's,English,,,,﻿Fond du Lac County,﻿Fond du Lac County,﻿Ripon,﻿Ripon,﻿WI,,43.7847208,-88.446755,,,,,﻿Rev.,﻿E. Gray,,,,,,,,1870,﻿,﻿,﻿Milwaukee,Milwaukee
﻿mil.wi.0184,﻿church,﻿St. Norbert's,English,,,,﻿Dane County,﻿Dane County,﻿Roxbury,﻿Roxbury,﻿WI,,43.250644,-89.677281,,,,,﻿Rev.,﻿A. Inama,﻿O.P.,,,,,,,1870,﻿,﻿,﻿Milwaukee,Milwaukee
﻿mil.wi.0185,﻿church,﻿St. Andrew's,English,,,,﻿Sheboygan County,﻿Sheboygan County,﻿Rhine,﻿Rhine,﻿WI,,43.8162539,-88.0072532,﻿mil.wi.0193,﻿Attended by Rev. M. Haider,,﻿m_haider_001,﻿Rev.,﻿M. Haider,,,,,,,,1870,﻿,﻿,﻿Milwaukee,Milwaukee
﻿mil.wi.0186,﻿church,not recorded,English,,,,﻿Milwaukee County,﻿Milwaukee County,﻿St. Francis Station,﻿St. Francis,﻿WI,,42.98299237,-87.87059267,,,,,﻿Rev.,﻿Joseph Rainer,,,,,,,,1870,﻿,﻿,﻿Milwaukee,Milwaukee
﻿mil.wi.0187,﻿church,﻿St. Martin's,English,,,,﻿Dane County,﻿Dane County,﻿Springfield,﻿Springfield,﻿WI,,43.1806778,-89.5896887,,,,,﻿Rev.,﻿A. Zitterl,,,,,,,,1870,﻿,﻿,﻿Milwaukee,Milwaukee
﻿mil.wi.0188,﻿church,﻿St. Peter's,English,,,,﻿Dane County,﻿Dane County,﻿Springfield,﻿Springfield,﻿WI,,43.1395024,-89.5409553,,,,﻿f_x_sailer_002,﻿Rev.,﻿F. Sailer,,,,,,,,1870,﻿,﻿,﻿Milwaukee,Milwaukee
﻿mil.wi.0189,﻿church,﻿St. Mary's Immaculate Conception,English,,,,﻿Ozaukee County,﻿Ozaukee County,﻿Saukville,﻿Saukville,﻿WI,,43.3801434,-87.94336048,,,,,﻿Rev.,﻿F. Vaissem,,,,,,,,1870,﻿,﻿,﻿Milwaukee,Milwaukee
﻿mil.wi.0190,﻿church,﻿St. Finbar's,English,,,,﻿Ozaukee County,﻿Ozaukee County,﻿Saukville,﻿Saukville,﻿WI,,43.441187,-88.0006754,﻿mil.wi.0152,﻿Attended by Rev. M. Wenker,,﻿m_wenker_001,﻿Rev.,﻿M. Wenker,,,,,,,,1870,﻿,﻿,﻿Milwaukee,Milwaukee
﻿mil.wi.0191,﻿church,﻿St. Peter's,English,,,,﻿Washington County,﻿Washington County,﻿Schleisingerville,﻿Slinger,﻿WI,,43.333613,-88.2862065,﻿mil.wi.0107,﻿Attended by Rev. J. Stehle,,﻿j_stehle_001,﻿Rev.,﻿J. Stehle,,,,,,,,1870,﻿,﻿,﻿Milwaukee,Milwaukee
﻿mil.wi.0192,﻿church,﻿Our Lady of Hope,English,,,,﻿Lafayette County,﻿Lafayette County,﻿Seymour,﻿Seymour,﻿WI,,42.6524154,-90.2494686,﻿mil.wi.0053,﻿Attended by Rev. E. McGinnity,,﻿e_mcginnity_001,﻿Rev.,﻿E. McGinnity,,,,,,,,1870,﻿,﻿,﻿Milwaukee,Milwaukee
﻿mil.wi.0193,﻿church,﻿St. Magdalene's,English,,,,﻿Sheboygan County,﻿Sheboygan County,﻿Sheboygan,﻿Sheboygan,﻿WI,,43.76048158,-87.7134702,,,,,﻿Rev.,﻿M. Haider,,,,,,,,1870,﻿,﻿,﻿Milwaukee,Milwaukee
﻿mil.wi.0194,﻿church,﻿St. Mary's,English,,,,﻿Sheboygan County,﻿Sheboygan County,﻿Silver Creek,﻿Sherman,﻿WI,,43.6007621,-87.9922684,﻿mil.wi.0039,﻿Attended by Rev. T. Tiernan,,﻿t_tiernan_001,﻿Rev.,﻿T. Tiernan,,,,,,,,1870,﻿,﻿,﻿Milwaukee,Milwaukee
﻿mil.wi.0195,﻿church,﻿St. Dominic's,English,,,,﻿Grant County,﻿Grant County,﻿Sinsinawa,﻿Sinsinawa,﻿WI,,42.5208114,-90.5385596,,,,,﻿Rev.,﻿L. Power,﻿O.P.,,,,,,,1870,﻿,﻿,﻿Milwaukee,Milwaukee
﻿mil.wi.0196,﻿church,﻿St. Matthew's,English,,,,﻿Lafayette County,﻿Lafayette County,﻿Shullsburgh,﻿Shullsburg,﻿WI,,42.5743947,-90.230549,,,,,﻿Rev.,﻿J. J. Kinsella,,,,,,,,1870,﻿,﻿,﻿Milwaukee,Milwaukee
﻿mil.wi.0197,﻿church,﻿Holy Mary of Help,English,,,,﻿Fond du Lac County,﻿Fond du Lac County,﻿Springvale,﻿Springvale,﻿WI,,43.7642443,-88.6916315,﻿mil.wi.0183,﻿Visited by Rev. E. Gray,,﻿e_gray_001,﻿Rev.,﻿E. Gray,,,,,,,,1870,﻿,﻿,﻿Milwaukee,Milwaukee
﻿mil.wi.0198,﻿church,﻿St. Joseph's,English,,,,﻿Dane County,﻿Dane County,﻿Sun Prairie,﻿Sun Prairie,﻿WI,,43.26792849,-89.15374869,,,,,﻿Rev.,﻿A. Faeckler,,,,,,,,1870,﻿,﻿,﻿Milwaukee,Milwaukee
﻿mil.wi.0199,﻿church,﻿Sacred Hearts of Jesus and Mary,English,,,,﻿Dane County,﻿Dane County,﻿Sun Prairie,﻿Sun Prairie,﻿WI,,43.1862155,-89.2101664,,,,,﻿Rev.,﻿H. Wilmes,,,,,,,,1870,﻿,﻿,﻿Milwaukee,Milwaukee
﻿mil.wi.0200,﻿church,﻿St. John the Baptist's,English,,,,﻿Fond du Lac County,﻿Fond du Lac County,﻿Taycheda,﻿Taycheeda,﻿WI,,43.8088785,-88.3951057,,,,,﻿Rev.,﻿A. Kieser,,,,,,,,1870,﻿,﻿,﻿Milwaukee,Milwaukee
﻿mil.wi.0201,﻿church,﻿St. Peter's,English,,,,﻿Fond du Lac County,﻿Fond du Lac County,﻿Taycheda,﻿Taycheeda,﻿WI,,43.8088785,-88.3951057,﻿mil.wi.0257,﻿Attended from Calvary,,,,,,,,,,,,1870,﻿,﻿,﻿Milwaukee,Milwaukee
﻿mil.wi.0202,﻿church,﻿St. Theresa's,English,,,,﻿Dodge County,﻿Dodge County,﻿Teresa,﻿Theresa,﻿WI,,43.51810698,-88.45321523,,,,﻿geo_strickner_001,﻿Rev.,﻿G. Strickner,,,,,,,,1870,﻿,﻿,﻿Milwaukee,Milwaukee
﻿mil.wi.0203,﻿church,﻿St. Simon's,English,,,,﻿Dane County,﻿Dane County,﻿Vermont,﻿Vermont,﻿WI,,43.0775712,-89.7942892,﻿mil.wi.0148,﻿Attended by Rev. M. Morris,,﻿m_morris_001,﻿Rev.,﻿M. Morris,,,,,,,,1870,﻿,﻿,﻿Milwaukee,Milwaukee
﻿mil.wi.0204,﻿church,﻿St. Margaret's,English,,,,﻿Dane County,﻿Dane County,﻿Vienna,﻿Vienna,﻿WI,,43.0186073,-89.5497632,﻿mil.wi.0128,﻿Attended from Madison,,,,,,,,,,,,1870,﻿,﻿,﻿Milwaukee,Milwaukee
﻿mil.wi.0205,﻿church,﻿St. Philomena's,English,,,,﻿Lafayette County,﻿Lafayette County,﻿Viota,﻿Viota,﻿WI,,4.4373225,-74.5218152,﻿mil.wi.0053,﻿Attended from Darlington,,,,,,,,,,,,1870,﻿,﻿,﻿Milwaukee,Milwaukee
﻿mil.wi.0206,﻿church,﻿St. Thomas Aquinas',English,,,,﻿Racine County,﻿Racine County,﻿Waterford,﻿Waterford,﻿WI,,42.7607764,-88.2120408,,,,,﻿Rev.,﻿M. J. Joerger,,,,,,,,1870,﻿,﻿,﻿Milwaukee,Milwaukee
﻿mil.wi.0207,﻿church,﻿St. Winceslaus',English,,,,﻿Jefferson County,﻿Jefferson County,﻿Waterloo,﻿Waterloo,﻿WI,,43.1610848,-88.9212665,﻿mil.wi.0112,﻿Attended by Rev. F. Friedl,,﻿j_friedl_001,﻿Rev.,﻿F. Friedl,,,,,,,,1870,﻿,﻿,﻿Milwaukee,Milwaukee
﻿mil.wi.0208,﻿church,﻿St. Bernard's,English,,,,﻿Jefferson County,﻿Jefferson County,﻿Watertown,﻿Watertown,﻿WI,,43.19391845,-88.72929238,,,,,﻿Rev.,﻿P. F. Petit,,,,,,,,1870,﻿,﻿,﻿Milwaukee,Milwaukee
﻿mil.wi.0209,﻿church,﻿St. Henry's,﻿German,,,,﻿Jefferson County,﻿Jefferson County,﻿Watertown,﻿Watertown,﻿WI,,43.1965694,-88.7209278,,,,,﻿Rev.,﻿M. Minderer,,,,,,,,1870,﻿,﻿,﻿Milwaukee,Milwaukee
﻿mil.wi.0210,﻿church,﻿St. Joseph's,English,,,,﻿Dodge County,﻿Dodge County,﻿Waupun,﻿Waupun,﻿WI,,43.6334815,-88.7377224,,,,,﻿Rev.,﻿G. L. Willard,,,,,,,,1870,﻿,﻿,﻿Milwaukee,Milwaukee
﻿mil.wi.0211,﻿church,﻿St. Joseph's,English,,,,﻿Waukesha County,﻿Waukesha County,﻿Waukesha,﻿Waukesha,﻿WI,,43.0118544,-88.226756,,,,,﻿Rev.,﻿F. Deberge,,,,,,,,1870,﻿,﻿,﻿Milwaukee,Milwaukee
﻿mil.wi.0212,﻿church,﻿Holy Angels',English,,,,﻿Washington County,﻿Washington County,﻿West Bend,﻿West Bend,﻿WI,,43.4239649,-88.1866863,,,,,﻿Rev.,﻿J. Reindl,,,,,,,,1870,﻿,﻿,﻿Milwaukee,Milwaukee
﻿mil.wi.0213,﻿church,﻿St. Matthias',English,,,,﻿Washington County,﻿Washington County,﻿West Bend,﻿West Bend,﻿WI,,43.42072483,-88.27144418,﻿mil.wi.0017,﻿Visited by Rev. C. Rehrl,,,﻿Rev.,﻿C. Rehrl,,,,,,,,1870,﻿,﻿,﻿Milwaukee,Milwaukee
﻿mil.wi.0214,﻿church,﻿St. Mary's ad Lacum,English,,,,﻿Dane County,﻿Dane County,﻿Westport,﻿Westport,﻿WI,,43.0186073,-89.5497632,,,,,﻿Rev.,﻿M. Hobbs,,,,,,,,1870,﻿,﻿,﻿Milwaukee,Milwaukee
﻿mil.wi.0215,﻿church,﻿Holy Trinity,English,,,,﻿— County,﻿Calumet County,﻿West Brotherton,﻿Brothertown,﻿WI,,43.7844397,-88.7878678,﻿mil.wi.0134,﻿Attended from Marytown,,,,,,,,,,,,1870,﻿,﻿,﻿Milwaukee,Milwaukee
﻿mil.wi.0216,﻿church,﻿St. Patrick's,English,,,,﻿Iowa County,﻿Iowa County,﻿Walwick,﻿Waldwick,﻿WI,,42.8255553,-90.039847,﻿mil.wi.0142,﻿Attended by Rev. F. McGann,,﻿f_mcgann_001,﻿Rev.,﻿F. McGann,,,,,,,,1870,﻿,﻿,﻿Milwaukee,Milwaukee
﻿mil.wi.0217,﻿church,﻿St. Alphonsus's,English,,,,﻿Kenosha County,﻿Kenosha County,﻿Wheatland,﻿Wheatland,﻿WI,,42.5804755,-88.2267186,,,,,﻿Rev.,﻿J. H. Korphage,,,,,,,,1870,﻿,﻿,﻿Milwaukee,Milwaukee
﻿mil.wi.0218,﻿church,﻿St. Patrick's,English,,,,﻿Walworth County,﻿Walworth County,﻿Whitewater,﻿Whitewater,﻿WI,,42.8339581,-88.7534971,,,,,﻿Rev.,﻿D. T. Kirwan,,,,,,,,1870,﻿,﻿,﻿Milwaukee,Milwaukee
﻿mil.wi.0219,﻿church,﻿Holy Assumption,English,,,,﻿Lafayette County,﻿Lafayette County,﻿Willow Springs,﻿Willow Springs,﻿WI,,42.7482415,-90.1317987,﻿mil.wi.0053,﻿Attended by Rev. E. McGinnity,,﻿e_mcginnity_001,﻿Rev.,﻿E. McGinnity,,,,,,,,1870,﻿,﻿,﻿Milwaukee,Milwaukee
﻿mil.wi.0220,﻿church,﻿Holy Name of Jesus,English,,,,﻿Kenosha County,﻿Kenosha County,﻿Wilmont,﻿Wilmont,﻿WI,,42.5130426,-88.1825133,,,,,﻿Rev.,﻿W. Fitzhenry,,,,,,,,1870,﻿,﻿,﻿Milwaukee,Milwaukee
﻿mil.wi.0221,﻿church,﻿St. George's,English,,,,﻿Sheboygan County,﻿Sheboygan County,﻿Wilson,﻿Wilson,﻿WI,,43.6698651,-87.7999433,,,,,﻿Rev.,﻿J. A. Mueller,,,,,,,,1870,﻿,﻿,﻿Milwaukee,Milwaukee
﻿mil.wi.0222,﻿church,﻿St. Mary's Annunciation,English,,,,﻿Dodge County,﻿Dodge County,﻿Woodland,﻿Woodland,﻿WI,,43.377519,-88.5211882,﻿mil.wi.0150,﻿Attended from Neosha,,,,,,,,,,,,1870,﻿,﻿,﻿Milwaukee,Milwaukee
﻿mil.wi.0223,﻿church,﻿St. Augustine's,English,,,,﻿Columbia County,﻿Columbia County,﻿Wyocena,﻿Wyocena,﻿WI,,43.495817,-89.3084506,﻿mil.wi.0048,﻿Attended by Rev. J. O'Keefe,,﻿j_okeefe_001,﻿Rev.,﻿J. O'Keefe,,,,,,,,1870,﻿,﻿,﻿Milwaukee,Milwaukee
﻿mil.wi.0224,﻿station,not recorded,English,,,,﻿Columbia County,﻿Columbia County,﻿Marcello,﻿Marcellon,﻿WI,,43.5685938,-89.2656724,,,,,,,,,,,,,,1870,﻿,﻿,﻿Milwaukee,Milwaukee
﻿mil.wi.0225,﻿station,not recorded,English,,,,﻿Columbia County,﻿Columbia County,﻿Caledonia,﻿Caledonia,﻿WI,,43.4635213,-89.5308903,,,,,,,,,,,,,,1870,﻿,﻿,﻿Milwaukee,Milwaukee
﻿mil.wi.0226,﻿station,not recorded,English,,,,﻿Columbia County,﻿Columbia County,﻿Prairie,﻿Prairie,﻿WI,,43.4046632,-89.3226954,,,,,,,,,,,,,,1870,﻿,﻿,﻿Milwaukee,Milwaukee
﻿mil.wi.0227,﻿station,not recorded,English,,,,﻿Dane County,﻿Dane County,﻿Cottage Grove,﻿Cottage Grove,﻿WI,,43.0761082,-89.1995593,,,,,,,,,,,,,,1870,﻿,﻿,﻿Milwaukee,Milwaukee
﻿mil.wi.0228,﻿station,not recorded,English,,,,﻿Dane County,﻿Dane County,﻿Dane,﻿Dane,﻿WI,,43.2505472,-89.5015088,,,,,,,,,,,,,,1870,﻿,﻿,﻿Milwaukee,Milwaukee
﻿mil.wi.0229,﻿station,not recorded,English,,,,﻿Dodge County,﻿Dodge County,﻿Lebanon,﻿Lebanon,﻿WI,,43.2552773,-88.6267681,,,,,,,,,,,,,,1870,﻿,﻿,﻿Milwaukee,Milwaukee
﻿mil.wi.0230,﻿station,not recorded,English,,,,﻿Dodge County,﻿Dodge County,﻿Lamira,﻿Lamira,﻿WI,,43.591382,-88.443713,,,,,,,,,,,,,,1870,﻿,﻿,﻿Milwaukee,Milwaukee
﻿mil.wi.0231,﻿station,not recorded,English,,,,﻿Dodge County,﻿Dodge County,﻿Iron Ridge,﻿Iron Ridge,﻿WI,,43.3997196,-88.5326008,,,,,,,,,,,,,,1870,﻿,﻿,﻿Milwaukee,Milwaukee
﻿mil.wi.0232,﻿station,not recorded,English,,,,﻿Dodge County,﻿Dodge County,﻿Lowell,﻿Lowell,﻿WI,,43.3402719,-88.8170497,,,,,,,,,,,,,,1870,﻿,﻿,﻿Milwaukee,Milwaukee
﻿mil.wi.0233,﻿station,not recorded,English,,,,﻿Fond du Lac County,﻿Fond du Lac County,﻿Rosendale,﻿Rosendale,﻿WI,,43.8077629,-88.674832,,,,,,,,,,,,,,1870,﻿,﻿,﻿Milwaukee,Milwaukee
﻿mil.wi.0234,﻿station,not recorded,English,,,,﻿Fond du Lac County,﻿Fond du Lac County,﻿Brandon,﻿Brandon,﻿WI,,43.7352624,-88.7812212,,,,,,,,,,,,,,1870,﻿,﻿,﻿Milwaukee,Milwaukee
﻿mil.wi.0235,﻿station,not recorded,English,,,,﻿Fond du Lac County,﻿Fond du Lac County,﻿Oakfield,﻿Oakfield,﻿WI,,43.6861007,-88.5464951,,,,,,,,,,,,,,1870,﻿,﻿,﻿Milwaukee,Milwaukee
﻿mil.wi.0236,﻿station,not recorded,English,,,,﻿Grant County,﻿Grant County,﻿Beetown,﻿Beetown,﻿WI,,42.7949911,-90.8854047,,,,,,,,,,,,,,1870,﻿,﻿,﻿Milwaukee,Milwaukee
﻿mil.wi.0237,﻿station,not recorded,English,,,,﻿Grant County,﻿Grant County,﻿Boscobel,﻿Boscobel,﻿WI,,43.1344289,-90.7054045,,,,,,,,,,,,,,1870,﻿,﻿,﻿Milwaukee,Milwaukee
﻿mil.wi.0238,﻿station,not recorded,English,,,,﻿Grant County,﻿Grant County,﻿Liberty,﻿Liberty,﻿WI,,42.8816013,-90.6204165,,,,,,,,,,,,,,1870,﻿,﻿,﻿Milwaukee,Milwaukee
﻿mil.wi.0239,﻿station,not recorded,English,,,,﻿Grant County,﻿Grant County,﻿Waterloo,﻿Waterloo,﻿WI,,42.7240274,-90.8484524,,,,,,,,,,,,,,1870,﻿,﻿,﻿Milwaukee,Milwaukee
﻿mil.wi.0240,﻿station,not recorded,English,,,,﻿Green Lake County,﻿Green Lake County,﻿Princeton,﻿Princeton,﻿WI,,43.8508134,-89.1217828,,,,,,,,,,,,,,1870,﻿,﻿,﻿Milwaukee,Milwaukee
﻿mil.wi.0241,﻿station,not recorded,English,,,,﻿Iowa County,﻿Iowa County,﻿Arina,﻿Arena,﻿WI,,43.165548,-89.9129013,,,,,,,,,,,,,,1870,﻿,﻿,﻿Milwaukee,Milwaukee
﻿mil.wi.0242,﻿station,not recorded,English,,,,﻿Iowa County,﻿Iowa County,﻿Avoca,﻿Avoca,﻿WI,,43.181933,-90.3245687,,,,,,,,,,,,,,1870,﻿,﻿,﻿Milwaukee,Milwaukee
﻿mil.wi.0243,﻿station,not recorded,English,,,,﻿Jefferson County,﻿Jefferson County,﻿Fort Atkinson,﻿Fort Atkinson,﻿WI,,42.9288944,-88.8370509,,,,,,,,,,,,,,1870,﻿,﻿,﻿Milwaukee,Milwaukee
﻿mil.wi.0244,﻿station,not recorded,English,,,,﻿Jefferson County,,﻿Pearlunawee,,﻿WI,,43.089927,-88.7108964,,,,,,,,,,,,,,1870,﻿,﻿,﻿Milwaukee,Milwaukee
﻿mil.wi.0245,﻿station,not recorded,English,,,,﻿Jefferson County,﻿Jefferson County,﻿Waterloo,﻿Waterloo,﻿WI,,43.1502808,-88.9222277,,,,,,,,,,,,,,1870,﻿,﻿,﻿Milwaukee,Milwaukee
﻿mil.wi.0246,﻿station,not recorded,English,,,,﻿Lafayette County,﻿Lafayette County,﻿Gratiot,﻿Gratiot,﻿WI,,42.5788935,-90.0226244,,,,,,,,,,,,,,1870,﻿,﻿,﻿Milwaukee,Milwaukee
﻿mil.wi.0247,﻿station,not recorded,English,,,,﻿Lafayette County,﻿Lafayette County,﻿Yellowstone,﻿Yellowstone,﻿WI,,42.79833,-89.97028,,,,,,,,,,,,,,1870,﻿,﻿,﻿Milwaukee,Milwaukee
﻿mil.wi.0248,﻿station,not recorded,English,,,,﻿Racine County,﻿Racine County,﻿Rochester,﻿Rochester,﻿WI,,42.7414058,-88.2242565,,,,,,,,,,,,,,1870,﻿,﻿,﻿Milwaukee,Milwaukee
﻿mil.wi.0249,﻿station,not recorded,English,,,,﻿Racine County,﻿Racine County,﻿Yorkville,﻿Yorkville,﻿WI,,42.7419627,-88.0267506,,,,,,,,,,,,,,1870,﻿,﻿,﻿Milwaukee,Milwaukee
﻿mil.wi.0250,﻿station,not recorded,English,,,,﻿Rock County,﻿Rock County,﻿Fulton,﻿Fulton,﻿WI,,42.8080616,-89.1276138,,,,,,,,,,,,,,1870,﻿,﻿,﻿Milwaukee,Milwaukee
﻿mil.wi.0251,﻿station,not recorded,English,,,,﻿Rock County,﻿Rock County,﻿Milton,﻿Milton,﻿WI,,42.7755645,-88.943999,,,,,,,,,,,,,,1870,﻿,﻿,﻿Milwaukee,Milwaukee
﻿mil.wi.0252,﻿station,not recorded,English,,,,﻿Rock County,﻿Rock County,﻿Spring Valley,﻿Spring Valley,﻿WI,,42.6583417,-89.3084495,,,,,,,,,,,,,,1870,﻿,﻿,﻿Milwaukee,Milwaukee
﻿mil.wi.0253,﻿station,not recorded,English,,,,﻿Rock County,,﻿Sugar River,﻿Brodhead,﻿WI,,42.636197,-89.386535,,,,,,,,,,,,,,1870,﻿,﻿,﻿Milwaukee,Milwaukee
﻿mil.wi.0254,﻿station,not recorded,English,,,,﻿Waukesha County,﻿Waukesha County,﻿Delafield,﻿Delafield,﻿WI,,43.0599734,-88.4041759,,,,,,,,,,,,,,1870,﻿,﻿,﻿Milwaukee,Milwaukee
﻿mil.wi.0255,﻿station,not recorded,English,,,,﻿Waukesha County,﻿Waukesha County,﻿Muchwanago,﻿Mukwonago,﻿WI,,42.8631124,-88.332347,,,,,,,,,,,,,,1870,﻿,﻿,﻿Milwaukee,Milwaukee
﻿mil.wi.0256,﻿station,not recorded,English,,,,﻿Waukesha County,﻿Waukesha County,﻿Pewaukee,﻿Pewaukee,﻿WI,,43.0654628,-88.2058043,,,,,,,,,,,,,,1870,﻿,﻿,﻿Milwaukee,Milwaukee
﻿mil.wi.0257,﻿convent,﻿Capuchin Convent of Calvary,English,"﻿There are also a number of clerics, novices, and lay brothers.",﻿P.O. Calvary,,﻿Fond du Lac County,﻿Fond du Lac County,,﻿Mount Calvary,﻿WI,,43.82428653,-88.24976325,,,,,﻿Very Rev.,﻿Francis Haas,﻿O.M.Cp.,﻿Comm. General and Guardian,,,,,,1870,﻿,﻿,﻿Milwaukee,Milwaukee
﻿mil.wi.0257,﻿convent,﻿Capuchin Convent of Calvary,English,﻿Stations visited every Sunday from the Convent: St. Joseph's and St. Peter's,﻿P.O. Calvary,,﻿Fond du Lac County,﻿Fond du Lac County,,﻿Mount Calvary,﻿WI,,43.82428653,-88.24976325,,,,,﻿Rev.,﻿Solanus Feddermann,﻿O.M.Cp.,,,,,,,1870,﻿,﻿,﻿Milwaukee,Milwaukee
﻿mil.wi.0257,﻿convent,﻿Capuchin Convent of Calvary,English,﻿Stations visited every Sunday from the Convent: St. Joseph's and St. Peter's,﻿P.O. Calvary,,﻿Fond du Lac County,﻿Fond du Lac County,,﻿Mount Calvary,﻿WI,,43.82428653,-88.24976325,,,,,﻿Rev.,﻿Antonius Rottensteiner,﻿O.M.Cp.,﻿Lector,,,,,,1870,﻿,﻿,﻿Milwaukee,Milwaukee
﻿mil.wi.0257,﻿convent,﻿Capuchin Convent of Calvary,English,﻿Stations visited every Sunday from the Convent: St. Joseph's and St. Peter's,﻿P.O. Calvary,,﻿Fond du Lac County,﻿Fond du Lac County,,﻿Mount Calvary,﻿WI,,43.82428653,-88.24976325,,,,,﻿Rev.,﻿Laurentius Vorwerk,﻿O.M.Cp.,﻿Master of Novices,,,,,,1870,﻿,﻿,﻿Milwaukee,Milwaukee
﻿mil.wi.0257,﻿convent,﻿Capuchin Convent of Calvary,English,﻿Stations visited every Sunday from the Convent: St. Joseph's and St. Peter's,﻿P.O. Calvary,,﻿Fond du Lac County,﻿Fond du Lac County,,﻿Mount Calvary,﻿WI,,43.82428653,-88.24976325,,,,,﻿Rev.,﻿Paschalis Straub,﻿O.M.Cp.,,,,,,,1870,﻿,﻿,﻿Milwaukee,Milwaukee
﻿mil.wi.0257,﻿convent,﻿Capuchin Convent of Calvary,English,﻿Stations visited every Sunday from the Convent: St. Joseph's and St. Peter's,﻿P.O. Calvary,,﻿Fond du Lac County,﻿Fond du Lac County,,﻿Mount Calvary,﻿WI,,43.82428653,-88.24976325,,,,,﻿Rev.,﻿Didacus Wendel,﻿O.M.Cp.,,,,,,,1870,﻿,﻿,﻿Milwaukee,Milwaukee
﻿mil.wi.0257,﻿convent,﻿Capuchin Convent of Calvary,English,﻿Stations visited every Sunday from the Convent: St. Joseph's and St. Peter's,﻿P.O. Calvary,,﻿Fond du Lac County,﻿Fond du Lac County,,﻿Mount Calvary,﻿WI,,43.82428653,-88.24976325,,,,,﻿Rev.,﻿Dominicus Mersmann,﻿O.M.Cp.,,,,,,,1870,﻿,﻿,﻿Milwaukee,Milwaukee
﻿mil.wi.0257,﻿convent,﻿Capuchin Convent of Calvary,English,﻿Stations visited every Sunday from the Convent: St. Joseph's and St. Peter's,﻿P.O. Calvary,,﻿Fond du Lac County,﻿Fond du Lac County,,﻿Mount Calvary,﻿WI,,43.82428653,-88.24976325,,,,,﻿Rev.,﻿Carolus Brandstetter,﻿O.M.Cp.,,,,,,,1870,﻿,﻿,﻿Milwaukee,Milwaukee
﻿mil.wi.0258,﻿college,﻿Ecclesiastical College of St. Lawrence of Brundusium,English,﻿All the classic and modern branches are taught.,,,﻿,,,,﻿WI,,43.7844397,-88.7878678,,,,,﻿Rev.,﻿Didacus Wendel,﻿O.M.Cp.,﻿Rector,,,,﻿Conducted by the Capuchin Fathers of Calvary Convent (P.O. Calvary),,1870,﻿,﻿,﻿Milwaukee,Milwaukee
﻿mil.wi.0258,﻿college,﻿Ecclesiastical College of St. Lawrence of Brundusium,English,﻿Accomodation for 25 boarders.,,,﻿,,,,﻿WI,,43.7844397,-88.7878678,,,,,,,,,,,,﻿Conducted by the Capuchin Fathers of Calvary Convent (P.O. Calvary),,1870,﻿,﻿,﻿Milwaukee,Milwaukee
﻿mil.wi.0259,"﻿convent, house, novitiate",﻿Convent of the School Sisters of Notre Dame,English,"﻿74 mission houses.  With 610 Sisters having under their charge throughout the United States 23,600 parish school children, over 1262 orphans, and 600 boarders.","﻿Mother House and Novitiate, Corner of Milwaukee and Knapp streets",,﻿,,,﻿Milwaukee,﻿WI,,43.04797988,-87.90663316,,,,,﻿Sister,﻿Mary Caroline,,﻿Superior,,﻿religious,﻿62 religious,﻿Under the charge of the School Sisters of Notre Dame,,1870,﻿,﻿,﻿Milwaukee,Milwaukee
﻿mil.wi.0259,"﻿convent, house, novitiate",﻿Convent of the School Sisters of Notre Dame,English,"﻿74 mission houses.  With 610 Sisters having under their charge throughout the United States 23,600 parish school children, over 1262 orphans, and 600 boarders.","﻿Mother House and Novitiate, Corner of Milwaukee and Knapp streets",,﻿,,,﻿Milwaukee,﻿WI,,43.04797988,-87.90663316,,,,,,,,,,﻿religious,﻿78 novices,﻿Under the charge of the School Sisters of Notre Dame,,1870,﻿,﻿,﻿Milwaukee,Milwaukee
﻿mil.wi.0259,"﻿convent, house, novitiate",﻿Convent of the School Sisters of Notre Dame,English,"﻿74 mission houses.  With 610 Sisters having under their charge throughout the United States 23,600 parish school children, over 1262 orphans, and 600 boarders.","﻿Mother House and Novitiate, Corner of Milwaukee and Knapp streets",,﻿,,,﻿Milwaukee,﻿WI,,43.04797988,-87.90663316,,,,,,,,,,﻿religious,﻿77 postulants,﻿Under the charge of the School Sisters of Notre Dame,,1870,﻿,﻿,﻿Milwaukee,Milwaukee
﻿mil.wi.0010_03,﻿school,﻿St. Mary's Institute,English,﻿This is a boarding school for young ladies.,"﻿Boarding school, corner of Milwaukee and Knapp streets",,﻿,,,﻿Milwaukee,﻿WI,,43.04797988,-87.90663316,,,,,﻿Sister,﻿Mary Seraphica,,﻿Directress,,﻿student,﻿100 pupils,﻿Under the charge of the School Sisters of Notre Dame,,1870,﻿,﻿,﻿Milwaukee,Milwaukee
﻿mil.wi.0261,﻿school,﻿St. Rosa's Select School,English,,"﻿On Van Buren, between Biddle and Oneida streets",,﻿,﻿Milwaukee County,﻿Milwaukee,﻿Milwaukee,﻿WI,,43.04214497,-87.90332045,,,,,﻿Sister,﻿Camilla,,﻿Sister-Servant,,﻿student,﻿69 pupils,﻿Conducted by the Daughters of Charity,,1870,﻿,﻿,﻿Milwaukee,Milwaukee
﻿mil.wi.0262,﻿school,﻿St. Rosa's Free School,English,,"﻿On Van Buren, between Biddle and Oneida streets",,﻿,﻿Milwaukee County,﻿Milwaukee,﻿Milwaukee,﻿WI,,43.04214497,-87.90332045,,,,,,,,,,﻿student,﻿84 pupils,﻿Conducted by the Daughters of Charity,,1870,﻿,﻿,﻿Milwaukee,Milwaukee
﻿mil.wi.0010_02,﻿school,﻿Day School of St. Mary's of the Holy Angels,English,,﻿Corner of Milwaukee and Ogden streets,,﻿,﻿Milwaukee County,﻿Milwaukee,﻿Milwaukee,﻿WI,,43.04715648,-87.90754448,,,,,﻿Sister,﻿Mary Ernesta,,﻿Directress,,﻿religious,﻿12 Sisters employed in teaching,﻿Conducted by the School Sisters of Notre Dame,,1870,﻿,﻿,﻿Milwaukee,Milwaukee
﻿mil.wi.0010_02,﻿school,﻿Day School of St. Mary's of the Holy Angels,English,,﻿Corner of Milwaukee and Ogden streets,,﻿,﻿Milwaukee County,﻿Milwaukee,﻿Milwaukee,﻿WI,,43.04715648,-87.90754448,,,,,,,,,,﻿student,﻿460 pupils,﻿Conducted by the School Sisters of Notre Dame,,1870,﻿,﻿,﻿Milwaukee,Milwaukee
﻿mil.wi.0264,﻿school,﻿St. Mary's Parish School,"﻿German, English",,,,﻿,﻿Milwaukee County,﻿Milwaukee,﻿Milwaukee,﻿WI,,43.04217259,-87.90796381,,,,,﻿Sister,﻿Mary Philippa,,﻿Directress,,﻿religious,﻿5 Sisters,﻿Conducted by the School Sisters of Notre Dame,,1870,﻿,﻿,﻿Milwaukee,Milwaukee
﻿mil.wi.0264,﻿school,﻿St. Mary's Parish School,"﻿German, English",,,,﻿,﻿Milwaukee County,﻿Milwaukee,﻿Milwaukee,﻿WI,,43.04217259,-87.90796381,,,,,,,,,,﻿student,﻿560 pupils,﻿Conducted by the School Sisters of Notre Dame,,1870,﻿,﻿,﻿Milwaukee,Milwaukee
﻿mil.wi.0265,﻿school,﻿Holy Trinity Parish School,English,,,,﻿,﻿Milwaukee County,﻿Milwaukee,﻿Milwaukee,﻿WI,,43.02505719,-87.91581997,,,,,﻿Sister,﻿Mary Adelberta,,﻿Directress,,﻿religious,﻿3 Sisters,﻿Conducted by the School Sisters of Notre Dame,,1870,﻿,﻿,﻿Milwaukee,Milwaukee
﻿mil.wi.0265,﻿school,﻿Holy Trinity Parish School,English,,,,﻿,﻿Milwaukee County,﻿Milwaukee,﻿Milwaukee,﻿WI,,43.02505719,-87.91581997,,,,,,,,,,﻿student,﻿350 pupils,﻿Conducted by the School Sisters of Notre Dame,,1870,﻿,﻿,﻿Milwaukee,Milwaukee
﻿mil.wi.0266,﻿school,﻿St. Joseph's Parish School,English,,,,﻿,﻿Milwaukee County,﻿Milwaukee,﻿Milwaukee,﻿WI,,43.04987049,-87.92610915,,,,,﻿Sister,﻿Mary Francis Xavier,,﻿Directress,,﻿religious,﻿5 Sisters,﻿Conducted by the School Sisters of Notre Dame,,1870,﻿,﻿,﻿Milwaukee,Milwaukee
﻿mil.wi.0266,﻿school,﻿St. Joseph's Parish School,English,,,,﻿,﻿Milwaukee County,﻿Milwaukee,﻿Milwaukee,﻿WI,,43.04987049,-87.92610915,,,,,,,,,,﻿student,﻿600 pupils,﻿Conducted by the School Sisters of Notre Dame,,1870,﻿,﻿,﻿Milwaukee,Milwaukee
﻿mil.wi.0267,﻿school,﻿St. Stanislaus' Parish School,﻿Polish,,,,﻿,﻿Milwaukee County,﻿Milwaukee,﻿Milwaukee,﻿WI,,43.0125286,-87.9169658,,,,,﻿Sister,﻿Mary Tita,,﻿Directress,,﻿student,﻿50 pupils,﻿Conducted by the School Sisters of Notre Dame,,1870,﻿,﻿,﻿Milwaukee,Milwaukee
﻿mil.wi.0066_02,﻿school,﻿St. Mary's Parish School,English,,,,﻿Waukesha County,﻿Waukesha County,﻿Elm Grove,﻿Elm Grove,﻿WI,,43.0444451,-88.07479169,,,,,﻿Sister,﻿Mary Romualda,,﻿Directress,,﻿student,﻿60 pupils,﻿Conducted by the School Sisters of Notre Dame,,1870,﻿,﻿,﻿Milwaukee,Milwaukee
﻿mil.wi.0269,﻿school,﻿St. Cecilia's Parish School,English,,,,﻿,,﻿Mount Carmel,,﻿WI,,43.7844397,-88.7878678,,,,,﻿Sister,﻿Mary Petra Fouria,,﻿Directress,,﻿religious,﻿5 Sisters,﻿Conducted by the School Sisters of Notre Dame,,1870,﻿,﻿,﻿Milwaukee,Milwaukee
﻿mil.wi.0269,﻿school,﻿St. Cecilia's Parish School,English,,,,﻿,,﻿Mount Carmel,,﻿WI,,43.7844397,-88.7878678,,,,,,,,,,﻿student,﻿210 pupils,﻿Conducted by the School Sisters of Notre Dame,,1870,﻿,﻿,﻿Milwaukee,Milwaukee
﻿mil.wi.0269,﻿school,﻿St. Cecilia's Parish School,English,,,,﻿,,﻿Mount Carmel,,﻿WI,,43.7844397,-88.7878678,,,,,,,,,,﻿boarder,﻿12 boarders,﻿Conducted by the School Sisters of Notre Dame,,1870,﻿,﻿,﻿Milwaukee,Milwaukee
﻿mil.wi.0270,﻿school,﻿St. Bernard's Parish School,English,,,,﻿,﻿Dodge County,﻿Watertown,﻿Watertown,﻿WI,,43.19391845,-88.72929238,,,,,﻿Sister,﻿Mary Patritia,,﻿Directress,,﻿religious,﻿3 Sisters,﻿Conducted by the School Sisters of Notre Dame,,1870,﻿,﻿,﻿Milwaukee,Milwaukee
﻿mil.wi.0270,﻿school,﻿St. Bernard's Parish School,English,,,,﻿,﻿Dodge County,﻿Watertown,﻿Watertown,﻿WI,,43.19391845,-88.72929238,,,,,,,,,,﻿student,﻿260 pupils,﻿Conducted by the School Sisters of Notre Dame,,1870,﻿,﻿,﻿Milwaukee,Milwaukee
﻿mil.wi.0271,﻿school,﻿Holy Trinity Parish School,English,,,,﻿,﻿Kenosha County,﻿Kenosha,﻿Kenosha,﻿WI,,42.56848993,-87.82520734,,,,,﻿Sister,﻿Mary Verena,,﻿Directress,,﻿religious,﻿3 Sisters,﻿Conducted by the School Sisters of Notre Dame,,1870,﻿,﻿,﻿Milwaukee,Milwaukee
﻿mil.wi.0271,﻿school,﻿Holy Trinity Parish School,English,,,,﻿,﻿Kenosha County,﻿Kenosha,﻿Kenosha,﻿WI,,42.56848993,-87.82520734,,,,,,,,,,﻿student,﻿250 pupils,﻿Conducted by the School Sisters of Notre Dame,,1870,﻿,﻿,﻿Milwaukee,Milwaukee
﻿mil.wi.0272,﻿school,﻿St. Mary's Parish School,English,,,,﻿,﻿Sheboygan County,﻿Sheboygan,﻿Sheboygan,﻿WI,,43.76048158,-87.7134702,,,,,﻿Sister,﻿Mary Gerhardine,,﻿Directress,,﻿religious,﻿3 Sisters,﻿Conducted by the School Sisters of Notre Dame,,1870,﻿,﻿,﻿Milwaukee,Milwaukee
﻿mil.wi.0272,﻿school,﻿St. Mary's Parish School,English,,,,﻿,﻿Sheboygan County,﻿Sheboygan,﻿Sheboygan,﻿WI,,43.76048158,-87.7134702,,,,,,,,,,﻿student,﻿200 pupils,﻿Conducted by the School Sisters of Notre Dame,,1870,﻿,﻿,﻿Milwaukee,Milwaukee
﻿mil.wi.0273,﻿school,﻿St. Mary's Parish School,English,,,,﻿,﻿Racine County,﻿Burlington,﻿Burlington,﻿WI,,42.6757956,-88.2814348,,,,,﻿Sister,﻿Mary Calasanctia,,﻿Directress,,﻿religious,﻿4 Sisters,﻿Conducted by the School Sisters of Notre Dame,,1870,﻿,﻿,﻿Milwaukee,Milwaukee
﻿mil.wi.0273,﻿school,﻿St. Mary's Parish School,English,,,,﻿,﻿Racine County,﻿Burlington,﻿Burlington,﻿WI,,42.6757956,-88.2814348,,,,,,,,,,﻿student,﻿300 pupils,﻿Conducted by the School Sisters of Notre Dame,,1870,﻿,﻿,﻿Milwaukee,Milwaukee
﻿mil.wi.0274,﻿school,﻿St. Mary's School,English,,,,﻿,﻿Dodge County,﻿Beaver Dam,﻿Beaver Dam,﻿WI,,43.44362871,-88.85872231,,,,,﻿Sister,﻿Mary Leopoldina,,﻿Directress,,﻿religious,﻿3 Sisters,﻿Conducted by the School Sisters of Notre Dame,,1870,﻿,﻿,﻿Milwaukee,Milwaukee
﻿mil.wi.0274,﻿school,﻿St. Mary's School,English,,,,﻿,﻿Dodge County,﻿Beaver Dam,﻿Beaver Dam,﻿WI,,43.44362871,-88.85872231,,,,,,,,,,﻿student,﻿250 pupils,﻿Conducted by the School Sisters of Notre Dame,,1870,﻿,﻿,﻿Milwaukee,Milwaukee
﻿mil.wi.0275,﻿school,﻿Holy Redeemer's Parish School,English,,,,﻿,﻿Dane County,﻿Madison,﻿Madison,﻿WI,,43.07560834,-89.38921748,,,,,﻿Sister,﻿Mary Joachima,,﻿Directress,,﻿religious,﻿3 Sisters,﻿Conducted by the School Sisters of Notre Dame,,1870,﻿,﻿,﻿Milwaukee,Milwaukee
﻿mil.wi.0275,﻿school,﻿Holy Redeemer's Parish School,English,,,,﻿,﻿Dane County,﻿Madison,﻿Madison,﻿WI,,43.07560834,-89.38921748,,,,,,,,,,﻿student,﻿250 pupils,﻿Conducted by the School Sisters of Notre Dame,,1870,﻿,﻿,﻿Milwaukee,Milwaukee
﻿mil.wi.0276,﻿school,﻿St. Raphael's Parish School,English,,,,﻿,﻿Dane County,﻿Madison,﻿Madison,﻿WI,,43.07239371,-89.38600357,,,,,﻿Sister,﻿Mary Venantia,,﻿Directress,,﻿religious,﻿3 Sisters,﻿Conducted by the School Sisters of Notre Dame,,1870,﻿,﻿,﻿Milwaukee,Milwaukee
﻿mil.wi.0276,﻿school,﻿St. Raphael's Parish School,English,,,,﻿,﻿Dane County,﻿Madison,﻿Madison,﻿WI,,43.07239371,-89.38600357,,,,,,,,,,﻿student,﻿230 pupils,﻿Conducted by the School Sisters of Notre Dame,,1870,﻿,﻿,﻿Milwaukee,Milwaukee
﻿mil.wi.0277,﻿school,﻿St. Boniface's Parish School,English,,,,﻿Kenosha County,,﻿Brighton,﻿Brighton,﻿WI,,42.6278164,-88.10066777,,,,,﻿Sister,﻿Mary Chrysantha,,﻿Directress,,﻿religious,﻿2 Sisters,﻿Conducted by the School Sisters of Notre Dame,,1870,﻿,﻿,﻿Milwaukee,Milwaukee
﻿mil.wi.0277,﻿school,﻿St. Boniface's Parish School,English,,,,﻿,,﻿Brighton,﻿Brighton,﻿WI,,42.6278164,-88.10066777,,,,,,,,,,﻿student,﻿120 pupils,﻿Conducted by the School Sisters of Notre Dame,,1870,﻿,﻿,﻿Milwaukee,Milwaukee
﻿mil.wi.0278,﻿school,﻿St. Thomas of Aquin's Parish School,English,,,,﻿,﻿Racine County,﻿Waterford,﻿Waterford,﻿WI,,42.7607764,-88.2120408,,,,,﻿Sister,﻿Mary Ægidia,,﻿Directress,,﻿religious,﻿2 Sisters,﻿Conducted by the School Sisters of Notre Dame,,1870,﻿,﻿,﻿Milwaukee,Milwaukee
﻿mil.wi.0278,﻿school,﻿St. Thomas of Aquin's Parish School,English,,,,﻿,﻿Racine County,﻿Waterford,﻿Waterford,﻿WI,,42.7607764,-88.2120408,,,,,,,,,,﻿student,﻿130 pupils,﻿Conducted by the School Sisters of Notre Dame,,1870,﻿,﻿,﻿Milwaukee,Milwaukee
﻿mil.wi.0279,﻿school,﻿St. Francis Xavier's Parish School,English,,,,﻿,﻿Dane County,﻿Cross Plains,﻿Cross Plains,﻿WI,,43.1198241,-89.6346315,,,,,﻿Sister,﻿Mary Andrea,,﻿Directress,,﻿religious,﻿2 Sisters,﻿Conducted by the School Sisters of Notre Dame,,1870,﻿,﻿,﻿Milwaukee,Milwaukee
﻿mil.wi.0279,﻿school,﻿St. Francis Xavier's Parish School,English,,,,﻿,﻿Dane County,﻿Cross Plains,﻿Cross Plains,﻿WI,,43.1198241,-89.6346315,,,,,,,,,,﻿student,﻿160 pupils,﻿Conducted by the School Sisters of Notre Dame,,1870,﻿,﻿,﻿Milwaukee,Milwaukee
﻿mil.wi.0280,﻿school,﻿St. Kilian's Parish School,English,,,,﻿,﻿Dodge County,﻿Teresaville,﻿St. Kilian,﻿WI,,43.54639256,-88.36007238,,,,,﻿Sister,﻿Mary Laurentia,,﻿Directress,,﻿religious,﻿2 Sisters,﻿Conducted by the School Sisters of Notre Dame,,1870,﻿,﻿,﻿Milwaukee,Milwaukee
﻿mil.wi.0280,﻿school,﻿St. Kilian's Parish School,English,,,,﻿,﻿Dodge County,﻿Teresaville,﻿St. Kilian,﻿WI,,43.54639256,-88.36007238,,,,,,,,,,﻿student,﻿180 pupils,﻿Conducted by the School Sisters of Notre Dame,,1870,﻿,﻿,﻿Milwaukee,Milwaukee
﻿mil.wi.0281,﻿school,﻿St. Thomas's Parish School,English,,,,﻿,﻿Rock County,﻿Beloit,﻿Beloit,﻿WI,,42.4994457,-89.0279513,,,,,﻿Sister,﻿Mary Lydia,,﻿Directress,,﻿religious,﻿2 Sisters,﻿Conducted by the School Sisters of Notre Dame,,1870,﻿,﻿,﻿Milwaukee,Milwaukee
﻿mil.wi.0281,﻿school,﻿St. Thomas's Parish School,English,,,,﻿,﻿Rock County,﻿Beloit,﻿Beloit,﻿WI,,42.4994457,-89.0279513,,,,,,,,,,﻿student,﻿150 pupils,﻿Conducted by the School Sisters of Notre Dame,,1870,﻿,﻿,﻿Milwaukee,Milwaukee
﻿mil.wi.0282,"﻿house, novitiate",﻿Sisters of the Third Order of St. Francis Seraph,English,"﻿Dedicated to Blessed Caleta.  Sisters of the same Community continue at St. Francis, near Milwaukee","﻿Near Jefferson, Jefferson Co.",,﻿Jefferson,﻿Jefferson County,﻿Jefferson,﻿Jefferson,﻿WI,,43.00244825,-88.78022532,,,,,﻿Mother,﻿Antonia,,﻿Superior,,﻿religious,﻿52 Professed Sisters,,,1870,﻿,﻿,﻿Milwaukee,Milwaukee
﻿mil.wi.0282,"﻿house, novitiate",﻿Sisters of the Third Order of St. Francis Seraph,English,"﻿Dedicated to Blessed Caleta.  Sisters of the same Community continue at St. Francis, near Milwaukee","﻿Near Jefferson, Jefferson Co.",,﻿,﻿Jefferson County,﻿Jefferson,﻿Jefferson,﻿WI,,43.00244825,-88.78022532,,,,,,,,,,﻿religious,﻿37 novices,,,1870,﻿,﻿,﻿Milwaukee,Milwaukee
﻿mil.wi.0282,"﻿house, novitiate",﻿Sisters of the Third Order of St. Francis Seraph,English,"﻿Dedicated to Blessed Caleta.  Sisters of the same Community continue at St. Francis, near Milwaukee","﻿Near Jefferson, Jefferson Co.",,﻿,﻿Jefferson County,﻿Jefferson,﻿Jefferson,﻿WI,,43.00244825,-88.78022532,,,,,,,,,,﻿religious,﻿16 postulants,,,1870,﻿,﻿,﻿Milwaukee,Milwaukee
﻿mil.wi.0283,﻿school,﻿St. Lawrence's,English,,﻿Near Jefferson,,﻿,,,﻿Jefferson,﻿WI,,43.0049651,-88.7791913,,,,,﻿Sister,﻿Agnes,,﻿Directress,,﻿religious,﻿2 Sisters,﻿Conducted by the Sisters of the Third Order of St. Francis Seraph,,1870,﻿,﻿,﻿Milwaukee,Milwaukee
﻿mil.wi.0283,﻿school,﻿St. Lawrence's,English,,﻿Near Jefferson,,﻿,,,﻿Jefferson,﻿WI,,43.0049651,-88.7791913,,,,,,,,,,﻿child,﻿About 130 children,﻿Conducted by the Sisters of the Third Order of St. Francis Seraph,,1870,﻿,﻿,﻿Milwaukee,Milwaukee
﻿mil.wi.0284,﻿school,﻿St. Patrick's,English,,,,﻿,﻿Rock County,﻿Janesville,﻿Janesville,﻿WI,,42.6763644,-89.025287,,,,,﻿Sister,﻿Anastasia,,﻿Directress,,﻿religious,﻿5 Sisters,﻿Conducted by the Sisters of the Third Order of St. Francis Seraph,,1870,﻿,﻿,﻿Milwaukee,Milwaukee
﻿mil.wi.0284,﻿school,﻿St. Patrick's,English,,,,﻿,﻿Rock County,﻿Janesville,﻿Janesville,﻿WI,,42.6763644,-89.025287,,,,,,,,,,﻿child,﻿About 300 children,﻿Conducted by the Sisters of the Third Order of St. Francis Seraph,,1870,﻿,﻿,﻿Milwaukee,Milwaukee
﻿mil.wi.0285,﻿school,﻿St. Anthony's,English,,,,,﻿Waukesha County,﻿Fussville,﻿Menomonee Falls,﻿WI,,43.1527231,-88.0790123,,,,,﻿Sister,﻿Lucia,,﻿Directress,,﻿religious,﻿3 Sisters,﻿Conducted by the Sisters of the Third Order of St. Francis Seraph,,1870,﻿,﻿,﻿Milwaukee,Milwaukee
﻿mil.wi.0285,﻿school,﻿St. Anthony's,English,,,,﻿,﻿Waukesha County,﻿Fussville,﻿Menomonee Falls,﻿WI,,43.1527231,-88.0790123,,,,,,,,,,﻿child,﻿About 160 children,﻿Conducted by the Sisters of the Third Order of St. Francis Seraph,,1870,﻿,﻿,﻿Milwaukee,Milwaukee
﻿mil.wi.0286,﻿school,﻿St. Mary's,English,,,,﻿,,﻿Franklin,,﻿WI,,42.91085623,-88.04413142,,,,,﻿Sister,﻿Hyacintha,,﻿Directress,,﻿religious,﻿3 Sisters,﻿Conducted by the Sisters of the Third Order of St. Francis Seraph,,1870,﻿,﻿,﻿Milwaukee,Milwaukee
﻿mil.wi.0286,﻿school,﻿St. Mary's,English,,,,﻿,,﻿Franklin,,﻿WI,,42.91085623,-88.04413142,,,,,,,,,,﻿child,﻿About 150 children,﻿Conducted by the Sisters of the Third Order of St. Francis Seraph,,1870,﻿,﻿,﻿Milwaukee,Milwaukee
﻿mil.wi.0287,﻿school,﻿St. Henry's,English,,,,﻿,﻿Dodge County,﻿Watertown,﻿Watertown,﻿WI,,43.1965694,-88.7209278,,,,,﻿Sister,﻿Kiliana,,﻿Directress,,﻿religious,﻿4 Sisters,﻿Conducted by the Sisters of the Third Order of St. Francis Seraph,,1870,﻿,﻿,﻿Milwaukee,Milwaukee
﻿mil.wi.0287,﻿school,﻿St. Henry's,English,,,,﻿,﻿Dodge County,﻿Watertown,﻿Watertown,﻿WI,,43.1965694,-88.7209278,,,,,,,,,,﻿child,﻿About 180 children,﻿Conducted by the Sisters of the Third Order of St. Francis Seraph,,1870,﻿,﻿,﻿Milwaukee,Milwaukee
﻿mil.wi.0288,﻿school,﻿St. Bruno's,English,,,,﻿,﻿Waukesha County,﻿Ottawa,﻿Ottawa,﻿WI,,42.99389595,-88.51258857,,,,,﻿Sister,﻿Xaveria,,﻿Directress,,﻿religious,﻿2 Sisters,﻿Conducted by the Sisters of the Third Order of St. Francis Seraph,,1870,﻿,﻿,﻿Milwaukee,Milwaukee
﻿mil.wi.0288,﻿school,﻿St. Bruno's,English,,,,﻿,﻿Waukesha County,﻿Ottawa,﻿Ottawa,﻿WI,,42.99389595,-88.51258857,,,,,,,,,,﻿child,﻿About 60 children,﻿Conducted by the Sisters of the Third Order of St. Francis Seraph,,1870,﻿,﻿,﻿Milwaukee,Milwaukee
﻿mil.wi.0289,﻿school,﻿St. Mary's,English,,,,﻿,,﻿Goldenlake,﻿Golden Lake,﻿WI,,43.034676,-88.536382,,,,,﻿Sister,﻿Ludwina,,﻿Directress,,﻿religious,﻿2 Sisters,﻿Conducted by the Sisters of the Third Order of St. Francis Seraph,,1870,﻿,﻿,﻿Milwaukee,Milwaukee
﻿mil.wi.0289,﻿school,﻿St. Mary's,English,,,,﻿,,﻿Goldenlake,﻿Golden Lake,﻿WI,,43.034676,-88.536382,,,,,,,,,,﻿child,﻿About 70 children,﻿Conducted by the Sisters of the Third Order of St. Francis Seraph,,1870,﻿,﻿,﻿Milwaukee,Milwaukee
﻿mil.wi.0290,﻿school,﻿St. Mary's Immaculate,English,,,,﻿,﻿Ozaukee County,﻿Saukville,﻿Saukville,﻿WI,,43.3801434,-87.94336048,,,,,﻿Sister,﻿Carolina,,﻿Directress,,﻿religious,﻿3 Sisters,﻿Conducted by the Sisters of the Third Order of St. Francis Seraph,,1870,﻿,﻿,﻿Milwaukee,Milwaukee
﻿mil.wi.0290,﻿school,﻿St. Mary's Immaculate,English,,,,﻿,﻿Ozaukee County,﻿Saukville,﻿Saukville,﻿WI,,43.3801434,-87.94336048,,,,,,,,,,﻿child,﻿About 130 children,﻿Conducted by the Sisters of the Third Order of St. Francis Seraph,,1870,﻿,﻿,﻿Milwaukee,Milwaukee
﻿mil.wi.0291,"﻿school, asylum",﻿St. Emilian's Male Orphan Asylum,English,,﻿Near Milwaukee,,﻿,,﻿St. Francis Station,﻿St. Francis,﻿WI,,42.98299237,-87.87059267,,,,,﻿Sister,﻿Mary,,﻿Directress,,﻿child,﻿About 60 orphans,﻿Conducted by the Sisters of the Third Order of St. Francis Seraph,,1870,﻿,﻿,﻿Milwaukee,Milwaukee
﻿mil.wi.0292,﻿convent,﻿Convent of the Dominican Sisters,English,,"﻿Mother House and Novitiate, connected immediately with this is a parochial school",,,﻿Lafayette County,﻿Benton,﻿Benton,﻿WI,,42.56725914,-90.37884352,,,,,﻿Sister,﻿M. Emily,,﻿Superior,,﻿religious,﻿55 Sisters,,,1870,﻿,﻿,﻿Milwaukee,Milwaukee
﻿mil.wi.0292,﻿convent,﻿Convent of the Dominican Sisters,English,,"﻿Mother House and Novitiate, connected immediately with this is a parochial school",,﻿,﻿Lafayette County,﻿Benton,﻿Benton,﻿WI,,42.56725914,-90.37884352,,,,,,,,,,﻿religious,﻿12 novices,,,1870,﻿,﻿,﻿Milwaukee,Milwaukee
﻿mil.wi.0292_02,﻿school,﻿Day School,English,,﻿Connected with Convent of the Dominican Sisters,,,﻿Lafayette County,﻿Benton,﻿Benton,﻿WI,,42.56725914,-90.37884352,,,,,,,,,,﻿student,﻿125 pupils,﻿Conducted by the Dominican Sisters,,1870,﻿,﻿,﻿Milwaukee,Milwaukee
﻿mil.wi.0292_03,﻿academy,﻿St. Clara's Academy,English,,﻿Twelve miles from the Mother House in Benton,,﻿,﻿Grant County,﻿Sinsinawa Mound,﻿Sinsinawa,﻿WI,,42.52404581,-90.54231899,,,,,﻿Sister,﻿Anastasia,,﻿Directress,,﻿religious,﻿30 Sisters,﻿Conducted by the Dominican Sisters,,1870,﻿,﻿,﻿Milwaukee,Milwaukee
﻿mil.wi.0292_03,﻿academy,﻿St. Clara's Academy,English,,﻿Twelve miles from the Mother House in Benton,,﻿,﻿Grant County,﻿Sinsinawa Mound,﻿Sinsinawa,﻿WI,,42.52404581,-90.54231899,,,,,,,,,,﻿boarder,﻿130 boarders,﻿Conducted by the Dominican Sisters,,1870,﻿,﻿,﻿Milwaukee,Milwaukee
﻿mil.wi.0292_04,﻿school,﻿Day School,English,,﻿Connected with St. Clara's Academy,,﻿,﻿Grant County,﻿Sinsinawa Mound,﻿Sinsinawa,﻿WI,,42.52404581,-90.54231899,,,,,,,,,,﻿student,﻿100 pupils,﻿Conducted by the Dominican Sisters,,1870,﻿,﻿,﻿Milwaukee,Milwaukee
﻿mil.wi.0154_02,﻿school,﻿St. Mary's,English,,,,﻿,﻿Lafayette County,﻿New Diggings,﻿New Diggings,﻿WI,,42.53407486,-90.33456412,,,,,,,,,,﻿religious,﻿2 Sisters,﻿Conducted by the Dominican Sisters,,1870,﻿,﻿,﻿Milwaukee,Milwaukee
﻿mil.wi.0154_02,﻿school,﻿St. Mary's,English,,,,﻿,﻿Lafayette County,﻿New Diggings,﻿New Diggings,﻿WI,,42.53407486,-90.33456412,,,,,,,,,,﻿student,﻿160 pupils,﻿Conducted by the Dominican Sisters,,1870,﻿,﻿,﻿Milwaukee,Milwaukee
﻿mil.wi.0295,﻿school,﻿St. Rose of Lima,English,,,,﻿,﻿Lafayette County,﻿Shullsburgh,﻿Shullsburg,﻿WI,,42.5743947,-90.230549,,,,,,,,,,﻿religious,﻿3 Sisters,﻿Conducted by the Dominican Sisters,,1870,﻿,﻿,﻿Milwaukee,Milwaukee
﻿mil.wi.0295,﻿school,﻿St. Rose of Lima,English,,,,﻿,﻿Lafayette County,﻿Shullsburgh,﻿Shullsburg,﻿WI,,42.5743947,-90.230549,,,,,,,,,,﻿student,﻿75 pupils,﻿Conducted by the Dominican Sisters,,1870,﻿,﻿,﻿Milwaukee,Milwaukee
﻿mil.wi.0296,﻿school,﻿St. Joseph's,English,,,,﻿,﻿Iowa County,﻿Mineral Point,﻿Mineral Point,﻿WI,,42.8570927,-90.1886884,,,,,,,,,,﻿religious,﻿3 Sisters,﻿Conducted by the Dominican Sisters,,1870,﻿,﻿,﻿Milwaukee,Milwaukee
﻿mil.wi.0296,﻿school,﻿St. Joseph's,English,,,,﻿,﻿Iowa County,﻿Mineral Point,﻿Mineral Point,﻿WI,,42.8570927,-90.1886884,,,,,,,,,,﻿student,﻿130 pupils,﻿Conducted by the Dominican Sisters,,1870,﻿,﻿,﻿Milwaukee,Milwaukee
﻿mil.wi.0297,﻿school,﻿St. Agnes',English,,,,﻿,﻿Winnebago County,﻿Oshkosh,﻿Oshkosh,﻿WI,,44.048403,-88.543971,,,,,,,,,,﻿religious,﻿3 Sisters,﻿Conducted by the Dominican Sisters,,1870,﻿,﻿,﻿Milwaukee,Milwaukee
﻿mil.wi.0297,﻿school,﻿St. Agnes',English,,,,﻿,﻿Winnebago County,﻿Oshkosh,﻿Oshkosh,﻿WI,,44.048403,-88.543971,,,,,,,,,,﻿student,﻿230 pupils,﻿Conducted by the Dominican Sisters,,1870,﻿,﻿,﻿Milwaukee,Milwaukee
﻿mil.wi.0298,﻿school,﻿St. Mary's of the Lake,English,,,,﻿,﻿Kenosha County,﻿Kenosha,﻿Kenosha,﻿WI,,42.5811225,-87.872016,,,,,﻿Sister,﻿Anastasia,,﻿Directress,,﻿religious,﻿3 Sisters,﻿Conducted by the Dominican Sisters,,1870,﻿,﻿,﻿Milwaukee,Milwaukee
﻿mil.wi.0298,﻿school,﻿St. Mary's of the Lake,English,,,,﻿,﻿Kenosha County,﻿Kenosha,﻿Kenosha,﻿WI,,42.5811225,-87.872016,,,,,,,,,,﻿student,﻿250 pupils,﻿Conducted by the Dominican Sisters,,1870,﻿,﻿,﻿Milwaukee,Milwaukee
﻿mil.wi.0299&0299_02,"﻿house, novitiate",﻿Convent of the Dominican Sisters,English,,"﻿Mother House and Novitiate, corner of Twelfth and Peal streets",,﻿,﻿Racine County,﻿Racine,﻿Racine,﻿WI,,42.71822083,-87.78552277,,,,,﻿Mother,﻿Mary Hyacintha,,﻿Superior,,﻿religious,﻿19 Professed Sisters,,,1870,﻿,﻿,﻿Milwaukee,Milwaukee
﻿mil.wi.0299&0299_02,"﻿house, novitiate",﻿Convent of the Dominican Sisters,English,,"﻿Mother House and Novitiate, corner of Twelfth and Peal streets",,﻿,﻿Racine County,﻿Racine,﻿Racine,﻿WI,,42.71822083,-87.78552277,,,,,﻿Rev.,﻿J. A. Bichaensler,,﻿Chaplain,,﻿religious,﻿3 novices,,,1870,﻿,﻿,﻿Milwaukee,Milwaukee
﻿mil.wi.0299&0299_02,"﻿house, novitiate",﻿Convent of the Dominican Sisters,English,,"﻿Mother House and Novitiate, corner of Twelfth and Peal streets",,﻿,﻿Racine County,﻿Racine,﻿Racine,﻿WI,,42.71822083,-87.78552277,,,,,,,,,,﻿religious,﻿5 postulants,,,1870,﻿,﻿,﻿Milwaukee,Milwaukee
﻿mil.wi.0300,﻿academy,﻿Academy of St. Catharine de Sienna,English,,﻿Connected with the Convent in Racine,,﻿,﻿Racine County,﻿Racine,﻿Racine,﻿WI,,42.71822083,-87.78552277,,,,,﻿Sister,﻿Mary Rosa,,﻿Directress,,﻿student,﻿35 pupils,﻿Conducted by the Dominican Sisters,,1870,﻿,﻿,﻿Milwaukee,Milwaukee
﻿mil.wi.0301,﻿school,﻿St. Mary's Parish School,English,,,,﻿,﻿Racine County,﻿Racine,﻿Racine,﻿WI,,42.7244837,-87.78494024,,,,,﻿Sister,﻿Mary Augustina,,﻿Directress,,﻿religious,﻿3 Sisters,﻿Conducted by the Dominican Sisters,,1870,﻿,﻿,﻿Milwaukee,Milwaukee
﻿mil.wi.0301,﻿school,﻿St. Mary's Parish School,English,,,,﻿,﻿Racine County,﻿Racine,﻿Racine,﻿WI,,42.7244837,-87.78494024,,,,,,,,,,﻿student,﻿150 pupils,﻿Conducted by the Dominican Sisters,,1870,﻿,﻿,﻿Milwaukee,Milwaukee
﻿mil.wi.0302,﻿school,﻿St. Norbert's Parish School,English,,,,﻿Dane County,﻿Dane County,﻿Roxbury,﻿Roxbury,﻿WI,,43.250644,-89.677281,,,,,﻿Sister,﻿Mary Sybillina,,﻿Directress,,﻿religious,﻿3 Sisters,﻿Conducted by the Dominican Sisters,,1870,﻿,﻿,﻿Milwaukee,Milwaukee
﻿mil.wi.0302,﻿school,﻿St. Norbert's Parish School,English,,,,﻿,﻿Dane County,﻿Roxbury,﻿Roxbury,﻿WI,,43.250644,-89.677281,,,,,,,,,,﻿student,﻿130 pupils,﻿Conducted by the Dominican Sisters,,1870,﻿,﻿,﻿Milwaukee,Milwaukee
﻿mil.wi.0303,﻿school,﻿St. John Nepomucene's Parish School,English,,,,﻿Iowa County,﻿Iowa County,﻿Highland,﻿Highland,﻿WI,,43.0569021,-90.49879458,,,,,﻿Sister,﻿Mary Seraphina,,﻿Directress,,﻿religious,﻿3 Sisters,﻿Conducted by the Dominican Sisters,,1870,﻿,﻿,﻿Milwaukee,Milwaukee
﻿mil.wi.0303,﻿school,﻿St. John Nepomucene's Parish School,English,,,,﻿,﻿Iowa County,﻿Highland,﻿Highland,﻿WI,,43.0569021,-90.49879458,,,,,,,,,,﻿student,﻿150 pupils,﻿Conducted by the Dominican Sisters,,1870,﻿,﻿,﻿Milwaukee,Milwaukee
﻿mil.wi.0304,﻿school,﻿St. Andrew's Parish School,English,,,,﻿Dodge County,﻿Dodge County,﻿Loomara,﻿Lomira,﻿WI,,43.57311782,-88.5501079,,,,,﻿Sister,﻿Mary Dominica,,﻿Directress,,﻿religious,﻿3 Sisters,﻿Conducted by the Dominican Sisters,,1870,﻿,﻿,﻿Milwaukee,Milwaukee
﻿mil.wi.0305,"﻿house, convent",﻿St. Agnes Community,English,,,,﻿Washington County,﻿Washington County,﻿Barton,﻿West Bend,﻿WI,,43.43788965,-88.18529879,,,,,﻿Sister,﻿Mary Agnes,,﻿Superior-General,,﻿religious,﻿33 Sisters,,,1870,﻿,﻿,﻿Milwaukee,Milwaukee
﻿mil.wi.0305,"﻿house, convent",﻿St. Agnes Community,English,,,,﻿,﻿Washington County,﻿Barton,﻿West Bend,﻿WI,,43.43788965,-88.18529879,,,,,﻿Sister,﻿Mary Catharine de Sienna,,﻿Prefecta of the Mother House,,﻿religious,﻿7 novices,,,1870,﻿,﻿,﻿Milwaukee,Milwaukee
﻿mil.wi.0305,"﻿house, convent",﻿St. Agnes Community,English,,,,﻿,﻿Washington County,﻿Barton,﻿West Bend,﻿WI,,43.43788965,-88.18529879,,,,,,,,,,﻿religious,﻿17 postulants,,,1870,﻿,﻿,﻿Milwaukee,Milwaukee
﻿mil.wi.0306,﻿school,﻿St. Agnes' Academy and Boarding School,English,,,,﻿Washington County,﻿Washington County,﻿Barton,﻿West Bend,﻿WI,,43.43788965,-88.18529879,,,,,,,,,,,,﻿Conducted by the Sisters of St. Agnes Community,,1870,﻿,﻿,﻿Milwaukee,Milwaukee
﻿mil.wi.0307,﻿school,not recorded,English,,﻿Catholic School,,﻿Washington County,﻿Washington County,﻿Hartford,﻿Hartford,﻿WI,,43.32240621,-88.38237324,,,,,,,,,,,,﻿Conducted by the Sisters of St. Agnes Community,,1870,﻿,﻿,﻿Milwaukee,Milwaukee
﻿mil.wi.0308,﻿school,not recorded,English,,﻿Catholic School,,﻿Washington County,﻿Washington County,﻿Schleisingerville,﻿Slinger,﻿WI,,43.333613,-88.2862065,,,,,,,,,,,,﻿Conducted by the Sisters of St. Agnes Community,,1870,﻿,﻿,﻿Milwaukee,Milwaukee
﻿mil.wi.0309,﻿school,﻿St. Anthony's,English,﻿The Sisters teach the public and Catholic schools.,,,﻿Washington County,﻿Washington County,,﻿Saint Anthony,﻿WI,,43.44279258,-88.34051459,,,,,,,,,,,,﻿Conducted by the Sisters of St. Agnes Community,,1870,﻿,﻿,﻿Milwaukee,Milwaukee
﻿mil.wi.0014_02,﻿school,﻿SS. Peter and Paul's,English,,,,﻿Washington County,﻿Washington County,,﻿Addison,﻿WI,,43.44628405,-88.39362299,,,,,,,,,,,,﻿Conducted by the Sisters of St. Agnes Community,,1870,﻿,﻿,﻿Milwaukee,Milwaukee
﻿mil.wi.0311,﻿school,﻿St. John's of God,English,﻿Two large school-houses in one. Sisters teach public in the other Catholic school.,,,﻿Washington County,﻿Washington County,,﻿Farmington,﻿WI,,43.5130519,-88.1100059,,,,,,,,,,,,﻿Conducted by the Sisters of St. Agnes Community,,1870,﻿,﻿,﻿Milwaukee,Milwaukee
﻿mil.wi.0312,﻿school,﻿St. Augustin's,English,﻿Public and Catholic school.,,,﻿Washington County,﻿Washington County,,﻿Trenton,﻿WI,,43.38431622,-88.04116733,,,,,,,,,,,,﻿Conducted by the Sisters of St. Agnes Community,,1870,﻿,﻿,﻿Milwaukee,Milwaukee
﻿mil.wi.0213_02,﻿school,﻿St. Mathias's,English,﻿Public and Catholic school.,,,﻿Washington County,,,,﻿WI,,43.42033386,-88.2710485,,,,,,,,,,,,﻿Conducted by the Sisters of St. Agnes Community,,1870,﻿,﻿,﻿Milwaukee,Milwaukee
﻿mil.wi.0314,﻿school,﻿St. Francis Xavier's,English,﻿Public and Catholic school.,,,﻿Ozaukee County,﻿Ozaukee County,,﻿Grafton,﻿WI,,43.35232838,-87.96974772,,,,,,,,,,,,﻿Conducted by the Sisters of St. Agnes Community,,1870,﻿,﻿,﻿Milwaukee,Milwaukee
﻿mil.wi.0315,﻿school,﻿St. Joseph's,English,,,,﻿Ozaukee County,﻿Ozaukee County,,﻿Grafton,﻿WI,,43.31950317,-87.94645615,,,,,,,,,,,,﻿Conducted by the Sisters of St. Agnes Community,,1870,﻿,﻿,﻿Milwaukee,Milwaukee
﻿mil.wi.0316,﻿school,not recorded,English,﻿Public and Catholic school.,﻿School,,﻿Fond du Lac County,﻿Fond du Lac County,﻿Marytown,﻿Marytown,﻿WI,,43.91130276,-88.20312799,,,,,,,,,,,,﻿Conducted by the Sisters of St. Agnes Community,,1870,﻿,﻿,﻿Milwaukee,Milwaukee
﻿mil.wi.0317,﻿school,﻿St. Joseph's,English,﻿A very large school-house in which Sisters teach public and Catholic school.,,,﻿Dane County,﻿Dane County,,﻿Sun Prairie,﻿WI,,43.26792849,-89.15374869,,,,,,,,,,,,﻿Conducted by the Sisters of St. Agnes Community,,1870,﻿,﻿,﻿Milwaukee,Milwaukee
﻿mil.wi.0318,﻿seminary,﻿Ecclesiastical Seminary of St. Francis de Sales (Salesianum),English,,﻿P.O. St. Francis,,﻿Milwaukee County,﻿Milwaukee County,,﻿Milwaukee,﻿WI,,42.97952549,-87.86734825,,,,,﻿Rev.,﻿Jos. Salzmann,﻿D.D.,"﻿Rector and Professor of Church History, Canon Law, and Scripture",,﻿student,"﻿202 students; of whom 18 are philosophers, 72 theologians, and the rest are in the classical course",,,1870,﻿,﻿,﻿Milwaukee,Milwaukee
﻿mil.wi.0318,﻿seminary,﻿Ecclesiastical Seminary of St. Francis de Sales (Salesianum),English,,﻿P.O. St. Francis,,﻿,﻿Milwaukee County,,﻿Milwaukee,﻿WI,,42.97952549,-87.86734825,,,,,﻿Rev.,﻿M. Gernbauer,,﻿Professor of Classics,,﻿student,"﻿202 students; of whom 18 are philosophers, 72 theologians, and the rest are in the classical course",,,1870,﻿,﻿,﻿Milwaukee,Milwaukee
﻿mil.wi.0318,﻿seminary,﻿Ecclesiastical Seminary of St. Francis de Sales (Salesianum),English,,﻿P.O. St. Francis,,﻿,﻿Milwaukee County,,﻿Milwaukee,﻿WI,,42.97952549,-87.86734825,,,,,﻿Rev.,﻿Ch. Wapelhorst,,﻿Procurator and Professor of Moral Theology and Liturgy,,﻿student,"﻿202 students; of whom 18 are philosophers, 72 theologians, and the rest are in the classical course",,,1870,﻿,﻿,﻿Milwaukee,Milwaukee
﻿mil.wi.0318,﻿seminary,﻿Ecclesiastical Seminary of St. Francis de Sales (Salesianum),English,,﻿P.O. St. Francis,,﻿,﻿Milwaukee County,,﻿Milwaukee,﻿WI,,42.97952549,-87.86734825,,,,,﻿Rev.,﻿Aloise Sigg,,﻿Professor of Latin,,﻿student,"﻿202 students; of whom 18 are philosophers, 72 theologians, and the rest are in the classical course",,,1870,﻿,﻿,﻿Milwaukee,Milwaukee
﻿mil.wi.0318,﻿seminary,﻿Ecclesiastical Seminary of St. Francis de Sales (Salesianum),English,,﻿P.O. St. Francis,,﻿,﻿Milwaukee County,,﻿Milwaukee,﻿WI,,42.97952549,-87.86734825,,,,,﻿Rev.,﻿Fred. Katzer,,"﻿Professor of Dogma and Philosophy, and Prefect of Studies",,﻿student,"﻿202 students; of whom 18 are philosophers, 72 theologians, and the rest are in the classical course",,,1870,﻿,﻿,﻿Milwaukee,Milwaukee
﻿mil.wi.0318,﻿seminary,﻿Ecclesiastical Seminary of St. Francis de Sales (Salesianum),English,,﻿P.O. St. Francis,,﻿,﻿Milwaukee County,,﻿Milwaukee,﻿WI,,42.97952549,-87.86734825,,,,,﻿Rev.,﻿Jos. Rainer,,"﻿Professor of Latin and Greek, and Disciplinarian",,﻿student,"﻿202 students; of whom 18 are philosophers, 72 theologians, and the rest are in the classical course",,,1870,﻿,﻿,﻿Milwaukee,Milwaukee
﻿mil.wi.0318,﻿seminary,﻿Ecclesiastical Seminary of St. Francis de Sales (Salesianum),English,,﻿P.O. St. Francis,,﻿,﻿Milwaukee County,,﻿Milwaukee,﻿WI,,42.97952549,-87.86734825,,,,,﻿Rev.,﻿John Wiegers,,"﻿Professor of Christian Doctrine, German, and History",,﻿student,"﻿202 students; of whom 18 are philosophers, 72 theologians, and the rest are in the classical course",,,1870,﻿,﻿,﻿Milwaukee,Milwaukee
﻿mil.wi.0318,﻿seminary,﻿Ecclesiastical Seminary of St. Francis de Sales (Salesianum),English,,﻿P.O. St. Francis,,﻿,﻿Milwaukee County,,﻿Milwaukee,﻿WI,,42.97952549,-87.86734825,,,,,﻿Rev.,﻿Thomas Fagan,,﻿Professor of English,,﻿student,"﻿202 students; of whom 18 are philosophers, 72 theologians, and the rest are in the classical course",,,1870,﻿,﻿,﻿Milwaukee,Milwaukee
﻿mil.wi.0318,﻿seminary,﻿Ecclesiastical Seminary of St. Francis de Sales (Salesianum),English,,﻿P.O. St. Francis,,﻿,﻿Milwaukee County,,﻿Milwaukee,﻿WI,,42.97952549,-87.86734825,,,,,﻿Rev.,﻿Aug. Zeininger,,﻿Professor of Mathematics and Natural Philosophy,,﻿student,"﻿202 students; of whom 18 are philosophers, 72 theologians, and the rest are in the classical course",,,1870,﻿,﻿,﻿Milwaukee,Milwaukee
﻿mil.wi.0318,﻿seminary,﻿Ecclesiastical Seminary of St. Francis de Sales (Salesianum),English,,﻿P.O. St. Francis,,﻿,﻿Milwaukee County,,﻿Milwaukee,﻿WI,,42.97952549,-87.86734825,,,,,﻿Rev.,﻿John Gmeiner,,"﻿Professor of Latin, History, Geography, and of German for the English",,﻿student,"﻿202 students; of whom 18 are philosophers, 72 theologians, and the rest are in the classical course",,,1870,﻿,﻿,﻿Milwaukee,Milwaukee
﻿mil.wi.0319,﻿school,﻿St. Gall's School,English,,﻿P.O. St. Francis,,﻿,﻿Milwaukee County,﻿Milwaukee,﻿Milwaukee,﻿WI,,43.0661238,-87.9139742,,,,,﻿Rev.,﻿Wm. Schmidt,﻿S.J.,"﻿Director, Teacher",,,,,,1870,﻿,﻿,﻿Milwaukee,Milwaukee
﻿mil.wi.0319,﻿school,﻿St. Gall's School,English,,﻿P.O. St. Francis,,﻿,﻿Milwaukee County,﻿Milwaukee,﻿Milwaukee,﻿WI,,43.0661238,-87.9139742,,,,,﻿Rev.,﻿P. A. Nogues,﻿S.J.,﻿Teacher,,,,,,1870,﻿,﻿,﻿Milwaukee,Milwaukee
﻿mil.wi.0319,﻿school,﻿St. Gall's School,English,,﻿P.O. St. Francis,,﻿,﻿Milwaukee County,﻿Milwaukee,﻿Milwaukee,﻿WI,,43.0661238,-87.9139742,,,,,﻿Mr.,﻿James G. Walsh,﻿S.J.,﻿Teacher,,,,,,1870,﻿,﻿,﻿Milwaukee,Milwaukee
﻿mil.wi.0319,﻿school,﻿St. Gall's School,English,,﻿P.O. St. Francis,,﻿,﻿Milwaukee County,﻿Milwaukee,﻿Milwaukee,﻿WI,,43.0661238,-87.9139742,,,,,﻿Mr.,﻿Michael Connely,﻿S.J.,﻿Teacher,,,,,,1870,﻿,﻿,﻿Milwaukee,Milwaukee
﻿mil.wi.0319,﻿school,﻿St. Gall's School,English,,﻿P.O. St. Francis,,﻿,﻿Milwaukee County,﻿Milwaukee,﻿Milwaukee,﻿WI,,43.0661238,-87.9139742,,,,,﻿Mr.,﻿J. C. Callan,,﻿Teacher,,,,,,1870,﻿,﻿,﻿Milwaukee,Milwaukee
﻿mil.wi.0319,﻿school,﻿St. Gall's School,English,,﻿P.O. St. Francis,,﻿,﻿Milwaukee County,﻿Milwaukee,﻿Milwaukee,﻿WI,,43.0661238,-87.9139742,,,,,﻿Mr.,﻿D. B. Corcoran,,﻿Teacher,,,,,,1870,﻿,﻿,﻿Milwaukee,Milwaukee
﻿mil.wi.0319,﻿school,﻿St. Gall's School,English,,﻿P.O. St. Francis,,﻿,﻿Milwaukee County,﻿Milwaukee,﻿Milwaukee,﻿WI,,43.0661238,-87.9139742,,,,,﻿Mr.,﻿J. H. McTighe,,﻿Teacher,,,,,,1870,﻿,﻿,﻿Milwaukee,Milwaukee
﻿mil.wi.0319,﻿school,﻿St. Gall's School,English,,﻿P.O. St. Francis,,﻿,﻿Milwaukee County,﻿Milwaukee,﻿Milwaukee,﻿WI,,43.0661238,-87.9139742,,,,,﻿Mr.,﻿George Blackwell,,﻿Teacher,,,,,,1870,﻿,﻿,﻿Milwaukee,Milwaukee
﻿mil.wi.0320,﻿hospital,﻿St. Mary's Hospital,English,,﻿On North Point avenue,,﻿,﻿Milwaukee County,﻿Milwaukee,﻿Milwaukee,﻿WI,,43.0610366,-87.88042052,,,,,﻿Sister,﻿Mary Vincent,,﻿Sister-Servant,,,,﻿Under the charge of the Daughters of Charity,,1870,﻿,﻿,﻿Milwaukee,Milwaukee
﻿mil.wi.0321,﻿asylum,﻿St. Emilian's Male Orphan Asylum,English,,﻿Near Milwaukee,,﻿,,﻿St. Francis' Station,,﻿WI,,42.97975437,-87.87054565,,,,,﻿Sister,﻿Mary,,﻿Superior,,﻿child,﻿57 orphans,﻿Under the care of the Sisters of the Third Order of St. Francis Seraph,,1870,﻿,﻿,﻿Milwaukee,Milwaukee
﻿mil.wi.0322_01,﻿asylum,﻿St. Rosa's Female Orphan Asylum,English,,"﻿On Jackson, near Biddle street",,﻿,﻿Milwaukee County,﻿Milwaukee,﻿Milwaukee,﻿WI,,43.04303668,-87.90485732,,,,,﻿Sister,﻿Camilla,,﻿Sister-Servant,,﻿child,﻿84 orphans,﻿Conducted by eight Daughters of Charity,,1870,﻿,﻿,﻿Milwaukee,Milwaukee
﻿mil.wi.0322_01,﻿asylum,﻿St. Rosa's Female Orphan Asylum,English,,"﻿On Jackson, near Biddle street",,﻿,﻿Milwaukee County,﻿Milwaukee,﻿Milwaukee,﻿WI,,43.04303668,-87.90485732,,,,,,,,,,﻿child,﻿52 orphans,﻿Under the charge of the Daughters of Charity,,1870,﻿,﻿,﻿Milwaukee,Milwaukee
﻿mil.wi.0322_02,﻿asylum,﻿St. Joseph's Orphan Asylum,English,﻿For small female children,﻿On North Point avenue,,﻿,﻿Milwaukee County,﻿Milwaukee,﻿Milwaukee,﻿WI,,43.06098865,-87.87907457,,,,,﻿Sister,﻿Mary Romualda,,﻿Directress,,﻿child,﻿40 orphans,﻿Under the direction of the School Sisters of Notre Dame,,1870,﻿,﻿,﻿Milwaukee,Milwaukee
﻿mil.wi.0066_03,﻿asylum,﻿St. Mary's Orphan Asylum,English,,,,﻿Waukesha County,﻿Waukesha County,﻿Elm Grove,﻿Elm Grove,﻿WI,,43.04443974,-88.07439159,,,,,,,,,,,,,,1870,﻿,﻿,﻿Milwaukee,Milwaukee
﻿mil.wi.0066_03,﻿asylum,﻿St. Mary's Orphan Asylum,English,,,,﻿,﻿Waukesha County,﻿Elm Grove,﻿Elm Grove,﻿WI,,43.04443974,-88.07439159,,,,,,,,,,,,,,1870,﻿,﻿,﻿Milwaukee,Milwaukee
