instID,church_type,instName,language,instNote,placeName,region,county_orig,county_reg,city_orig,city_reg,state_orig,state_reg,latitude,longitude,attendingInstID,attendingChurch,attendingChurchFrequency,persID,persTitle,persName,persSuffix,persRole,persNote,memberType,member,affiliated,order,year,attendingPersID,attendingChurchNote,diocese,diocese_reg
﻿phi.pa.0005,﻿cathedral,﻿Cathedral of St. Mary,English,,,,,﻿Philadelphia County,﻿Philidelphia,﻿Philidelphia,﻿PA,﻿PA,39.94564287,-75.14856313,,,,﻿hen_conwell_901,﻿Right Rev.,﻿Henry Conwell,﻿D.D.,,,,,,,1838,﻿,﻿,﻿Philadelphia,Philadelphia
﻿phi.pa.0005,﻿cathedral,﻿Cathedral of St. Mary,English,,,,,﻿Philadelphia County,﻿Philidelphia,﻿Philidelphia,﻿PA,,39.94564287,-75.14856313,,,,﻿fra_p_kenrick_901,﻿Right Rev.,﻿Francis P. Kenrick,﻿D. D.,﻿Coadj.,,,,,,1838,﻿,﻿,﻿Philadelphia,Philadelphia
﻿phi.pa.0005,﻿cathedral,﻿Cathedral of St. Mary,English,,,,,﻿Philadelphia County,﻿Philidelphia,﻿Philidelphia,﻿PA,,39.94564287,-75.14856313,,,,﻿pet_r_kenrick_901,﻿Very Rev.,﻿Peter R. Kenrick,,﻿Pastor,,,,,,1838,﻿,﻿,﻿Philadelphia,Philadelphia
﻿phi.pa.0005,﻿cathedral,﻿Cathedral of St. Mary,English,,,,,﻿Philadelphia County,﻿Philidelphia,﻿Philidelphia,﻿PA,,39.94564287,-75.14856313,,,,,﻿Rev.,﻿Charles J. Carter,,,,,,,,1838,﻿,﻿,﻿Philadelphia,Philadelphia
﻿phi.pa.0006,﻿church,﻿St. Joseph's,English,,,,,﻿Philadelphia County,﻿Philidelphia,﻿Philidelphia,﻿PA,﻿PA,39.94655372,-75.1475707,,,,﻿jam_ryder_902,﻿Rev.,﻿James Ryder,﻿S. J.,,,,,,,1838,﻿,﻿,﻿Philadelphia,Philadelphia
﻿phi.pa.0006,﻿church,﻿St. Joseph's,English,,,,,﻿Philadelphia County,﻿Philidelphia,﻿Philidelphia,﻿PA,,39.94655372,-75.1475707,,,,,﻿Rev.,﻿Felix Barbelin,﻿S. J.,,,,,,,1838,﻿,﻿,﻿Philadelphia,Philadelphia
﻿phi.pa.0007,﻿church,﻿St. Augustine's,English,,,,,﻿Philadelphia County,﻿Philidelphia,﻿Philidelphia,﻿PA,﻿PA,39.95552714,-75.1465845,,,,﻿n_odonnell_901,﻿Rev.,﻿N. O'Donnell,,,,,,,,1838,﻿,﻿,﻿Philadelphia,Philadelphia
﻿phi.pa.0007,﻿church,﻿St. Augustine's,English,,,,,﻿Philadelphia County,﻿Philidelphia,﻿Philidelphia,﻿PA,,39.95552714,-75.1465845,,,,﻿joh_oreilly_901,﻿Rev.,﻿J. O'Reilley,,,,,,,,1838,﻿,﻿,﻿Philadelphia,Philadelphia
﻿phi.pa.0009,﻿church,﻿Holy Trinity,﻿German,﻿German,,,,﻿Philadelphia County,﻿Philadelphia,﻿Philidelphia,﻿PA,﻿PA,39.9455084,-75.15189463,,,,﻿nic_balleis_901,﻿Rev.,﻿Nicholas Balleis,,,,,,,,1838,﻿,﻿,﻿Philadelphia,Philadelphia
﻿phi.pa.0009,﻿church,﻿Holy Trinity,﻿German,﻿German,,,,﻿Philadelphia County,﻿Philadelphia,﻿Philidelphia,﻿PA,,39.9455084,-75.15189463,,,,﻿cor_vanderbraak_901,﻿Rev.,﻿Cor. Vanderbraak,,,,,,,,1838,﻿,﻿,﻿Philadelphia,Philadelphia
﻿phi.pa.0004,﻿church,﻿St. John,English,﻿Evang.,,,,﻿Philadelphia County,﻿Philidelphia,﻿Philidelphia,﻿PA,﻿PA,39.95126954,-75.16138096,,,,﻿joh_hughes_901,﻿Very Rev.,﻿J. Hughes,,,,,,,,1838,﻿,﻿,﻿Philadelphia,Philadelphia
﻿phi.pa.0004,﻿church,﻿St. John,English,﻿Evang.,,,,﻿Philadelphia County,﻿Philidelphia,﻿Philidelphia,﻿PA,,39.95126954,-75.16138096,,,,﻿fra_x_gartland,﻿Rev.,﻿F. X. Gartland,,,,,,,,1838,﻿,﻿,﻿Philadelphia,Philadelphia
﻿phi.pa.0010,﻿church,﻿St. Michael's,English,,,,,,﻿Philadelphia,﻿Philadelphia,﻿PA,﻿PA,39.97389081,-75.13848967,,,,﻿ter_j_donaghue_901,﻿Rev.,﻿T. J. Donaghue,,,,,,,,1838,﻿,﻿,﻿Philadelphia,Philadelphia
﻿pit.pa.9006,﻿church,﻿St. James,English,,,,,,﻿Alexandria,,﻿PA,,,,,,﻿occasionally,﻿j_hoerner_901,﻿Rev.,﻿J. Hoerner,,,﻿of Wheeling,,,,,1838,﻿,﻿,﻿Philadelphia,Philadelphia
﻿pit.pa.0014,﻿church,﻿SS. Peter and Paul,English,,,,,,﻿Beaver,,﻿PA,,,,,,,,﻿Rev.,﻿Wilham Loughran,,,,,,,,1838,﻿,﻿,﻿Philadelphia,Philadelphia
﻿pit.pa.0015,﻿church,﻿St. Thomas,English,,,,,﻿Bedford County,﻿Bedford,﻿Bedford,﻿PA,﻿PA,40.01766654,-78.50151808,,,﻿once a month,﻿jam_bradley_901,﻿Rev.,﻿James Bradley,,,﻿dwelling at Newry,,,,,1838,﻿,﻿,﻿Philadelphia,Philadelphia
﻿har.pa.0041,﻿church,﻿St. John Evangelist,English,,,,,﻿Centre County,﻿Bellefonte,﻿Bellefonte,﻿PA,﻿PA,40.91081367,-77.77627962,,,﻿occas.,﻿oth_borgess_901,﻿Rev.,﻿Ortho Borgess,,,,,,,,1838,﻿,﻿,﻿Philadelphia,Philadelphia
﻿pit.pa.0019,﻿church,﻿SS. Simon and Jude,English,,,,,﻿Indiana County,﻿Blairsville,﻿Blairsville,﻿PA,﻿PA,40.43263075,-79.25841066,,,﻿twice a month,﻿jam_a_stillinger_001,﻿Rev.,﻿James A. Stillinger,,,,,,,,1838,﻿,﻿,﻿Philadelphia,Philadelphia
﻿pit.pa.0026,﻿church,﻿St. Peter's,English,,,,,﻿Fayette County,﻿Brownsville,﻿Brownsville,﻿PA,﻿PA,40.0226438,-79.87755123,,,﻿monthly,﻿mic_gallagher_902,﻿Rev.,﻿Michael Gallagher,,,﻿dwelling at Pittsburg,,,,,1838,﻿,﻿,﻿Philadelphia,Philadelphia
﻿pit.pa.9000,﻿church,﻿St. Patrick's,English,,﻿Buffaloe Creek,,,,,﻿Freeport,﻿PA,﻿PA,,,,,﻿twice a month,﻿jos_cody_901,﻿Rev.,﻿Joseph Cody,,,,,,,,1838,﻿,﻿,﻿Philadelphia,Philadelphia
﻿pit.pa.0027,﻿church,﻿St. Peter's,English,,,,,﻿Butler County,﻿Butler,﻿Butler,﻿PA,﻿PA,40.862318,-79.890779,,,﻿once a month,﻿jos_cody_901,﻿Rev.,﻿Joseph Cody,,,,,,,,1838,﻿,﻿,﻿Philadelphia,Philadelphia
﻿pit.pa.0029,﻿church,﻿St. Patrick's,English,,,,,﻿Indiana County,﻿Cameron's Bottom,﻿Heilwood,﻿PA,﻿PA,40.59448682,-78.91594783,,,﻿once a month,﻿ter_mcgirr_901,﻿Rev.,﻿Terrence McGirr,,,,,,,,1838,﻿,﻿,﻿Philadelphia,Philadelphia
﻿har.pa.0038,﻿church,﻿St. Patrick's,English,,,,,﻿Cumberland County,﻿Carlisle,﻿Carlisle,﻿PA,﻿PA,40.17501599,-77.20259339,,,﻿twice a month,﻿pat_j_dwen_901,﻿Rev.,﻿P. Dwen,,,,,,,,1838,﻿,﻿,﻿Philadelphia,Philadelphia
﻿scr.pa.0020,﻿church,not recorded,English,,,,,﻿Lackawanna County,﻿Carbondale,﻿Carbondale,﻿PA,﻿PA,41.57188219,-75.5011599,,,﻿twice a month,﻿h_fitzsimmons_901,﻿Rev.,﻿H. Fitzsimmons,,,,,,,,1838,﻿,﻿,﻿Philadelphia,Philadelphia
﻿phi.pa.9000,﻿church,﻿St. Peter's,English,,,,,﻿Franklin County,﻿Chambersburg,﻿Chambersburg,﻿PA,﻿PA,,,,,﻿twice a month,﻿p_rafferty_901,﻿Rev.,﻿P. Rafferty,,,,,,,,1838,﻿,﻿,﻿Philadelphia,Philadelphia
﻿erie.pa.0015,﻿church,﻿St. Francis of Assissium,English,,,,,﻿Clearfield County,﻿Clearfield,﻿Clearfield,﻿PA,﻿PA,41.01913824,-78.43912405,,,﻿once a month,﻿oth_borgess_901,﻿Rev.,﻿Otho Borgess,,,﻿dwelling at Bellefonte,,,,,1838,﻿,﻿,﻿Philadelphia,Philadelphia
﻿har.pa.0010,﻿church,﻿St. Peter's,English,,,,,﻿Lancaster County,﻿Columbia,﻿Columbia,﻿PA,﻿PA,40.02957203,-76.50186656,,,﻿twice a month,﻿ber_keenan_001,﻿Rev.,﻿B. Keenan,,,﻿dwelling at Lancaster,,,,,1838,﻿,﻿,﻿Philadelphia,Philadelphia
﻿har.pa.0023,﻿church,﻿Sacred Heart,English,,,,,﻿Adams County,﻿Conewago,﻿Conewago,﻿PA,﻿PA,39.81875756,-77.03791245,,,,﻿mat_lekeu_901,﻿Rev.,﻿Matthew Lekeu,﻿S.J.,,,,,,,1838,﻿,﻿,﻿Philadelphia,Philadelphia
﻿har.pa.0023,﻿church,﻿Sacred Heart,English,,,,,﻿Adams County,﻿Conewago,﻿Conewago,﻿PA,,39.81875756,-77.03791245,,,,﻿mic_dougherty_901,﻿Rev.,﻿Michael Dougherty,﻿S. J.,,,,,,,1838,﻿,﻿,﻿Philadelphia,Philadelphia
﻿har.pa.0023,﻿church,﻿Sacred Heart,English,,,,,﻿Adams County,﻿Conewago,﻿Conewago,﻿PA,,39.81875756,-77.03791245,,,,﻿vir_barber_901,﻿Rev.,﻿Virgil Barber,﻿S. J.,,,,,,,1838,﻿,﻿,﻿Philadelphia,Philadelphia
﻿pit.pa.9007,﻿church,﻿St. Philip Beniti,English,,﻿Cussewago Creek,,﻿Crawford County,,,,﻿PA,,,,,,﻿once in two months,﻿wil_loughran_901,﻿Rev.,﻿William Loughran,,,,,,,,1838,﻿,﻿,﻿Philadelphia,Philadelphia
﻿pit.pa.0039,﻿church,﻿Mount Carmel,English,,,,﻿Westmoreland County,,﻿Derry Township,,﻿PA,,,,,,﻿occasionally,﻿jam_a_stillinger_001,﻿Rev.,﻿James A. Stillinger,,,,,,,,1838,﻿,﻿,﻿Philadelphia,Philadelphia
﻿phi.pa.0110,﻿church,﻿St. Bernard's,English,,,,,,﻿Easton,,﻿PA,,,,,,﻿once a month,﻿j_moloney_901,﻿Rev.,﻿J. Moloney,,,,,,,,1838,﻿,﻿,﻿Philadelphia,Philadelphia
﻿pit.pa.0042,﻿church,﻿St. Patrick's,English,,,,,﻿Cambria County,﻿Ebbensburg,﻿Ebensburg,﻿PA,﻿PA,40.48878598,-78.7264887,,,﻿once a month,﻿pet_lemke_901,﻿Rev.,﻿Peter Lemke,,,,,,,,1838,﻿,﻿,﻿Philadelphia,Philadelphia
﻿har.pa.0015,﻿church,﻿St. Peter's,English,,,,,﻿Lancaster County,﻿Elizabethtown,﻿Elizabethtown,﻿PA,﻿PA,40.1500281,-76.60378334,,,﻿once a month,﻿p_maher_901,﻿Rev.,﻿P. Maher,,,,,,,,1838,﻿,﻿,﻿Philadelphia,Philadelphia
﻿har.pa.0015,﻿church,﻿St. Peter's,English,,,,,﻿Lancaster County,﻿Erie,﻿Elizabethtown,﻿PA,,40.1500281,-76.60378334,,,,,﻿Rev.,﻿Bernard McCabe,,,,,,,,1838,﻿,﻿,﻿Philadelphia,Philadelphia
﻿pit.pa.0046,﻿church,﻿St. Mary's,English,,,,,﻿Armstrong County,﻿Freeport,﻿Freeport,﻿PA,﻿PA,40.67408336,-79.68331684,,,﻿once a month,﻿jos_cody_901,﻿Rev.,﻿Joseph Cody,,,,,,,,1838,﻿,﻿,﻿Philadelphia,Philadelphia
﻿scr.pa.0088,﻿church,﻿St. Francis,English,,,,,﻿Susquehanna County,﻿Friendvsville,﻿Friendvsville,﻿PA,﻿PA,41.91814506,-76.04796095,,,﻿once a month,﻿h_fitzsimmons_901,﻿Rev.,﻿H. Fitzsimmons,,,,,,,,1838,﻿,﻿,﻿Philadelphia,Philadelphia
﻿har.pa.0029,﻿church,﻿St. Francis Xavier,English,,,,,﻿Adams County,﻿Gettysburg,﻿Gettysburg,﻿PA,﻿PA,39.8287621,-77.2319783,,,﻿once a month,﻿mic_dougherty_901,﻿Rev.,﻿Michael Dougherty,,,﻿from Conewago,,,,,1838,﻿,﻿,﻿Philadelphia,Philadelphia
﻿phi.pa.0048,﻿church,﻿Most Holy Sacrament,English,,,,,﻿Berks County,﻿Goshenhoppen,﻿Bally,﻿PA,﻿PA,40.39776372,-75.58118476,,,,﻿aug_bally_001,﻿Rev.,﻿Augustin Balli,﻿S. J.,,,,,,,1838,﻿,﻿,﻿Philadelphia,Philadelphia
﻿pit.pa.0050,﻿church,﻿St. John Baptist,English,,﻿Harman's Bottom,,,﻿Somerset County,,﻿New Baltimore,﻿PA,﻿PA,39.98369025,-78.77549355,,,,,,,,,﻿Vacant,,,,,1838,﻿,﻿,﻿Philadelphia,Philadelphia
﻿har.pa.0001,﻿church,﻿St. Patrick's,English,,,,,﻿Dauphin County,﻿Harrisburg,﻿Harrisburg,﻿PA,﻿PA,40.26360912,-76.88657527,,,,﻿p_maher_901,﻿Rev.,﻿P. Maher,,,,,,,,1838,﻿,﻿,﻿Philadelphia,Philadelphia
﻿phi.pa.9002,﻿church,﻿St. Dennis,English,,,,,,﻿Hartford Township,,﻿PA,,,,,,﻿second and fourth Sunday,﻿edw_sourin_901,﻿Rev.,﻿Edward Sourin,,,,,,,,1838,﻿,﻿,﻿Philadelphia,Philadelphia
﻿pit.pa.0051,﻿church,﻿St. Joseph's,English,,,,,﻿Cambria County,﻿Hart's Sleeping Place,﻿Patton,﻿PA,﻿PA,40.63333701,-78.70814978,,,﻿once a month,﻿pet_lemke_901,﻿Rev.,﻿P. Lemke,,,,,,,,1838,﻿,﻿,﻿Philadelphia,Philadelphia
﻿phi.pa.0055,﻿church,﻿St. John Baptist,English,,,,,﻿Bucks County,﻿Haycock,﻿Ottsville,﻿PA,﻿PA,40.49964127,-75.20502565,,,﻿twice a month,﻿j_moloney_901,﻿Rev.,﻿J. Moloney,,,,,,,,1838,﻿,﻿,﻿Philadelphia,Philadelphia
﻿pit.pa.0054,﻿church,﻿Holy Trinity,English,,,,,﻿Huntingdon County,﻿Huntingdon,﻿Huntingdon,﻿PA,﻿PA,40.48607692,-78.01301671,,,﻿occasionally,﻿jam_bradley_901,﻿Rev.,﻿James Bradley,,,,,,,,1838,﻿,﻿,﻿Philadelphia,Philadelphia
﻿pit.pa.0058,﻿church,﻿St. John Gualbertus,English,,,,,,﻿Johnstown,,﻿PA,,,,,,﻿monthly,﻿pet_lemke_901,﻿Rev.,﻿Peter Lemke,,,,,,,,1838,﻿,﻿,﻿Philadelphia,Philadelphia
﻿har.pa.0005,﻿church,﻿St. Mary's,English,,,,,﻿Lebanon County,﻿Lebanon,﻿Lebanon,﻿PA,﻿PA,40.33962838,-76.42426687,,,﻿monthly,﻿nic_steinbacher_901,﻿Rev.,﻿Nicholas Steinbacher,﻿S. J.,,﻿dwelling at Reading,,,,,1838,﻿,﻿,﻿Philadelphia,Philadelphia
﻿har.pa.0008,﻿church,﻿St. Mary's,English,,,,,﻿Lancaster County,﻿Lancaster,﻿Lancaster,﻿PA,﻿PA,40.0359609,-76.30695166,,,,﻿ber_keenan_001,﻿Rev.,﻿Bernard Keenan,,,,,,,,1838,﻿,﻿,﻿Philadelphia,Philadelphia
﻿har.pa.0039,﻿church,﻿All Saints,English,,,,,﻿Mifflin County,﻿Lewistown,﻿Lewistown,﻿PA,﻿PA,40.60023008,-77.5731348,,,﻿once a month,﻿oth_borgess_901,﻿Rev.,﻿Otho Borgess,,,,,,,,1838,﻿,﻿,﻿Philadelphia,Philadelphia
﻿har.pa.0025,﻿church,﻿St. Aloysius,English,,,,,﻿Adams County,﻿Littlestown,﻿Littlestown,﻿PA,﻿PA,39.74342361,-77.0880942,,,﻿monthly,﻿mic_dougherty_901,﻿Rev.,﻿Michael Dougherty,﻿S. J.,,,,,,,1838,﻿,﻿,﻿Philadelphia,Philadelphia
﻿har.pa.0017,﻿church,﻿St. Patrick's,English,,,,,﻿York County,﻿Little York,﻿York,﻿PA,﻿PA,39.95832062,-76.72761145,,,﻿twice a month,﻿pat_j_dwen_901,﻿Rev.,﻿Patrick Dwen,,,,,,,,1838,﻿,﻿,﻿Philadelphia,Philadelphia
﻿pit.pa.9002,﻿church,﻿St. Michel's,English,,,,,﻿Cambria County,﻿Loretto,﻿Loretto,﻿PA,﻿PA,40.50249152,-78.63033998,,,,﻿dem_a_galitzin_901,﻿Rev.,﻿Demetrius A. Gallitzin,,,,,,,,1838,﻿,﻿,﻿Philadelphia,Philadelphia
﻿phi.pa.0036,﻿church,﻿St. John Baptist,English,,,,,﻿Philadelphia County,﻿Manayunk,﻿Philadelphia,﻿PA,﻿PA,40.02488645,-75.22006133,,,,﻿dav_mulholland_901,﻿Rev.,﻿David Mulholland,,,,,,,,1838,﻿,﻿,﻿Philadelphia,Philadelphia
﻿cle.oh.9001,﻿church,not recorded,English,,,,,,﻿Massillon,﻿Massillon,﻿PA,﻿OH,,,,,﻿once a month,﻿nic_steinbacher_901,﻿Rev.,﻿Nicholas Steinbacher,﻿S. J.,,,,,,,1838,﻿,﻿,﻿Philadelphia,Philadelphia
﻿cle.oh.9001,﻿church,﻿French Settlement,English,,,,,,﻿Meadville,﻿Massillon,﻿PA,,,,,,﻿visited once in two months,,,,,,,,,,,1838,﻿,﻿,﻿Philadelphia,Philadelphia
﻿har.pa.0058,﻿church,﻿St. Joseph's,English,,,,,﻿Northumberland County,﻿Milton,﻿Milton,﻿PA,﻿PA,41.02061259,-76.85129446,,,,﻿edw_magennis_901,﻿Rev.,﻿Edward Magennis,,,,,,,,1838,﻿,﻿,﻿Philadelphia,Philadelphia
﻿har.pa.0030,﻿church,﻿St. Ignatius,English,,,,,﻿Adams County,﻿Mountain Church,﻿Mountain,﻿PA,﻿PA,39.8522417,-77.2864879,,,﻿fourth Sunday,﻿mic_dougherty_901,﻿Rev.,﻿M. Dougherty,,,,,,,,1838,﻿,﻿,﻿Philadelphia,Philadelphia
﻿pit.pa.0078,﻿church,﻿St Patrick's,English,,,,,﻿Blair County,﻿Newry,﻿Newry,﻿PA,﻿PA,40.39262199,-78.43296699,,,﻿twice a month,﻿jam_bradley_901,﻿Rev.,﻿J. Bradley,,,,,,,,1838,﻿,﻿,﻿Philadelphia,Philadelphia
﻿erie.pa.0131,﻿church,﻿St. Stephen of Hung,English,,﻿Oil Creek,,,,,﻿Oil City,﻿PA,,,,,,﻿once a month,﻿wil_loughran_901,﻿Rev.,﻿William Loughran,,,,,,,,1838,﻿,﻿,﻿Philadelphia,Philadelphia
﻿har.pa.0021,﻿church,not recorded,English,﻿a private chapel,,,,﻿York County,﻿Paradise,﻿Paradise,﻿PA,﻿PA,,,,,,﻿joh_w_beschter_901,﻿Rev.,﻿J. W. Beschter,﻿S. J.,,,,,,,1838,﻿,﻿,﻿Philadelphia,Philadelphia
﻿har.pa.0034,﻿church,not recorded,English,,,,,﻿Franklin County,﻿Path Valley,﻿Willow Hill,﻿PA,﻿PA,40.2135368,-77.70637758,,,﻿once a month,﻿p_rafferty_901,﻿Rev.,﻿P. Rafferty,,,﻿dwelling at Chambersburg,,,,,1838,﻿,﻿,﻿Philadelphia,Philadelphia
﻿pit.pa.0001,﻿church,﻿St. Paul's,English,,,,,﻿Allegheny County,﻿Pittsburg,﻿Pittsburg,﻿PA,﻿PA,40.44783415,-79.94997296,,,,﻿tho_heyden_901,﻿Rev.,﻿Thomas Heyden,,,,,,,,1838,﻿,﻿,﻿Philadelphia,Philadelphia
﻿pit.pa.0001,﻿church,﻿St. Paul's,English,,,,,﻿Allegheny County,﻿Pittsburg,﻿Pittsburg,﻿PA,,40.44783415,-79.94997296,,,,﻿wil_whelan_901,﻿Rev.,﻿Wiliam Whelan,,,,,,,,1838,﻿,﻿,﻿Philadelphia,Philadelphia
﻿pit.pa.0002,﻿church,﻿St. Patrick's,English,,,,,﻿Allegheny County,﻿Pittsburg,﻿Pittsburg,﻿PA,﻿PA,40.44954473,-79.985124,,,,﻿ben_bayer_901,﻿Rev.,﻿Benjamin Bayer,,,,,,,,1838,﻿,﻿,﻿Philadelphia,Philadelphia
﻿phi.pa.0119,﻿church,not recorded,English,﻿church not dedicated,,,,﻿Schuylkill County,﻿Pottsville,﻿Pottsville,﻿PA,﻿PA,40.68308469,-76.19720629,,,﻿three Sundays in the month,﻿a_wainwright_901,﻿Rev.,﻿A. Wainwright,,,,,,,,1838,﻿,﻿,﻿Philadelphia,Philadelphia
﻿phi.pa.0043,﻿church,﻿St. Peter's,English,,,,,﻿Berks County,﻿Reading,﻿Reading,﻿PA,﻿PA,40.33004804,-75.92859369,,,﻿twice a month,﻿nic_steinbacher_901,﻿Rev.,﻿Nicholas Steinbacher,,,,,,,,1838,﻿,﻿,﻿Philadelphia,Philadelphia
﻿pit.pa.9008,﻿church,﻿St. Nich. Tol.,English,,,,,,﻿Red-bank,﻿Redbank Township,﻿PA,,,,,,﻿once a month,﻿h_herzog_901,﻿Rev.,﻿H. Herzog,,,﻿dwelling at Shippenville,,,,,1838,﻿,﻿,﻿Philadelphia,Philadelphia
﻿pit.pa.9008,﻿church,﻿St. Michael's,English,,,,,,﻿Shippenville,﻿Redbank Township,﻿PA,,,,,,﻿once a month,,﻿Rev.,﻿H. Herzog,,,,,,,,1838,﻿,﻿,﻿Philadelphia,Philadelphia
﻿scr.pa.0081,﻿church,﻿St. Augustin's,English,,,,,﻿Susquehanna County,﻿Silver Lake,﻿Brackney,﻿PA,﻿PA,41.96504028,-75.95388103,,,﻿once a month,﻿h_fitzsimmons_901,﻿Rev.,﻿H. Fitzsimmons,,,,,,,,1838,﻿,﻿,﻿Philadelphia,Philadelphia
﻿phi.pa.0129,﻿church,﻿St. Jerome's,English,,,,,,﻿Tamaqua,,﻿PA,,40.7973112,-75.9693707,,,﻿monthly,﻿j_moloney_901,﻿Rev.,﻿J. Moloney,,,,,,,,1838,﻿,﻿,﻿Philadelphia,Philadelphia
﻿har.pa.0033,﻿church,﻿St. Andrew,English,,,,﻿Franklin County,,﻿Waynesburg,,﻿PA,,,,,,﻿monthly,,﻿Rev.,﻿P. Rafferty,,,,,,,,1838,﻿,﻿,﻿Philadelphia,Philadelphia
﻿pit.pa.0101,﻿church,not recorded,English,﻿church not dedicated,,,﻿Green County,﻿Greene County,﻿Waynesburg,﻿Waynesburg,﻿PA,﻿PA,39.89621361,-80.18363432,,,,,,,,,,,,,,1838,﻿,﻿,﻿Philadelphia,Philadelphia
﻿phi.pa.0070,﻿church,﻿Christ Church,English,,,,,﻿Chester County,﻿Westchester,﻿West Chester,﻿PA,﻿PA,39.95928452,-75.60872375,,,﻿third Sunday,﻿edw_sourin_901,﻿Rev.,﻿Edward Sourin,,,﻿Dw. at Philadelphia,,,,,1838,﻿,﻿,﻿Philadelphia,Philadelphia
﻿phi.pa.0070,﻿church,﻿Christ Church,English,,,,﻿Warren County,﻿Chester County,﻿Westchester,﻿West Chester,﻿PA,,39.95928452,-75.60872375,,,﻿occasionally,,,,,,,,,,,1838,﻿,﻿,﻿Philadelphia,Philadelphia
﻿pit.pa.0106,﻿church,﻿St. Vincent of Paul,English,,,,,,﻿Youngstown,,﻿PA,,,,,,﻿twice a month,﻿jam_a_stillinger_001,﻿Rev.,﻿J. A. Stillinger,,,,,,,,1838,﻿,﻿,﻿Philadelphia,Philadelphia
﻿wil.de.0001,﻿church,﻿St. Peter's,English,,,,,﻿New Castle County,﻿Wilmington,﻿Wilmington,﻿DE,﻿DE,39.744655,-75.5483909,,,,﻿pat_kenny_901,﻿Rev.,﻿Patrick Kenny,,,,,,,,1838,﻿,﻿,﻿Philadelphia,Philadelphia
﻿wil.de.0001,﻿church,﻿St. Peter's,English,,,,,﻿New Castle County,﻿Wilmington,﻿Wilmington,﻿DE,,39.744655,-75.5483909,,,,,﻿Rev.,﻿Patrick Reilly,,,,,,,,1838,﻿,﻿,﻿Philadelphia,Philadelphia
﻿wil.de.0006,﻿church,﻿St. Mary's,English,,,,,﻿New Castle County,﻿Coffee Run,﻿Hockessin,﻿DE,﻿DE,39.7690811,-75.6616973,,,﻿twice a month,﻿pat_kenny_901,﻿Rev.,﻿P. Kenny,,,,,,,,1838,﻿,﻿,﻿Philadelphia,Philadelphia
﻿wil.de.0007,﻿church,﻿St. Peter's,English,,,,,﻿New Castle County,﻿New Castle,﻿New Castle,﻿DE,﻿DE,39.6625154,-75.5646843,,,﻿once a month,﻿pat_reilly_901,﻿Rev.,﻿P. Reilly,,,,,,,,1838,﻿,﻿,﻿Philadelphia,Philadelphia
﻿new.nj.9000,﻿church,﻿Blessed Virgin of the Assumption,English,,,,,﻿Atlantic County,﻿Pleasant Mills,﻿Mullica Township,﻿NJ,﻿NJ,39.63816024,-74.64656862,,,﻿first Sunday,﻿edw_sourin_901,﻿Rev.,﻿Edward Sourin,,,,,,,,1838,﻿,﻿,﻿Philadelphia,Philadelphia
﻿new.nj.0102,﻿church,﻿St. John Baptist,English,,,,,﻿Mercer County,﻿Trenton,﻿Trenton,﻿NJ,﻿NJ,40.19908625,-74.7582005,,,,﻿dan_magorien_001,﻿Rev.,﻿Daniel Magorien,,,,,,,,1838,﻿,﻿,﻿Philadelphia,Philadelphia
﻿phi.pa.0144_02,﻿seminary,﻿Theological Seminary,English,,,,,,﻿Philadelphia,,﻿PA,,,,,,,,﻿Very Rev.,﻿P. R. Kenrick,,﻿Superiour,,﻿student,﻿12 students,,,1838,﻿,﻿,﻿Philadelphia,Philadelphia
﻿phi.pa.0144_02,﻿seminary,﻿Theological Seminary,English,,,,,,﻿Philadelphia,,﻿PA,,,,,,,,﻿Rev.,﻿Charles J. Carter,,﻿Procurator,,﻿student,﻿12 students,,,1838,﻿,﻿,﻿Philadelphia,Philadelphia
﻿phi.pa.0144_02,﻿boarding academy,﻿St. Peter's Boarding Academy for Young Ladies,English,,﻿Quaker Hill,,,,﻿Wilmington,,﻿DE,,,,,,,,,,,,,﻿teacher,﻿varies from twenty to thirty,﻿Sisters of Charity,,1838,﻿,﻿,﻿Philadelphia,Philadelphia
﻿phi.pa.0144_02,﻿boarding academy,﻿St. Peter's Boarding Academy for Young Ladies,English,,﻿Quaker Hill,,,,﻿Wilmington,,﻿DE,,,,,,,,,,,,,﻿religious,﻿4 sisters,﻿Sisters of Charity,,1838,﻿,﻿,﻿Philadelphia,Philadelphia
﻿wil.de.0001_93,﻿day school,﻿St. Peter's Day School,English,,,,,,﻿Wilmington,,﻿DE,,,,,,,,,,,,,﻿religious,﻿4 sisters,﻿Sisters of Charity,,1838,﻿,﻿,﻿Philadelphia,Philadelphia
﻿phi.pa.0255,﻿asylum,﻿St. Joseph's Female Orphan Asylum,English,,,,,,﻿Philadelphia,,﻿PA,,,,,,,,,,,,,﻿child,﻿60 orphans,﻿Sisters of Charity,,1838,﻿,﻿,﻿Philadelphia,Philadelphia
﻿phi.pa.0028_02,﻿asylum,﻿St. John's Male Orphan Asylum,English,,,,,,﻿Philadelphia,,﻿PA,,,,,,,,,,,,,﻿child,﻿45 boys,﻿Sisters of Charity,,1838,﻿,﻿,﻿Philadelphia,Philadelphia
﻿phi.pa.0004_93,﻿day school,﻿St. John's Day School,English,,,,,,﻿Philadelphia,,﻿PA,,,,,,,,,,,,,﻿child,﻿45 boys,﻿Sisters of Charity,,1838,﻿,﻿,﻿Philadelphia,Philadelphia
﻿phi.pa.0004_93,﻿school,﻿St. Mary's Day School,English,,,,,,﻿Philadelphia,,﻿PA,,,,,,,,,,,,,﻿child,﻿180 children,﻿Sisters of Charity,,1838,﻿,﻿,﻿Philadelphia,Philadelphia
﻿phi.pa.0004_93,﻿school,﻿St. Mary's Day School,English,,,,,,﻿Pittsburg,,﻿PA,,,,,,,,,,,,,﻿religious,﻿4 sisters,﻿Sisters of Charity,,1838,﻿,﻿,﻿Philadelphia,Philadelphia
﻿phi.pa.0004_93,﻿school,﻿St. John's Baptist,English,,﻿M'Sherrystown,,,,﻿Conew.,﻿Conewago,﻿PA,,,,,,,,,,,,,﻿religious,﻿2 sisters,﻿Sisters of Charity,,1838,﻿,﻿,﻿Philadelphia,Philadelphia
﻿phi.pa.0004_93,﻿school,﻿St. John's Baptist,English,,﻿M'Sherrystown,,,,﻿Pottsville,﻿Conewago,﻿PA,,,,,,,,,,,,,﻿religious,﻿2 sisters,﻿Sisters of Charity,,1838,﻿,﻿,﻿Philadelphia,Philadelphia
﻿phi.pa.0010_02,﻿school,﻿St. Michael's Free School,English,,,,,,﻿Philadelphia,,﻿PA,,,,,,,,,,,,,,,,,1838,﻿,﻿,﻿Philadelphia,Philadelphia
