instID,church_type,instName,language,instNote,placeName,region,county_orig,county_reg,city_orig,city_reg,state_orig,state_reg,latitude,longitude,attendingInstID,attendingChurch,attendingChurchFrequency,persID,persTitle,persName,persSuffix,persRole,persNote,memberType,member,affiliated,order,year,notes,attendingPersID,attendingChurchNote,diocese,diocese_reg
﻿phi.pa.0005,﻿cathedral,﻿Cathedral of St. Mary,English,,,,,﻿Philadelphia County,﻿Philidelphia,﻿Philidelphia,﻿PA,﻿PA,39.94564287,-75.14856313,,,,﻿hen_conwell_901,﻿Right Rev.,﻿Henry Conwell,﻿D.D.,,,,,﻿under the direction of the Fathers of the Society of Jesus,,1835,,﻿,﻿,﻿Philadelphia,Philadelphia
﻿phi.pa.0005,﻿cathedral,﻿Cathedral of St. Mary,English,,,,,﻿Philadelphia County,﻿Philidelphia,﻿Philidelphia,﻿PA,,39.94564287,-75.14856313,,,,﻿fra_p_kenrick_901,﻿Right Rev.,﻿Fran P. Kenrick,﻿D.D.,﻿Coadj.,,,,﻿under the direction of the Fathers of the Society of Jesus,,1835,,﻿,﻿,﻿Philadelphia,Philadelphia
﻿phi.pa.0005,﻿cathedral,﻿Cathedral of St. Mary,English,,,,,﻿Philadelphia County,﻿Philidelphia,﻿Philidelphia,﻿PA,,39.94564287,-75.14856313,,,,﻿jer_keiley_901,﻿Rev.,﻿Jeremiah Keiley,,,,,,﻿under the direction of the Fathers of the Society of Jesus,,1835,,﻿,﻿,﻿Philadelphia,Philadelphia
﻿phi.pa.0005,﻿cathedral,﻿Cathedral of St. Mary,English,,,,,﻿Philadelphia County,﻿Philidelphia,﻿Philidelphia,﻿PA,,39.94564287,-75.14856313,,,,﻿pet_r_kenrick_901,﻿Rev.,﻿Peter R. Kenrick,,,,,,﻿under the direction of the Fathers of the Society of Jesus,,1835,,﻿,﻿,﻿Philadelphia,Philadelphia
﻿phi.pa.0005,﻿cathedral,﻿Cathedral of St. Mary,English,,,,,﻿Philadelphia County,﻿Philidelphia,﻿Philidelphia,﻿PA,,39.94564287,-75.14856313,,,,﻿tho_da-silva_901,﻿Rev.,﻿Thomas Da Silva,,,,,,﻿under the direction of the Fathers of the Society of Jesus,,1835,,﻿,﻿,﻿Philadelphia,Philadelphia
﻿phi.pa.0006,﻿church,﻿St. Joseph's,English,,﻿Willing's Al.,,,﻿Philadelphia County,﻿Philidelphia,﻿Philidelphia,﻿PA,﻿PA,39.94655372,-75.1475707,,,,﻿ste_l_dubuisson_901,﻿Rev.,﻿Stephen Dubuisson,﻿S.J.,,,,,,,1835,,﻿,﻿,﻿Philadelphia,Philadelphia
﻿phi.pa.0006,﻿church,﻿St. Joseph's,English,,﻿Willing's Al.,,,﻿Philadelphia County,﻿Philidelphia,﻿Philidelphia,﻿PA,,39.94655372,-75.1475707,,,,﻿ed_mccarthy_901,﻿Rev. Mr.,﻿Ed. M'Carthy,﻿S.J.,,,,,,,1835,,﻿,﻿,﻿Philadelphia,Philadelphia
﻿phi.pa.0007,﻿church,﻿St. Augustine's,English,,﻿N. 4th Street,,,﻿Philadelphia County,﻿Philidelphia,﻿Philidelphia,﻿PA,﻿PA,39.95552714,-75.1465845,,,,﻿mic_hurley_901,﻿Rev.,﻿Michael Hurley,,,,,,,,1835,,﻿,﻿,﻿Philadelphia,Philadelphia
﻿phi.pa.0007,﻿church,﻿St. Augustine's,English,,﻿N. 4th Street,,,﻿Philadelphia County,﻿Philidelphia,﻿Philidelphia,﻿PA,,39.95552714,-75.1465845,,,,﻿n_o-donnell_901,﻿Rev.,﻿N. O'Donnell,,,,,,,,1835,,﻿,﻿,﻿Philadelphia,Philadelphia
﻿phi.pa.0009,﻿church,﻿Holy Trinity,﻿German,﻿German,,,,﻿Philadelphia County,﻿Philadelphia,﻿Philidelphia,﻿PA,﻿PA,39.9455084,-75.15189463,,,,﻿fra_guth_901,﻿Rev.,﻿Francis Guth,,,,,,,,1835,,﻿,﻿,﻿Philadelphia,Philadelphia
﻿phi.pa.0009,﻿church,﻿Holy Trinity,﻿German,﻿German,,,,﻿Philadelphia County,﻿Philadelphia,﻿Philidelphia,﻿PA,,39.9455084,-75.15189463,,,,﻿cor_vanderbraak_901,﻿Rev.,﻿Cor. Vanderbraak,,,,,,,,1835,,﻿,﻿,﻿Philadelphia,Philadelphia
﻿phi.pa.0009,﻿church,﻿Holy Trinity,﻿German,﻿German,,,,﻿Philadelphia County,﻿Philadelphia,﻿Philidelphia,﻿PA,,39.9455084,-75.15189463,,,,﻿pet_lemke_901,﻿Rev.,﻿Peter Lemké,,,,,,,,1835,,﻿,﻿,﻿Philadelphia,Philadelphia
﻿phi.pa.0004,﻿church,﻿St. John Evan.,English,,,,,﻿Philadelphia County,﻿Philidelphia,﻿Philidelphia,﻿PA,﻿PA,39.95126954,-75.16138096,,,,﻿joh_hughes_901,﻿Rev.,﻿John Hughes,,,,,,,,1835,,﻿,﻿,﻿Philadelphia,Philadelphia
﻿phi.pa.0004,﻿church,﻿St. John Evan.,English,,,,,﻿Philadelphia County,﻿Philidelphia,﻿Philidelphia,﻿PA,,39.95126954,-75.16138096,,,,﻿fra_x_gartland_901,﻿Rev.,﻿F. X. Gartland,,,,,,,,1835,,﻿,﻿,﻿Philadelphia,Philadelphia
﻿phi.pa.0010,﻿church,﻿St. Michael's,English,,,,,,﻿Philadelphia,﻿Philadelphia,﻿PA,﻿PA,39.97389081,-75.13848967,,,,﻿ter_j_donaghue_901,﻿Rev.,﻿T. P. Donaghue,,,,,,,,1835,,﻿,﻿,﻿Philadelphia,Philadelphia
﻿pit.pa.0015,﻿church,﻿St. Thomas,English,,,,,﻿Bedford County,﻿Bedford,﻿Bedford,﻿PA,﻿PA,40.01766654,-78.50151808,,,﻿[visited] once a month [by] Rev. James Bradley,﻿jam_bradley_001,﻿Rev.,﻿James Bradley,,,﻿Dw. at Newry,,,﻿under the direction of the Fathers of the Society of Jesus,,1835,,﻿,﻿,﻿Philadelphia,Philadelphia
﻿har.pa.0041,﻿church,﻿St. John Evang.,English,,,,,﻿Centre County,﻿Bellefonte,﻿Bellefonte,﻿PA,﻿PA,40.91081367,-77.77627962,,,﻿[visited every] 2d Sund. [by] Rev. Patrick Leavy,﻿pat_leavy_901,﻿Rev.,﻿Patrick Leavy,,,﻿Dw. at Lewistown,,,,,1835,,﻿,﻿,﻿Philadelphia,Philadelphia
﻿pit.pa.0019,﻿church,﻿SS. Simon and Jude,English,,,,,﻿Indiana County,﻿Blairsville,﻿Blairsville,﻿PA,﻿PA,40.43263075,-79.25841066,,,﻿[visited] twice a month [by] Rev. James A. Stillinger,﻿jam_a_stillinger_001,﻿Rev.,﻿James A. Stillinger,,,,,,,,1835,,﻿,﻿,﻿Philadelphia,Philadelphia
﻿pit.pa.0026,﻿church,﻿St. Peter's,English,,,,,﻿Fayette County,﻿Brownsville,﻿Brownsville,﻿PA,﻿PA,40.0226438,-79.87755123,,,﻿[visited] four times a year [by] Rev. J. A. Stillinger,﻿jam_a_stillinger_001,﻿Rev.,﻿J. A. Stillinger,,,,,,,,1835,,﻿,﻿,﻿Philadelphia,Philadelphia
﻿pit.pa.9000,﻿church,not recorded,English,,﻿Buffaloe Creek,,,,,﻿Freeport,﻿PA,﻿PA,,,,,﻿[visited] twice a month [by] Rev. P. Rafferty,﻿p_rafferty_901,﻿Rev.,﻿P. Rafferty,,,,,,,,1835,,﻿,﻿,﻿Philadelphia,Philadelphia
﻿pit.pa.0027,﻿church,﻿St. Peter's,English,,,,,﻿Butler County,﻿Butler,﻿Butler,﻿PA,﻿PA,40.862318,-79.890779,,,﻿[visited] once a month [by] Rev. P. Rafferty,﻿p_rafferty_901,﻿Rev.,﻿P. Rafferty,,,,,,,,1835,,﻿,﻿,﻿Philadelphia,Philadelphia
﻿pit.pa.0029,﻿church,﻿St. Patrick's,English,,,,,﻿Indiana County,﻿Cameron's Bottom,﻿Heilwood,﻿PA,﻿PA,40.59448682,-78.91594783,,,﻿[visited] once a month [by] Rev. Terrence McGirr,﻿ter_mcgirr_901,﻿Rev.,﻿Terrence McGirr,,,﻿Dw. at Newry,,,,,1835,,﻿,﻿,﻿Philadelphia,Philadelphia
﻿har.pa.0038,﻿church,﻿St. Patrick's,English,,,,,﻿Cumberland County,﻿Carlisle,﻿Carlisle,﻿PA,﻿PA,40.17501599,-77.20259339,,,﻿[visited] twice a month [by] Rev. P. Dwen,﻿pat_j_dwen_901,﻿Rev.,﻿P. Dwen,,,,,,,,1835,,﻿,﻿,﻿Philadelphia,Philadelphia
﻿scr.pa.0020,﻿church,not recorded,English,,,,,﻿Lackawanna County,﻿Carbondale,﻿Carbondale,﻿PA,﻿PA,41.57188219,-75.5011599,,,,,,,,,﻿Vacant,,,,,1835,,﻿,﻿,﻿Philadelphia,Philadelphia
﻿phi.pa.9000,﻿church,﻿St. Peter's,English,,,,,﻿Franklin County,﻿Chambersburg,﻿Chambersburg,﻿PA,﻿PA,,,,,﻿[visited] twice a month [by] Rev. Thomas Heyden,﻿tho_heyden_001,﻿Rev.,﻿Thomas Heyden,,,,,,,,1835,,﻿,﻿,﻿Philadelphia,Philadelphia
﻿erie.pa.0015,﻿church,﻿St. Francis of Assissium,English,,,,,﻿Clearfield County,﻿Clearfield,﻿Clearfield,﻿PA,﻿PA,41.01913824,-78.43912405,,,﻿[visited every] 1st Sunday or every 2d month [by] Rev. P. Leavy,﻿pat_leavy_901,﻿Rev.,﻿P. Leavy,,,,,,,,1835,,﻿,﻿,﻿Philadelphia,Philadelphia
﻿har.pa.0010,﻿church,﻿St. Peter's,English,,,,,﻿Lancaster County,﻿Columbia,﻿Columbia,﻿PA,﻿PA,40.02957203,-76.50186656,,,﻿[visited] twice a month [by] Rev. B. Keenan,﻿ber_keenan_001,﻿Rev.,﻿B. Keenan,,,,,,,,1835,,﻿,﻿,﻿Philadelphia,Philadelphia
﻿har.pa.0023,﻿church,﻿Sacred Heart,English,,,,,﻿Adams County,﻿Conewago,﻿Conewago,﻿PA,﻿PA,39.81875756,-77.03791245,,,,﻿mat_lekeu_901,﻿Rev.,﻿Matthew Lekeu,,,,,,,,1835,,﻿,﻿,﻿Philadelphia,Philadelphia
﻿har.pa.0023,﻿church,﻿Sacred Heart,English,,,,,﻿Adams County,﻿Conewago,﻿Conewago,﻿PA,,39.81875756,-77.03791245,,,,﻿pau_kohlman_901,﻿Rev.,﻿Paul Kohlman,,,,,,,,1835,,﻿,﻿,﻿Philadelphia,Philadelphia
﻿har.pa.0023,﻿church,﻿Sacred Heart,English,,,,,﻿Adams County,﻿Conewago,﻿Conewago,﻿PA,,39.81875756,-77.03791245,,,,﻿mic_dougherty_901,﻿Rev.,﻿Michael Dougherty,,,,,,,,1835,,﻿,﻿,﻿Philadelphia,Philadelphia
﻿har.pa.0023,﻿church,﻿Christ Church,English,,,,,﻿Adams County,﻿Conewago,﻿Conewago,﻿PA,,39.81875756,-77.03791245,,,﻿[visited] occasionally [by] Rev. F. M. Masquelet,﻿fra_m_masquelet_901,﻿Rev.,﻿F. M. Masquelet,,,,,,,,1835,,﻿,﻿,﻿Philadelphia,Philadelphia
﻿pit.pa.0039,﻿church,not recorded,English,,,,﻿Westmoreland County,,﻿Derry Township,,﻿PA,,,,,,,﻿jam_a_stillinger_001,﻿Rev.,﻿James A. Stillinger,,,﻿Dw. at Blairsville,,,,,1835,,﻿,﻿,﻿Philadelphia,Philadelphia
﻿pit.pa.0039,﻿church,not recorded,English,,,,﻿Westmoreland County,,﻿Easton,,﻿PA,,,,,,﻿[visited] twice a month [by] Rev. H. Herzog,﻿hen_herzog_901,﻿Rev.,﻿H. Herzog,,,,,,,,1835,,﻿,﻿,﻿Philadelphia,Philadelphia
﻿pit.pa.0042,﻿church,not recorded,English,,,,,﻿Cambria County,﻿Ebensburg,﻿Ebensburg,﻿PA,﻿PA,40.48878598,-78.7264887,,,﻿[visited] once a month [by] Rev. James Bradley,﻿jam_bradley_001,﻿Rev.,﻿James Bradley,,,,,,,,1835,,﻿,﻿,﻿Philadelphia,Philadelphia
﻿har.pa.0015,﻿church,﻿St. Peter's,English,,,,,﻿Lancaster County,﻿Elizabethtown,﻿Elizabethtown,﻿PA,﻿PA,40.1500281,-76.60378334,,,﻿[visited every] 1st Sunday [by] Rev. Michael Curran,﻿mic_curran_901,﻿Rev.,﻿Michael Curran,,,﻿Dw. at Harrisburg,,,,,1835,,﻿,﻿,﻿Philadelphia,Philadelphia
﻿pit.pa.0046,﻿church,﻿Ch. of the Nativity,English,,,,,﻿Armstrong County,﻿Freeport,﻿Freeport,﻿PA,﻿PA,40.67408336,-79.68331684,,,﻿[visited] once a month [by] Rev. P. Rafferty,﻿p_rafferty_901,﻿Rev.,﻿P. Rafferty,,,,,,,,1835,,﻿,﻿,﻿Philadelphia,Philadelphia
﻿scr.pa.0088,﻿church,not recorded,English,,,,,﻿Susquehanna County,﻿Friendsville,﻿Friendsville,﻿PA,﻿PA,41.91814506,-76.04796095,,,,,,,,,﻿Vacant,,,,,1835,,﻿,﻿,﻿Philadelphia,Philadelphia
﻿har.pa.0029,﻿church,﻿St. Francis Xavier,English,,,,,﻿Adams County,﻿Gettysburg,﻿Gettysburg,﻿PA,﻿PA,39.8287621,-77.2319783,,,﻿[visited every] 1st Sunday [by] Rev. Michael Dougherty,﻿mic_dougherty_901,﻿Rev.,﻿Michael Dougherty,,,﻿PA,,,,,1835,,﻿,﻿,﻿Philadelphia,Philadelphia
﻿phi.pa.0048,﻿church,﻿Most H. Sacrament,English,,,,,﻿Berks County,﻿Goshenhoppen,﻿Bally,﻿PA,﻿PA,40.39776372,-75.58118476,,,﻿[visited every] 1st Sunday [by] Rev. Boniface Corvin,﻿bon_corvin_901,﻿Rev.,﻿Boniface Corvin,,,,,,,,1835,,﻿,﻿,﻿Philadelphia,Philadelphia
﻿pit.pa.0050,﻿church,﻿St. John Baptist,English,,﻿Harman's Bottom,,,﻿Somerset County,,﻿New Baltimore,﻿PA,﻿PA,39.98369025,-78.77549355,,,﻿[visited] occasionally [by] Rev. James Bradley,﻿jam_bradley_001,﻿Rev.,﻿James Bradley,,,,,,,,1835,,﻿,﻿,﻿Philadelphia,Philadelphia
﻿har.pa.0001,﻿church,﻿St. Patrick's,English,,,,,﻿Dauphin County,﻿Harrisburg,﻿Harrisburg,﻿PA,﻿PA,40.26360912,-76.88657527,,,﻿[visited] 2d & 4th Sundays [by] Rev. Michael Curran,﻿mic_curran_901,﻿Rev.,﻿Michael Curran,,,,,,,,1835,,﻿,﻿,﻿Philadelphia,Philadelphia
﻿phi.pa.9002,﻿church,﻿St. Dennis,English,,,,,,﻿Hartford Township,,﻿PA,,,,,,﻿[visited] twice a month [by] Rev. N. O'Donnell,﻿n_o-donnell_901,﻿Rev.,﻿N. O'Donnell,﻿O.S.A.,,,,,,,1835,,﻿,﻿,﻿Philadelphia,Philadelphia
﻿pit.pa.0051,﻿church,not recorded,English,,,,,﻿Cambria County,﻿Hart's Sleeping Place,﻿Patton,﻿PA,﻿PA,40.63333701,-78.70814978,,,﻿[visited] once a month [by] Rev. Terence McGirr,﻿ter_mcgirr_901,﻿Rev.,﻿Terence McGirr,,,,,,,,1835,,﻿,﻿,﻿Philadelphia,Philadelphia
﻿phi.pa.0055,﻿church,not recorded,English,,,,,﻿Bucks County,﻿Haycock,﻿Ottsville,﻿PA,﻿PA,40.49964127,-75.20502565,,,﻿[visited every] 2d and 3d Sundays [by] Rev. H. Herzog,﻿hen_herzog_901,﻿Rev.,﻿H. Herzog,,,,,,,,1835,,﻿,﻿,﻿Philadelphia,Philadelphia
﻿pit.pa.0054,﻿church,﻿Holy Trinity,English,,,,,﻿Huntingdon County,﻿Huntingdon,﻿Huntingdon,﻿PA,﻿PA,40.48607692,-78.01301671,,,﻿[visited] once in two months [by] Rev. P. Leavy,﻿pat_leavy_901,﻿Rev.,﻿P. Leavy,,,,,,,,1835,,﻿,﻿,﻿Philadelphia,Philadelphia
﻿har.pa.0005,﻿church,﻿St. Mary's,English,,,,,﻿Lebanon County,﻿Lebanon,﻿Lebanon,﻿PA,﻿PA,40.33962838,-76.42426687,,,﻿[visited every] 3d Sunday [by] Rev. Michael Curran,﻿mic_curran_901,﻿Rev.,﻿Michael Curran,,,﻿Resides at Harrisburg,,,,,1835,,﻿,﻿,﻿Philadelphia,Philadelphia
﻿har.pa.0005,﻿church,﻿St. Mary's,English,,,,,﻿Lebanon County,﻿Lebanon,﻿Lebanon,﻿PA,,40.33962838,-76.42426687,,,,﻿nic_steinbacher_901,﻿Rev.,﻿Nicolas Steinbacher,﻿S. J.,,﻿occasionally,,,,,1835,,﻿,﻿,﻿Philadelphia,Philadelphia
﻿har.pa.0008,﻿church,﻿St. Mary's,English,,,,,﻿Lancaster County,﻿Lancaster,﻿Lancaster,﻿PA,﻿PA,40.0359609,-76.30695166,,,,﻿ber_keenan_001,﻿Rev.,﻿Bernard Keenan,,,,,,,,1835,,﻿,﻿,﻿Philadelphia,Philadelphia
﻿har.pa.0039,﻿church,﻿All Saints,English,,,,,﻿Mifflin County,﻿Lewistown,﻿Lewistown,﻿PA,﻿PA,40.60023008,-77.5731348,,,﻿[visited] 3d Sunday [by] Rev. P. Leavy,﻿pat_leavy_901,﻿Rev.,﻿P. Leavy,,,,,,,,1835,,﻿,﻿,﻿Philadelphia,Philadelphia
﻿har.pa.0025,﻿church,﻿St. Aloysius,English,,,,,﻿Adams County,﻿Littlestown,﻿Littlestown,﻿PA,﻿PA,39.74342361,-77.0880942,,,﻿[visited every] 3d Sunday [by] Rev. Michael Dougherty,﻿mic_dougherty_901,﻿Rev.,﻿Michael Dougherty,,,,,,,,1835,,﻿,﻿,﻿Philadelphia,Philadelphia
﻿har.pa.0017,﻿church,﻿St. Patrick's,English,,,,,﻿York County,﻿Little York,﻿York,﻿PA,﻿PA,39.95832062,-76.72761145,,,﻿[visited] twice a month [by] Rev. Patrick Dwen,﻿pat_j_dwen_901,﻿Rev.,﻿Patrick Dwen,,,,,,,,1835,,﻿,﻿,﻿Philadelphia,Philadelphia
﻿pit.pa.9002,﻿church,﻿St. Michael's,English,,,,,﻿Cambria County,﻿Loretto,﻿Loretto,﻿PA,﻿PA,40.50249152,-78.63033998,,,,﻿dem_a_gallitzin_901,﻿Rev.,﻿Demetrius A. Galitzin,,,,,,﻿under the charge of the Christian Brothers,,1835,,﻿,﻿,﻿Philadelphia,Philadelphia
﻿pit.pa.9002,﻿church,﻿St. Michael's,English,,,,,﻿Cambria County,﻿Loretto,﻿Loretto,﻿PA,,40.50249152,-78.63033998,,,,﻿ter_mcgirr_901,﻿Rev.,﻿Terence McGirr,,,,,,﻿under the charge of the Christian Brothers,,1835,,﻿,﻿,﻿Philadelphia,Philadelphia
﻿phi.pa.0036,﻿church,﻿St. John Baptist,English,,,,,﻿Philadelphia County,﻿Manayunk,﻿Philadelphia,﻿PA,﻿PA,40.02488645,-75.22006133,,,,﻿cha_j_carter_001,﻿Rev.,﻿Charles J. Carter,,,,,,,,1835,,﻿,﻿,﻿Philadelphia,Philadelphia
﻿cle.oh.0100,﻿church,not recorded,English,,,,,,﻿Massillon,﻿Massillon,﻿PA,﻿OH,,,,,﻿[visited] once a month [by] Rev. Boniface Corvin,﻿bon_corvin_901,﻿Rev.,﻿Boniface Corvin,,,,,,,,1835,,﻿,﻿,﻿Philadelphia,Philadelphia
﻿har.pa.0058,﻿church,﻿St. Joseph's,English,,,,,﻿Northumberland County,﻿Milton,﻿Milton,﻿PA,﻿PA,41.02061259,-76.85129446,,,﻿[visited] 3 Sundays in the month [by] Rev. J. Fitzpatrick,﻿j_fitzpatrick_901,﻿Rev.,﻿J. Fitzpatrick,,,,,,,,1835,,﻿,﻿,﻿Philadelphia,Philadelphia
﻿har.pa.0030,﻿church,﻿St. Ignatius,English,,,,,﻿Adams County,﻿Mountain Church,﻿Mountain,﻿PA,﻿PA,39.8522417,-77.2864879,,,﻿[visited every] 4th Sunday [by] Rev. M. Dougherty,﻿mic_dougherty_901,﻿Rev.,﻿M. Dougherty,,,,,,,,1835,,﻿,﻿,﻿Philadelphia,Philadelphia
﻿pit.pa.0078,﻿church,﻿St Patrick's,English,,,,,﻿Blair County,﻿Newry,﻿Newry,﻿PA,﻿PA,40.39262199,-78.43296699,,,﻿[visited] twice a month [by] Rev. J. Bradley,﻿jam_bradley_001,﻿Rev.,﻿J. Bradley,,,,,,,,1835,,﻿,﻿,﻿Philadelphia,Philadelphia
﻿har.pa.0021,﻿church,not recorded,English,﻿a private Chapel,,,,﻿York County,﻿Paradise,﻿Paradise,﻿PA,﻿PA,,,,,,﻿joh_w_beschter_901,﻿Rev.,﻿John W. Beschter,,,,,,,,1835,,﻿,﻿,﻿Philadelphia,Philadelphia
﻿har.pa.0034,﻿church,not recorded,English,,,,,﻿Franklin County,﻿Path Valley,﻿Willow Hill,﻿PA,﻿PA,40.2135368,-77.70637758,,,﻿[visited] once a month [by] Rev. Thomas Heyden,﻿tho_heyden_001,﻿Rev.,﻿Thomas Heyden,,,,,,,,1835,,﻿,﻿,﻿Philadelphia,Philadelphia
﻿pit.pa.0001,﻿church,﻿St. Paul's,English,,,,,﻿Allegheny County,﻿Pittsburg,﻿Pittsburg,﻿PA,﻿PA,40.44783415,-79.94997296,,,,﻿joh_v_oreilly_001,﻿Rev.,﻿John O'Reilly,,,,,,,,1835,,﻿,﻿,﻿Philadelphia,Philadelphia
﻿pit.pa.0002,﻿church,﻿St. Patrick's,English,,,,,﻿Allegheny County,﻿Pittsburg,﻿Pittsburg,﻿PA,﻿PA,40.44954473,-79.985124,,,,﻿joh_v_oreilly_001,﻿Rev.,﻿J. O'Reilly,,,,,,,,1835,,﻿,﻿,﻿Philadelphia,Philadelphia
﻿pit.pa.0002,﻿church,﻿St. Patrick's,English,,,,,﻿Allegheny County,﻿Pittsburg,﻿Pittsburg,﻿PA,,40.44954473,-79.985124,,,,﻿fra_m_masquelet_901,﻿Rev.,﻿F. Masquelt,,,,,,,,1835,,﻿,﻿,﻿Philadelphia,Philadelphia
﻿phi.pa.0119,﻿church,﻿St. Patrick's,English,,,,,﻿Schuylkill County,﻿Pottsville,﻿Pottsville,﻿PA,﻿PA,40.68308469,-76.19720629,,,﻿[visited] 3 Sundays in the month [by] Rev. A. Wainwright,﻿a_wainwright_901,﻿Rev.,﻿A. Wainwright,,,,,,,,1835,,﻿,﻿,﻿Philadelphia,Philadelphia
﻿phi.pa.0043,﻿church,﻿St. Peter's,English,,,,,﻿Berks County,﻿Reading,﻿Reading,﻿PA,﻿PA,40.33004804,-75.92859369,,,,﻿bon_corvin_901,﻿Rev.,﻿B. Corvin,,,,,,,,1835,,﻿,﻿,﻿Philadelphia,Philadelphia
﻿phi.pa.0043,﻿church,﻿St. Peter's,English,,,,,﻿Berks County,﻿Reading,﻿Reading,﻿PA,,40.33004804,-75.92859369,,,,﻿nic_steinbacher_901,﻿Rev.,﻿Nicholas Steinbacher,,,,,,,,1835,,﻿,﻿,﻿Philadelphia,Philadelphia
﻿scr.pa.0081,﻿church,not recorded,English,,,,,﻿Susquehanna County,﻿Silver Lake,﻿Brackney,﻿PA,﻿PA,41.96504028,-75.95388103,,,,,,,,,﻿Vacant,,,,,1835,,﻿,﻿,﻿Philadelphia,Philadelphia
﻿pit.pa.9004,﻿church,﻿St. Francis,English,,,,,﻿Westmoreland County,﻿Sportsman's Hall,﻿Latrobe,﻿PA,,,,,,﻿[visited] twice a month [by] Rev. J. A. Stillinger,﻿jam_a_stillinger_001,﻿Rev.,﻿J. A. Stillinger,,,﻿Resides at Blairsville,,,,,1835,,﻿,﻿,﻿Philadelphia,Philadelphia
﻿phi.pa.0129,﻿church,﻿St.Jerom's,English,,,,,,﻿Tamaqua,,﻿PA,,40.7973112,-75.9693707,,,,﻿a_wainwright_901,﻿Rev.,﻿A. Wainwright,,,,,,,,1835,,﻿,﻿,﻿Philadelphia,Philadelphia
﻿pit.pa.0101,﻿church,not recorded,English,﻿Church not finished,,,﻿Greene County,﻿Greene County,﻿Waynesburg,﻿Waynesburg,﻿PA,﻿PA,39.89621361,-80.18363432,,,,,,,,,,,,,,1835,,﻿,﻿,﻿Philadelphia,Philadelphia
﻿phi.pa.0070,﻿church,﻿Christ Church,English,,,,,﻿Chester County,﻿West-Chester,﻿West Chester,﻿PA,﻿PA,39.95928452,-75.60872375,,,﻿[visited every] 3d Sunday [by] Rev. Patrick Reily,﻿pat_reilly_901,﻿Rev.,﻿Patrick Reily,,,,,,,,1835,,﻿,﻿,﻿Philadelphia,Philadelphia
﻿pit.pa.9005,﻿church,not recorded,English,,,,,,﻿Williamsburg,,﻿PA,,,,,,"﻿alternately, 4th Sund.",﻿pat_leavy_901,﻿Rev.,﻿P. Leavy,,,,,,,,1835,,﻿,﻿,﻿Philadelphia,Philadelphia
﻿pit.pa.9006,﻿church,not recorded,English,,,,,,﻿Alexandria,,﻿PA,,,,,,"﻿alternately, 4th Sund.",﻿pat_leavy_901,﻿Rev.,﻿P. Leavy,,,,,,,,1835,,﻿,﻿,﻿Philadelphia,Philadelphia
﻿wil.de.0001,﻿church,﻿St. Peter's Church,English,,,,,﻿New Castle County,﻿Wilmington,﻿Wilmington,﻿DE,﻿DE,39.744655,-75.5483909,,,,﻿pat_kenny_901,﻿Rev.,﻿Patrick Kenny,,,,,,,,1835,,﻿,﻿,﻿Philadelphia,Philadelphia
﻿wil.de.0001,﻿church,﻿St. Peter's Church,English,,,,,﻿New Castle County,﻿Wilmington,﻿Wilmington,﻿DE,,39.744655,-75.5483909,,,,﻿geo_a_carrell_901,﻿Rev.,﻿George A. Carrell,,,,,,,,1835,,﻿,﻿,﻿Philadelphia,Philadelphia
﻿wil.de.0006,﻿church,﻿St. Mary's,English,,,,,﻿New Castle County,﻿Coffee Run,﻿Hockessin,﻿DE,﻿DE,39.7690811,-75.6616973,,,﻿[visited] twice a month [by] Rev. P. Kenny,﻿pat_kenny_901,﻿Rev.,﻿P. Kenny,,,,,,,,1835,,﻿,﻿,﻿Philadelphia,Philadelphia
﻿wil.de.0007,﻿church,﻿St. Peter's,English,,,,,﻿New Castle County,﻿New Castle,﻿New Castle,﻿DE,﻿DE,39.6625154,-75.5646843,,,﻿[visited] occasionally [by] Rev. G. A. Carrell,﻿geo_a_carrell_901,﻿Rev.,﻿G. A. Carrell,,,,,,,,1835,,﻿,﻿,﻿Philadelphia,Philadelphia
﻿new.nj.9000,﻿church,﻿St. Mary's,English,,,,,﻿Atlantic County,﻿Pleasant Mills,﻿Mullica Township,﻿NJ,﻿NJ,39.63816024,-74.64656862,,,﻿[visited] occasionally [by] Rev. Patrick Reily,﻿pat_reilly_901,﻿Rev.,﻿Patrick Reily,,,,,,,,1835,,﻿,﻿,﻿Philadelphia,Philadelphia
﻿new.nj.0102,﻿church,﻿St. John Baptist,English,,,,,﻿Mercer County,﻿Trenton,﻿Trenton,﻿NJ,﻿NJ,40.19908625,-74.7582005,,,,﻿pat_reilly_901,﻿Rev.,﻿Patrick Reily,,,,,,,,1835,,﻿,﻿,﻿Philadelphia,Philadelphia
﻿phi.pa.0144_02,﻿seminary,﻿Theological Seminary,English,,,,,,﻿Philadelphia,,﻿PA,,,,,,,,﻿Rev.,﻿Peter R. Kenrick,,,,,,,,1835,,﻿,﻿,﻿Philadelphia,Philadelphia
﻿phi.pa.9003,﻿academy,﻿Academy for Young Gentlemen,English,﻿S. Fourth street,,,,﻿Philadelphia County,﻿Philadelphia,﻿Philadelphia,﻿PA,﻿PA,,,,,,﻿jer_keiley_901,﻿Rev.,﻿Jeremiah Keily,,,,,,,,1835,,﻿,﻿,﻿Philadelphia,Philadelphia
﻿phi.pa.9004,﻿academy,﻿Academy for Young Gentlemen,English,﻿S. Thirteenth street,,,,﻿Philadelphia County,﻿Philadelphia,﻿Philadelphia,﻿PA,﻿PA,,,,,,﻿joh_hughes_901,﻿Rev.,﻿John Hughes,,,,,,,,1835,,﻿,﻿,﻿Philadelphia,Philadelphia
﻿phi.pa.9004,﻿academy,﻿Young Ladies' Academy,English,﻿S. Thirteenth street,,,,﻿Philadelphia County,﻿Wilmington,﻿Philadelphia,﻿DE,,,,,,,,,,,,,,,﻿Sisters of Charity,,1835,,﻿,﻿,﻿Philadelphia,Philadelphia
﻿pit.pa.9005,﻿convent,﻿St. Clare's Convent,English,,,,,,﻿Pittsburg,,﻿PA,,,,,,,,,,,,,,,,,1835,,﻿,﻿,﻿Philadelphia,Philadelphia
﻿phi.pa.0255,﻿asylum,﻿St. Joseph's Asylum,English,,,,,,﻿Philadelphia,,﻿PA,,,,,,,,,,,,,﻿religious,﻿5 sisters,﻿Sisters of Charity,,1835,,﻿,﻿,﻿Philadelphia,Philadelphia
﻿phi.pa.0028_02,﻿asylum,﻿St. John's Asylum,English,,,,,,﻿Philadelphia,,﻿PA,,,,,,,,,,,,,﻿religious,﻿7 sisters,﻿Sisters of Charity,,1835,,﻿,﻿,﻿Philadelphia,Philadelphia
﻿phi.pa.0004_93,﻿day school,﻿St. John's Day School,English,,,,,,﻿Philadelphia,,﻿PA,,,,,,,,,,,,,﻿religious,﻿5 sisters,﻿Sisters of Charity,,1835,,﻿,﻿,﻿Philadelphia,Philadelphia
﻿phi.pa.9005,﻿school,﻿Sacred Heart School,English,,,,,,﻿Philadelphia,,﻿PA,,,,,,,,,,,,,﻿religious,﻿4 sisters,﻿Sisters of Charity,,1835,,﻿,﻿,﻿Philadelphia,Philadelphia
﻿phi.pa.0005_92,﻿school,﻿St. Mary's Free School,English,,,,,,﻿Philadelphia,,﻿PA,,,,,,,,,,,,,﻿religious,﻿3 sisters,﻿Sisters of Charity,,1835,,﻿,﻿,﻿Philadelphia,Philadelphia
﻿phi.pa.0010_02,﻿school,﻿St. Michael's Free School,English,,,,,,﻿Philadelphia,,﻿PA,,,,,,,,,,,,,﻿religious,﻿3 sisters,﻿Sisters of Charity,,1835,,﻿,﻿,﻿Philadelphia,Philadelphia
﻿wil.de.0001_01,﻿asylum,﻿St. Peter's Asylum,English,,,,,,﻿Wilmington,,﻿DE,,,,,,,,,,,,,﻿religious,﻿3 sisters,﻿Sisters of Charity,,1835,,﻿,﻿,﻿Philadelphia,Philadelphia
﻿wil.de.0001_02,﻿day school,﻿St. Peter's Day School,English,,,,,,﻿Wilmington,,﻿DE,,,,,,,,,,,,,﻿religious,﻿4 sisters,﻿Sisters of Charity,,1835,,﻿,﻿,﻿Philadelphia,Philadelphia
﻿wil.de.0001_02,﻿school,﻿St. John's Baptist,English,,﻿McSherrystown,,,,﻿Conewago,,﻿PA,,,,,,,,,,,,,﻿religious,﻿2 sisters,﻿Sisters of Charity,,1835,,﻿,﻿,﻿Philadelphia,Philadelphia
