instID,church_type,instName,language,instNote,placeName,region,county_orig,county_reg,city_orig,city_reg,state_orig,state_reg,latitude,longitude,attendingInstID,attendingChurch,attendingChurchFrequency,persID,persTitle,persName,persSuffix,persRole,persNote,memberType,member,affiliated,order,year,attendingPersID,attendingChurchNote,diocese,diocese_reg
﻿sanf.ca.0001,﻿cathedral,﻿St. Mary's Cathedral,English,,﻿corner of California and Dupont streets,,,﻿County of San Francisco,﻿San Francisco,﻿San Francisco,﻿CA,,37.792652,-122.405867,,,,﻿jos_s_alemany_001,﻿Most Rev.,﻿Joseph S. Alemany,﻿D.D.,,,,,,,1867,﻿,﻿,﻿San Francisco,SanFrancisco
﻿sanf.ca.0001,﻿cathedral,﻿St. Mary's Cathedral,English,,﻿corner of California and Dupont streets,,,﻿County of San Francisco,﻿San Francisco,﻿San Francisco,﻿CA,,37.792652,-122.405867,,,,﻿jam_crooke_001,﻿Very Rev.,﻿James Crooke,﻿V.G.,﻿Rector,,,,,,1867,﻿,﻿,﻿San Francisco,SanFrancisco
﻿sanf.ca.0001,﻿cathedral,﻿St. Mary's Cathedral,English,,﻿corner of California and Dupont streets,,,﻿County of San Francisco,﻿San Francisco,﻿San Francisco,﻿CA,,37.792652,-122.405867,,,,﻿wil_bowman_001,﻿Rev.,﻿William Bowman,,﻿Secretary of Archbishop,,,,,,1867,﻿,﻿,﻿San Francisco,SanFrancisco
﻿sanf.ca.0001,﻿cathedral,﻿St. Mary's Cathedral,English,,﻿corner of California and Dupont streets,,,﻿County of San Francisco,﻿San Francisco,﻿San Francisco,﻿CA,,37.792652,-122.405867,,,,﻿joh_f_harrington_001,﻿Rev.,﻿John F. Harrington,,﻿Assistant Pastor,,,,,,1867,﻿,﻿,﻿San Francisco,SanFrancisco
﻿sanf.ca.0001,﻿cathedral,﻿St. Mary's Cathedral,English,,﻿corner of California and Dupont streets,,,﻿County of San Francisco,﻿San Francisco,﻿San Francisco,﻿CA,,37.792652,-122.405867,,,,﻿den_nugent_001,﻿Rev.,﻿Denis Nugent,,﻿Assistant Pastor,,,,,,1867,﻿,﻿,﻿San Francisco,SanFrancisco
﻿sanf.ca.0001,﻿cathedral,﻿St. Mary's Cathedral,English,,﻿corner of California and Dupont streets,,,﻿County of San Francisco,﻿San Francisco,﻿San Francisco,﻿CA,,37.792652,-122.405867,,,,﻿mau_mcgrath_001,﻿Rev.,﻿Maurice McGrath,,,,,,,,1867,﻿,﻿,﻿San Francisco,SanFrancisco
﻿sanf.ca.0002,﻿church,﻿St. Francis' Mission,English,,,,,﻿County of San Francisco,﻿San Francisco,﻿San Francisco,﻿CA,,37.764324,-122.427032,,,,﻿joh_prendergast_001,﻿Rev.,﻿John J. Predergast,,﻿Pastor,,,,,,1867,﻿,﻿,﻿San Francisco,SanFrancisco
﻿sanf.ca.0002,﻿church,﻿St. Francis' Mission,English,,,,,﻿County of San Francisco,﻿San Francisco,﻿San Francisco,﻿CA,,37.764324,-122.427032,,,,﻿tho_cushing_001,﻿Rev.,﻿Thomas Cushing,,﻿Assistant Pastor,,,,,,1867,﻿,﻿,﻿San Francisco,SanFrancisco
﻿sanf.ca.0003,﻿church,﻿St. Francis of Assium,English,,﻿Vallejo sreet,,,﻿County of San Francisco,﻿San Francisco,﻿San Francisco,﻿CA,,37.798964,-122.407721,,,,﻿jam_h_aerden_001,﻿Rev.,﻿James H. Aerden,﻿O.S.D.,﻿Pastor,,,,,,1867,﻿,﻿,﻿San Francisco,SanFrancisco
﻿sanf.ca.0003,﻿church,﻿St. Francis of Assium,English,,﻿Vallejo sreet,,,﻿County of San Francisco,﻿San Francisco,﻿San Francisco,﻿CA,,37.798964,-122.407721,,,,﻿hya_derham_001,﻿Rev.,﻿Hyacinth Derham,﻿O.S.D.,﻿Assistant Pastor,,,,,,1867,﻿,﻿,﻿San Francisco,SanFrancisco
﻿sanf.ca.0004,﻿church,﻿St. Patrick's,English,,﻿Market street,,,﻿County of San Francisco,﻿San Francisco,﻿San Francisco,﻿CA,,37.785588,-122.403508,,,,﻿pet_j_grey_001,﻿Rev.,﻿Peter J. Grey,,﻿Pastor,,,,,,1867,﻿,﻿,﻿San Francisco,SanFrancisco
﻿sanf.ca.0004,﻿church,﻿St. Patrick's,English,,﻿Market street,,,﻿County of San Francisco,﻿San Francisco,﻿San Francisco,﻿CA,,37.785588,-122.403508,,,,﻿tho_gibney_001,﻿Rev.,﻿Thomas Gibney,,﻿Assistant Pastor,,,,,,1867,﻿,﻿,﻿San Francisco,SanFrancisco
﻿sanf.ca.0004,﻿church,﻿St. Patrick's,English,,﻿Market street,,,﻿County of San Francisco,﻿San Francisco,﻿San Francisco,﻿CA,,37.785588,-122.403508,,,,﻿wil_slattery_001,﻿Rev.,﻿William Slattery,,﻿Assistant Pastor,,,,,,1867,﻿,﻿,﻿San Francisco,SanFrancisco
﻿sanf.ca.0005,﻿church,﻿St. Ignatius',English,,﻿Market street,,,﻿County of San Francisco,﻿San Francisco,﻿San Francisco,﻿CA,,37.784929,-122.406863,,,,﻿n_congiato_001,﻿Very Rev.,﻿N. Congiato,﻿S.J.,﻿Pastor,,,,﻿and others of thes same Society,,1867,﻿,﻿,﻿San Francisco,SanFrancisco
﻿sanf.ca.0006,﻿church,﻿Notre Dame des Victoires,﻿french,,﻿Bush Street,,,﻿County of San Francisco,﻿San Francisco,﻿San Francisco,﻿CA,,37.79059,-122.406449,,,,﻿joh_molinier_001,﻿Rev.,﻿John Molinier,,﻿Pastor,,,,,,1867,﻿,﻿,﻿San Francisco,SanFrancisco
﻿sanf.ca.0007,﻿church,﻿St. Boniface's,English,,﻿Sutter street,,,﻿County of San Francisco,﻿San Francisco,﻿San Francisco,﻿CA,,37.78167,-122.413081,,,,﻿seb_wolf_001,﻿Rev.,﻿Sebastian Wolf,,﻿Pastor,,,,,,1867,﻿,﻿,﻿San Francisco,SanFrancisco
﻿sanf.ca.0007,﻿church,﻿St. Boniface's,English,,﻿Sutter street,,,﻿County of San Francisco,﻿San Francisco,﻿San Francisco,﻿CA,,37.78167,-122.413081,,,,﻿and_andolshek_001,﻿Rev.,﻿Andrew Andolshek,,﻿Assistant Pastor,,,,,,1867,﻿,﻿,﻿San Francisco,SanFrancisco
﻿sanf.ca.0008,﻿church,﻿St. Joseph's,English,,﻿corner of Tenth and Howard streets,,,﻿County of San Francisco,﻿San Francisco,﻿San Francisco,﻿CA,,37.773751,-122.414434,,,,﻿hug_p_gallagher_001,﻿Rev.,﻿Hugh P. Gallagher,,﻿Pastor,,,,,,1867,﻿,﻿,﻿San Francisco,SanFrancisco
﻿sanf.ca.0008,﻿church,﻿St. Joseph's,English,,﻿corner of Tenth and Howard streets,,,﻿County of San Francisco,﻿San Francisco,﻿San Francisco,﻿CA,,37.773751,-122.414434,,,,﻿jos_a_gallagher_001,﻿Rev.,﻿Joseph A. Gallagher,,﻿Assistant Pastor,,,,,,1867,﻿,﻿,﻿San Francisco,SanFrancisco
﻿sanf.ca.0010,﻿church,﻿St. Bridget's,English,,﻿corner of Vanness and Broadway,,,﻿County of San Francisco,﻿San Francisco,﻿San Francisco,﻿CA,,37.795523,-122.423631,,,,﻿tho_oneill_003,﻿Rev.,﻿Thomas O'Neill,﻿O.S.D.,﻿Pastor,,,,,,1867,﻿,﻿,﻿San Francisco,SanFrancisco
﻿sanf.ca.0010,﻿church,﻿St. Bridget's,English,,﻿corner of Vanness and Broadway,,,﻿County of San Francisco,﻿San Francisco,﻿San Francisco,﻿CA,,37.795523,-122.423631,,,,﻿man_doogan_001,﻿Rev.,﻿Manes Doogan,﻿O.S.D.,﻿Assistant Pastor,,,,,,1867,﻿,﻿,﻿San Francisco,SanFrancisco
﻿sanf.ca.0012,﻿church,not recorded,English,,,,﻿Alameda County,﻿Alameda County,﻿Alvarado,﻿Union City,﻿CA,,37.587258,-122.072567,﻿sanf.ca.0058,﻿attended from Mission of San Jose,,,,,,,,,,,,1867,﻿,﻿,﻿San Francisco,SanFrancisco
﻿sanf.ca.0013,﻿church,﻿Most Holy Rosary,English,,,,﻿Contra Costa County,﻿Contra Costa County,﻿Antioch,﻿Antioch,﻿CA,,38.008316,-121.805635,﻿sanf.ca.0016,﻿attended from Benicia,,,,,,,,,,,,1867,﻿,﻿,﻿San Francisco,SanFrancisco
﻿sanf.ca.0014,﻿church,﻿St. Michael's,English,,,,﻿Calaveras County,﻿Calaveras County,﻿Angels,﻿City of Angels,﻿CA,,38.067783,-120.53853,﻿sanf.ca.0053,﻿attended from San Andreas,,,,,,,,,,,,1867,﻿,﻿,﻿San Francisco,SanFrancisco
﻿sanf.ca.0015,﻿church,﻿St. Teresa's,English,,,,﻿Placer County,﻿Placer County,﻿Auburn,﻿Auburn,﻿CA,,38.933558,-121.100354,﻿sanf.ca.0025,﻿attended from Folsom,,,,,,,,,,,,1867,﻿,﻿,﻿San Francisco,SanFrancisco
﻿sanf.ca.0016,﻿church,﻿St. Dominic's,English,,,,﻿Solano County,﻿Solano County,﻿Benicia,﻿Benicia,﻿CA,,38.048267,-122.150216,,,,﻿fra_s_vilarrasa_001,﻿Very Rev.,﻿Francis S. Vilarrasa,﻿O.P.,﻿Pastor,﻿and others,,,,,1867,﻿,﻿,﻿San Francisco,SanFrancisco
﻿sanf.ca.0017,﻿church,﻿Mount Carmel,English,,,,﻿Tuolumne County,﻿Tuolumne County,﻿Big Oak Flat,﻿Groveland-Big Oak Flat,﻿CA,,37.826033,-120.25519,﻿sanf.ca.0068,﻿attended from Sonora,,,,,,,,,,,,1867,﻿,﻿,﻿San Francisco,SanFrancisco
﻿sanf.ca.0018,﻿church,﻿St. Teresa's,English,,,,﻿Sonoma County,﻿Sonoma County,﻿Bodega,﻿Bodega,﻿CA,,38.345433,-122.973826,﻿sanf.ca.0075,﻿attended from Tomales,,,,,,,,,,,,1867,﻿,﻿,﻿San Francisco,SanFrancisco
﻿sanf.ca.0019,﻿church,﻿St. Martin's,English,,,,﻿Amador County,﻿Amador County,﻿Butte City,﻿Butte City,﻿CA,,38.325762,-120.737048,﻿sanf.ca.0077,﻿attended from Volcano,,,,,,,,,,,,1867,﻿,﻿,﻿San Francisco,SanFrancisco
﻿sanf.ca.0120,﻿church,﻿St. James',English,,,,﻿Calaveras County,﻿Calaveras County,﻿Campo Seco,﻿Campo Seco,﻿CA,,38.222656,-120.857252,,﻿attended from San Andreas,,,,,,,,,,,,1867,﻿,﻿,﻿San Francisco,SanFrancisco
﻿sanf.ca.0020,﻿church,﻿St. Francis Xavier's,English,,,,﻿Tuolumne County,﻿Tuolumne County,﻿Chinese Camp,﻿Chinese Camp,﻿CA,,37.870451,-120.429455,﻿sanf.ca.0068,﻿attended from Sonora,,,,,,,,,,,,1867,﻿,﻿,﻿San Francisco,SanFrancisco
﻿sanf.ca.0021,﻿church,﻿St. John the Baptist's,English,,,,﻿El Dorado County,﻿El Dorado County,﻿Coloma,﻿Coloma,﻿CA,,38.799921,-120.890292,﻿sanf.ca.0049,﻿attended from Placerville,,,,,,,,,,,,1867,﻿,﻿,﻿San Francisco,SanFrancisco
﻿sanf.ca.0022,﻿church,﻿St. Ann's,English,,,,﻿Tuolumne County,﻿Tuolumne County,﻿Columbia,﻿Columbia,﻿CA,,38.03076,-120.404527,,,,﻿ter_j_smith_001,﻿Rev.,﻿Terence J. Smith,,﻿Pastor,,,,,,1867,﻿,﻿,﻿San Francisco,SanFrancisco
﻿sanf.ca.0023,﻿church,﻿St. Ignatius',English,,,,﻿Calaveras County,﻿Calaveras County,﻿Copperopolis,﻿Copperopolis,﻿CA,,37.981036,-120.641872,﻿sanf.ca.0053,﻿attended from San Andreas,,,,,,,,,,,,1867,﻿,﻿,﻿San Francisco,SanFrancisco
﻿sanf.ca.0024,﻿church,﻿Immaculate Conception,English,,,,﻿Mariposa County,﻿Mariposa County,﻿Coulterville,﻿Coulterville,﻿CA,,37.710748,-120.197213,﻿sanf.ca.0024,﻿attended from Mariposa,,,,,,,,,,,,1867,﻿,﻿,﻿San Francisco,SanFrancisco
﻿sanf.ca.0121,﻿church,not recorded,English,,,,﻿Amador County,﻿Amador County,﻿Drytown,﻿Drytown,﻿CA,,,,,﻿attended from Volcano,,,,,,,,,,,,1867,﻿,﻿,﻿San Francisco,SanFrancisco
﻿sanf.ca.0025,﻿church,﻿St. John the Baptist's,English,,,,﻿Sacramento County,﻿Sacramento County,﻿Folsom,﻿Folsom,﻿CA,,38.681493,-121.154055,,,,﻿nea_gallagher_001,﻿Rev.,﻿Neal Gallagher,,﻿Pastor,,,,,,1867,﻿,﻿,﻿San Francisco,SanFrancisco
﻿sanf.ca.0026,﻿church,﻿St. James',English,,,,﻿El Dorado County,﻿El Dorado County,﻿George Town,﻿Georgetown,﻿CA,,38.905893,-120.832834,﻿sanf.ca.0049,﻿attended from Placerville,,,,,,,,,,,,1867,﻿,﻿,﻿San Francisco,SanFrancisco
﻿sanf.ca.0027,﻿church,﻿Immaculate Conception,English,,,,﻿El Dorado County,﻿El Dorado County,﻿Grizzly Flat,﻿Grizzly Flats,﻿CA,,38.638237,-120.526365,﻿sanf.ca.0049,﻿attended from Placerville,,,,,,,,,,,,1867,﻿,﻿,﻿San Francisco,SanFrancisco
﻿sanf.ca.0028,﻿church,﻿St. John the Baptist's,English,,,,﻿Sonoma County,﻿Sonoma County,﻿Healdsburgh,﻿Healdsburg,﻿CA,,38.610431,-122.867755,﻿sanf.ca.0075,﻿attended from Tomales,,,,,,,,,,,,1867,﻿,﻿,﻿San Francisco,SanFrancisco
﻿sanf.ca.0030,﻿church,﻿St. Patrick's,English,,,,﻿Amador County,﻿Amador County,﻿Jackson,﻿Jackson,﻿CA,,38.348802,-120.774102,﻿sanf.ca.0077,﻿attended from Volcano,,,,,,,,,,,,1867,﻿,﻿,﻿San Francisco,SanFrancisco
﻿sanf.ca.0031,﻿church,﻿St. James',English,,,,﻿Tuolumne County,﻿Tuolumne County,﻿James Town,﻿Jamestown,﻿CA,,37.950512,-120.423208,﻿sanf.ca.0068,﻿attended from Sonora,,,,,,,,,,,,1867,﻿,﻿,﻿San Francisco,SanFrancisco
﻿sanf.ca.0032,﻿church,﻿Most Holy Rosary,English,,,,﻿Calaveras County,﻿Tuolumne County,﻿Jeffersonville,﻿Sonora,﻿CA,,37.98006,-120.443197,﻿sanf.ca.0022,﻿attended from Columbia,,,,,,,,,,,,1867,﻿,﻿,﻿San Francisco,SanFrancisco
﻿sanf.ca.0033,﻿church,﻿St. Joseph's,English,,,,﻿San Joaquin County,﻿Stanislaus County,﻿Knight's Ferry,﻿Knights Ferry,﻿CA,,37.820045,-120.668118,﻿sanf.ca.0070,﻿attended from Stockton,,,,,,,,,,,,1867,﻿,﻿,﻿San Francisco,SanFrancisco
﻿sanf.ca.0034,﻿church,﻿St. Louis,English,,,,﻿Stanislaus County,﻿Stanislaus County,﻿La Grange,﻿La Grange,﻿CA,,37.663653,-120.462355,﻿sanf.ca.0024,﻿attended from Mariposa,,,,,,,,,,,,1867,﻿,﻿,﻿San Francisco,SanFrancisco
﻿sanf.ca.0036,﻿church,﻿St. Joseph's,English,,,,﻿Mariposa County,﻿Mariposa County,﻿Mariposa,﻿Mariposa,﻿CA,,37.482281,-119.961971,,,,﻿pet_bermingham_001,﻿Rev.,﻿Peter Bermingham,,﻿Pastor,,,,,,1867,﻿,﻿,﻿San Francisco,SanFrancisco
﻿sanf.ca.0037,﻿church,﻿St. Catharine's,English,,,,﻿Contra Costa County,﻿Contra Costa County,﻿Martinez,﻿Martinez,﻿CA,,38.01462,-122.135101,﻿sanf.ca.0016,﻿attended from Benicia,,,,,,,,,,,,1867,﻿,﻿,﻿San Francisco,SanFrancisco
﻿sanf.ca.0039,﻿church,﻿St. Peter's,English,,,,﻿Calaveras County,﻿Calaveras County,﻿Mokelumne Hill,﻿Mokelumne Hill,﻿CA,,38.300471,-120.706322,﻿sanf.ca.0077,﻿attended from Volcano,,,,,,,,,,,,1867,﻿,﻿,﻿San Francisco,SanFrancisco
﻿sanf.ca.0041,﻿church,not recorded,English,,,,﻿Calaveras County,﻿Calaveras County,﻿Murphy's,﻿Murphys,﻿CA,,38.139979,-120.466549,﻿sanf.ca.0053,﻿attended from San Andreas,,,,,,,,,,,,1867,﻿,﻿,﻿San Francisco,SanFrancisco
﻿sanf.ca.0042,﻿church,﻿St. John the Baptist's,English,,,,﻿Napa County,﻿Napa County,﻿Napa,﻿Napa,﻿CA,,38.307262,-122.289569,,,,﻿pet_l_deyaert_001,﻿Rev.,﻿Peter L. Deyaert,,﻿Pastor,,,,,,1867,﻿,﻿,﻿San Francisco,SanFrancisco
﻿sanf.ca.0043,﻿church,not recorded,English,,,,﻿Santa Clara County,﻿Santa Clara County,﻿New Almaden,﻿New Almaden,﻿CA,,37.17735,-121.820701,﻿sanf.ca.0058,﻿attended from San Jose,,,,,,,,,,,,1867,﻿,﻿,﻿San Francisco,SanFrancisco
﻿sanf.ca.0045,﻿church,﻿St. Mary's,English,,,,﻿Alameda County,﻿Alameda County,﻿Oakland,﻿Oakland,﻿CA,,37.801452,-122.277859,,,,﻿mic_king_001,﻿Rev.,﻿Michael King,,﻿Pastor,,,,,,1867,﻿,﻿,﻿San Francisco,SanFrancisco
﻿sanf.ca.0045,﻿church,﻿St. Mary's,English,,,,﻿Alameda County,﻿Alameda County,﻿Oakland,﻿Oakland,﻿CA,,37.801452,-122.277859,,,,﻿jam_byrne_001,﻿Rev.,﻿James Byrne,,﻿Assistant Pastor,,,,,,1867,﻿,﻿,﻿San Francisco,SanFrancisco
﻿sanf.ca.0045,﻿church,﻿St. Mary's,English,,,,﻿Alameda County,﻿Alameda County,﻿Oakland,﻿Oakland,﻿CA,,37.801452,-122.277859,,,,﻿joh_hodges_001,﻿Rev.,﻿John Hodges,,﻿Assistant Pastor,,,,,,1867,﻿,﻿,﻿San Francisco,SanFrancisco
﻿sanf.ca.0048,﻿church,﻿St. Vincent's,English,,,,﻿Sonoma County,﻿Sonoma County,﻿Petaluma,﻿Petaluma,﻿CA,,38.232417,-122.636652,﻿sanf.ca.0063,﻿attended from San Rafael,,,,,,,,,,,,1867,﻿,﻿,﻿San Francisco,SanFrancisco
﻿sanf.ca.0049,﻿church,﻿St. Patrick's,English,,,,﻿El Dorado County,﻿El Dorado County,﻿Placerville,﻿Placerville,﻿CA,,38.729625,-120.798546,,,,﻿jam_largan_001,﻿Rev.,﻿James Largan,,﻿Pastor,,,,,,1867,﻿,﻿,﻿San Francisco,SanFrancisco
﻿sanf.ca.0050,﻿church,﻿Mount Carmel,English,,,,﻿San Mateo County,﻿San Mateo County,﻿Redwoods,﻿Redwood City,﻿CA,,37.481596,-122.24307,﻿sanf.ca.0061,﻿attended from San Mateo,,,,,,,,,,,,1867,﻿,﻿,﻿San Francisco,SanFrancisco
﻿sanf.ca.0052,﻿church,﻿St. Rose's,English,,,,﻿Sacramento County,﻿Sacramento County,﻿Sacramento,﻿Sacramento,﻿CA,,38.518278,-121.469436,,,,﻿jam_s_cotter_001,﻿Rev.,﻿James S. Cotter,,﻿Pastor,,,,,,1867,﻿,﻿,﻿San Francisco,SanFrancisco
﻿sanf.ca.0052,﻿church,﻿St. Rose's,English,,,,﻿Sacramento County,﻿Sacramento County,﻿Sacramento,﻿Sacramento,﻿CA,,38.518278,-121.469436,,,,﻿pat_scanlon_001,﻿Rev.,﻿Patrick Scanlan,,﻿Assistant Pastor,,,,,,1867,﻿,﻿,﻿San Francisco,SanFrancisco
﻿sanf.ca.0053,﻿church,﻿St. Andrew's,English,,,,﻿Calaveras County,﻿Calaveras County,﻿San Andres,﻿San Andreas,﻿CA,,38.197671,-120.651055,,,,﻿j_f_cassidy_001,﻿Rev.,﻿John F. Cassidy,﻿D.D.,﻿Pastor,,,,,,1867,﻿,﻿,﻿San Francisco,SanFrancisco
﻿sanf.ca.0058,﻿church,﻿St. Joseph's,English,,,,﻿Alameda County,﻿Alameda County,﻿San José Mission,﻿Fremont,﻿CA,,37.534664,-121.920078,,,,﻿jul_federy_001,﻿Rev.,﻿Julian Federy,,﻿Pastor,,,,,,1867,﻿,﻿,﻿San Francisco,SanFrancisco
﻿sanf.ca.0059,﻿church,﻿St. Joseph's,English,,,,﻿Santa Clara County,﻿Santa Clara County,﻿San José Pueblo,﻿San Jose,﻿CA,,37.334838,-121.89057,,,,﻿dio_kenny_001,﻿Rev.,﻿Dionysius Kenny,﻿S.J.,﻿Pastor,,,,,,1867,﻿,﻿,﻿San Francisco,SanFrancisco
﻿sanf.ca.0059,﻿church,﻿St. Joseph's,English,,,,﻿Santa Clara County,﻿Santa Clara County,﻿San José Pueblo,﻿San Jose,﻿CA,,37.334838,-121.89057,,,,﻿ant_goetz_001,﻿Rev.,﻿Anthony Goetz,﻿S.J.,﻿Assistant Pastor,,,,,,1867,﻿,﻿,﻿San Francisco,SanFrancisco
﻿sanf.ca.0059,﻿church,﻿St. Joseph's,English,,,,﻿Santa Clara County,﻿Santa Clara County,﻿San José Pueblo,﻿San Jose,﻿CA,,37.334838,-121.89057,,,,﻿cha_messea_001,﻿Rev.,﻿Charles Messea,﻿S.J.,﻿Assistant Pastor,,,,,,1867,﻿,﻿,﻿San Francisco,SanFrancisco
﻿sanf.ca.0060,﻿church,﻿St. Leander's,English,,,,﻿Alameda County,﻿Alameda County,﻿San Leandro,﻿San Leandro,﻿CA,,37.723701,-122.16014,﻿sanf.ca.0045,﻿attended from Oakland,,,,,,,,,,,,1867,﻿,﻿,﻿San Francisco,SanFrancisco
﻿sanf.ca.0061,﻿church,﻿St. Matthew's,English,,,,﻿San Mateo County,﻿San Mateo County,﻿San Mateo,﻿San Mateo,﻿CA,,37.557692,-122.3217,,,,﻿den_f_dempsey_001,﻿Rev.,﻿Denis F. Dempsey,,﻿Pastor,,,,,,1867,﻿,﻿,﻿San Francisco,SanFrancisco
﻿sanf.ca.0062,﻿church,﻿St. Paul's,English,,,,﻿Contra Costa County,﻿Contra Costa County,﻿San Pablo,﻿San Pablo,﻿CA,,37.962146,-122.345526,﻿sanf.ca.0045,﻿attended from Oakland,,,,,,,,,,,,1867,﻿,﻿,﻿San Francisco,SanFrancisco
﻿sanf.ca.0063,﻿church,﻿St. Rafael's,English,,,,﻿Marin County,﻿Marin County,﻿San Rafael,﻿San Rafael,﻿CA,,37.974992,-122.527369,,,,﻿lou_lootens_001,﻿Rev.,﻿Louis Lootens,,﻿Pastor,,,,,,1867,﻿,﻿,﻿San Francisco,SanFrancisco
﻿sanf.ca.0063,﻿church,﻿St. Rafael's,English,,,,﻿Marin County,﻿Marin County,﻿San Rafael,﻿San Rafael,﻿CA,,37.974992,-122.527369,,,,﻿p_bermingham_001,﻿Rev.,﻿P. Bermingham,,﻿Assistant Pastor,,,,,,1867,﻿,﻿,﻿San Francisco,SanFrancisco
﻿sanf.ca.0064,﻿church,﻿St. Raymond's,English,,,,﻿Alameda County,﻿Contra Costa County,﻿San Ramon,﻿San Ramon,﻿CA,,37.76436,-121.953962,﻿sanf.ca.0045,﻿attended from Oakland,,,,,,,,,,,,1867,﻿,﻿,﻿San Francisco,SanFrancisco
﻿sanf.ca.0065,﻿church,﻿St. Clare's,English,,,,﻿Santa Clara County,﻿Santa Clara County,﻿Santa Clara,﻿Santa Clara,﻿CA,,37.347385,-121.943534,,,,﻿mic_accolti_001,﻿Rev.,﻿Michael Accolti,﻿S.J.,﻿Pastor,,,,,,1867,﻿,﻿,﻿San Francisco,SanFrancisco
﻿sanf.ca.0065,﻿church,﻿St. Clare's,English,,,,﻿Santa Clara County,﻿Santa Clara County,﻿Santa Clara,﻿Santa Clara,﻿CA,,37.347385,-121.943534,,,,﻿lou_bosco_001,﻿Rev.,﻿Louis Bosco,﻿S.J.,﻿Assistant Pastor,,,,,,1867,﻿,﻿,﻿San Francisco,SanFrancisco
﻿sanf.ca.0066,﻿church,﻿St. Rose's,English,,,,﻿Sonoma County,﻿Sonoma County,﻿Santa Rosa,﻿Santa Rosa,﻿CA,,38.492504,-122.739047,﻿sanf.ca.0075,﻿attended from Tomales,,,,,,,,,,,,1867,﻿,﻿,﻿San Francisco,SanFrancisco
﻿sanf.ca.0067,﻿church,﻿St. Francis Solano,English,,,,﻿Sonoma County,﻿Sonoma County,﻿Sonoma,﻿Sonoma,﻿CA,,38.292834,-122.463692,﻿sanf.ca.0056,﻿attended from Napa,,,,,,,,,,,,1867,﻿,﻿,﻿San Francisco,SanFrancisco
﻿sanf.ca.0068,﻿church,﻿St. Patrick's,English,,,,﻿Tuolumne County,﻿Tuolumne County,﻿Sonora,﻿Sonora,﻿CA,,37.98295,-120.382172,,,,﻿lou_a_auger_001,﻿Rev.,﻿Louis A. Auger,,﻿Pastor,,,,,,1867,﻿,﻿,﻿San Francisco,SanFrancisco
﻿sanf.ca.0069,﻿church,﻿Nuestro Señora del Pilar,English,,,,﻿San Mateo County,﻿San Mateo County,﻿Spanish Town,﻿Half Moon Bay,﻿CA,,37.46447,-122.431407,﻿sanf.ca.0061,﻿attended from San Mateo,,,,,,,,,,,,1867,﻿,﻿,﻿San Francisco,SanFrancisco
﻿sanf.ca.0070,﻿church,﻿St. Mary's,English,,,,﻿San Joaquin County,﻿San Joaquin County,﻿Stockton,﻿Stockton,﻿CA,,38.003765,-121.306377,,,,﻿jam_motter_001,﻿Rev.,﻿James Motter,﻿D.D.,﻿Pastor,,,,,,1867,﻿,﻿,﻿San Francisco,SanFrancisco
﻿sanf.ca.0071,﻿church,﻿St. Denis',English,,,,﻿San Mateo County,﻿San Mateo County,﻿Redwoods,﻿Redwood City,﻿CA,,37.420492,-122.218102,﻿sanf.ca.0061,﻿attended from San Mateo,,,,,,,,,,,,1867,﻿,﻿,﻿San Francisco,SanFrancisco
﻿sanf.ca.0072,﻿church,﻿Most Holy Rosary,English,,,,﻿Marin County,﻿Marin County,﻿St. Vincent,﻿San Rafael,﻿CA,,38.034509,-122.526796,,,,﻿lou_lootens_001,﻿Rev.,﻿Louis Lootens,,﻿Pastor,,,,,,1867,﻿,﻿,﻿San Francisco,SanFrancisco
﻿sanf.ca.0072,﻿church,﻿Most Holy Rosary,English,,,,﻿Marin County,﻿Marin County,﻿St. Vincent,﻿San Rafael,﻿CA,,38.034509,-122.526796,,,,﻿pat_hennebery_001,﻿Rev.,﻿Patrick Hennebery,﻿C.P.P.S.,﻿Assistant Pastor,,,,,,1867,﻿,﻿,﻿San Francisco,SanFrancisco
﻿sanf.ca.0073,﻿church,﻿St. Alphonsus Toribius',English,,,,﻿Solano County,﻿Solano County,﻿Suisun,﻿Suisun City,﻿CA,,38.262936,-122.041533,,﻿attended from Napa,,,,,,,,,,,,1867,﻿,﻿,﻿San Francisco,SanFrancisco
﻿sanf.ca.0074,﻿church,not recorded,English,,,,﻿Amador County,﻿Amador County,﻿Sutter Creek,﻿Sutter Creek,﻿CA,,38.392968,-120.802436,﻿sanf.ca.0077,﻿attended from Volcano,,,,,,,,,,,,1867,﻿,﻿,﻿San Francisco,SanFrancisco
﻿sanf.ca.0075,﻿church,﻿The Assumption,English,,,,﻿Marin County,﻿Marin County,﻿Tomales,﻿Tomales,﻿CA,,38.244645,-122.905169,,,,﻿tho_fagan_002,﻿Rev.,﻿Thomas Fagan,,﻿Pastor,,,,,,1867,﻿,﻿,﻿San Francisco,SanFrancisco
﻿sanf.ca.0076,﻿church,﻿St. Vincent Ferrer,English,,,,﻿Solano County,﻿Solano County,﻿Vallejo,﻿Vallejo,﻿CA,,38.105425,-122.258598,﻿sanf.ca.0016,﻿attended from Benicia,,,,,,,,,,,,1867,﻿,﻿,﻿San Francisco,SanFrancisco
﻿sanf.ca.0077,﻿church,﻿St. Bridget's,English,,,,﻿Amador County,﻿Amador County,﻿Volcano,﻿Volcano,﻿CA,,38.444313,-120.630573,,,,﻿pat_walsh_001,﻿Rev.,﻿Patrick Walsh,,﻿Pastor,,,,,,1867,﻿,﻿,﻿San Francisco,SanFrancisco
﻿sanf.ca.0122,﻿seminary,﻿Diocesan Seminary of St. Thomas Aquinas,English,﻿20 students in colleges in Europe,,,,﻿County of San Francisco,﻿San Francisco,﻿San Francisco,﻿CA,,,,,,,﻿joh_j_prendergast_001,﻿Rev.,﻿John J. Prendergast,,﻿President,,﻿student,﻿23 students,,,1867,﻿,﻿,﻿San Francisco,SanFrancisco
﻿sanf.ca.0078,﻿college,﻿St. Mary's College,English,,,,,﻿County of San Francisco,﻿San Francisco,﻿San Francisco,﻿CA,,37.734953,-122.424353,,,,﻿pet_j_grey_001,﻿Rev.,﻿Peter J. Grey,,﻿President,,﻿student,﻿140 students,,,1867,﻿,﻿,﻿San Francisco,SanFrancisco
﻿sanf.ca.0078,﻿college,﻿St. Mary's College,English,,,,,﻿County of San Francisco,﻿San Francisco,﻿San Francisco,﻿CA,,37.734953,-122.424353,,,,﻿ric_brennan_002,﻿Rev.,﻿Richard Brennan,,﻿Vice-President,,﻿student,﻿140 students,,,1867,﻿,﻿,﻿San Francisco,SanFrancisco
﻿sanf.ca.0079,﻿asylum,﻿Female orphan asylum,English,﻿Attached there is a free school,,,,﻿County of San Francisco,﻿San Francisco,﻿San Francisco,﻿CA,,37.785744,-122.403434,,,,,﻿Sister,﻿Frances McEnnis,,﻿Superioress,,﻿religious,﻿12 Sisters,﻿Directed by the Sisters of Charity,,1867,﻿,﻿,﻿San Francisco,SanFrancisco
﻿sanf.ca.0079,﻿asylum,﻿Female orphan asylum,English,﻿Attached there is a free school,,,,﻿County of San Francisco,﻿San Francisco,﻿San Francisco,﻿CA,,37.785744,-122.403434,,,,,,,,,,﻿child,﻿200 orphans,﻿Directed by the Sisters of Charity,,1867,﻿,﻿,﻿San Francisco,SanFrancisco
﻿sanf.ca.0079,﻿asylum,﻿Female orphan asylum,English,﻿Attached there is a free school,,,,﻿County of San Francisco,﻿San Francisco,﻿San Francisco,﻿CA,,37.785744,-122.403434,,,,,,,,,,﻿student,﻿900 pupils,﻿Directed by the Sisters of Charity,,1867,﻿,﻿,﻿San Francisco,SanFrancisco
﻿sanf.ca.0080,﻿asylum,﻿Mount St. Joseph's,English,,﻿Silver Terrace,,,﻿County of San Francisco,﻿San Francisco,﻿San Francisco,﻿CA,,37.735112,-122.393223,,,,,,,,,,﻿child,﻿100 infants,﻿Conducted by the Sisters of Charity,,1867,﻿,﻿,﻿San Francisco,SanFrancisco
﻿sanf.ca.0081,﻿asylum,﻿Female Orphan Asylum,English,,﻿Hayes' Valley,,,﻿County of San Francisco,﻿San Francisco,﻿San Francisco,﻿CA,,37.777398,-122.427535,,,,﻿cat_gross_001,﻿Miss,﻿Catharine Gross,,,,﻿child,﻿25 orphans,,,1867,﻿,﻿,﻿San Francisco,SanFrancisco
﻿sanf.ca.0083,"﻿convent, school",﻿Presentation Convent and Free School,English,,﻿Powell street,,,﻿County of San Francisco,﻿San Francisco,﻿San Francisco,﻿CA,,37.801157,-122.411048,,,,,﻿Mother,﻿Mary Teresa Comerford,,﻿Superioress,,﻿religious,﻿10 Professed Sisters,,,1867,﻿,﻿,﻿San Francisco,SanFrancisco
﻿sanf.ca.0083,"﻿convent, school",﻿Presentation Convent and Free School,English,,﻿Powell street,,,﻿County of San Francisco,﻿San Francisco,﻿San Francisco,﻿CA,,37.801157,-122.411048,,,,,,,,,,﻿religious,﻿5 novices,,,1867,﻿,﻿,﻿San Francisco,SanFrancisco
﻿sanf.ca.0083,"﻿convent, school",﻿Presentation Convent and Free School,English,,﻿Powell street,,,﻿County of San Francisco,﻿San Francisco,﻿San Francisco,﻿CA,,37.801157,-122.411048,,,,,,,,,,﻿student,﻿950 pupils,,,1867,﻿,﻿,﻿San Francisco,SanFrancisco
﻿sanf.ca.0084,﻿hospital,﻿Hospital and Mercy House,English,,﻿Corner of Bryant and First streets,,,﻿County of San Francisco,﻿San Francisco,﻿San Francisco,﻿CA,,37.785654,-122.391779,,,,,﻿Mother,﻿Mary B. Russell,,﻿Superioress,,﻿religious,﻿20 Professed Sisters,﻿Conducted by the Sisters of Mercy,,1867,﻿,﻿,﻿San Francisco,SanFrancisco
﻿sanf.ca.0084,﻿hospital,﻿Hospital and Mercy House,English,,﻿Corner of Bryant and First streets,,,﻿County of San Francisco,﻿San Francisco,﻿San Francisco,﻿CA,,37.785654,-122.391779,,,,,,,,,,﻿religious,﻿4 novices,﻿Conducted by the Sisters of Mercy,,1867,﻿,﻿,﻿San Francisco,SanFrancisco
﻿sanf.ca.0085,﻿school,﻿St. Rose's School,English,﻿for girls,﻿Corner of Fourth and Brennan streets,,,﻿County of San Francisco,﻿San Francisco,﻿San Francisco,﻿CA,,37.787536,-122.436989,,,,,,,,,,﻿religious,﻿6 Sisters of St. Dominic,﻿Conducted by the Sisters of St. Dominic,,1867,﻿,﻿,﻿San Francisco,SanFrancisco
﻿sanf.ca.0085,﻿school,﻿St. Rose's School,English,﻿for girls,﻿Corner of Fourth and Brennan streets,,,﻿County of San Francisco,﻿San Francisco,﻿San Francisco,﻿CA,,37.787536,-122.436989,,,,,,,,,,﻿student,﻿300 pupils,﻿Conducted by the Sisters of St. Dominic,,1867,﻿,﻿,﻿San Francisco,SanFrancisco
﻿sanf.ca.0086,﻿school,﻿Notre Dame Institute,English,﻿Select school for young ladies,﻿at the Mission Dolores,,,﻿County of San Francisco,﻿San Francisco,﻿San Francisco,﻿CA,,37.764194,-122.427666,,,,,,,,,,﻿student,﻿150 pupils,﻿Conducted by a branch of the Sisters of Notre Dame of the Academy of San José,,1867,﻿,﻿,﻿San Francisco,SanFrancisco
﻿sanf.ca.0087,﻿asylum,﻿Magdalen Asylum,English,,﻿On the old San Bruno road,,,﻿County of San Francisco,﻿San Francisco,﻿San Francisco,﻿CA,,37.629165,-122.415553,,,,,,,,,,﻿religious,﻿6 Sisters,﻿Conducted by the Sisters of Mercy,,1867,﻿,﻿,﻿San Francisco,SanFrancisco
﻿sanf.ca.0087,﻿asylum,﻿Magdalen Asylum,English,,﻿On the old San Bruno road,,,﻿County of San Francisco,﻿San Francisco,﻿San Francisco,﻿CA,,37.629165,-122.415553,,,,,,,,,,﻿patient,﻿70 inmates,﻿Conducted by the Sisters of Mercy,,1867,﻿,﻿,﻿San Francisco,SanFrancisco
﻿sanf.ca.0082,﻿school,﻿Free School,English,﻿for boys,"﻿attached to St. Mary's Cathedral, corner of California and Dupont Streets",,,﻿County of San Francisco,﻿San Francisco,﻿San Francisco,﻿CA,,37.785087,-122.411202,,,,,﻿Brother,﻿John,,﻿Principal,,﻿student,﻿350 pupils,﻿Conducted by the Franciscan Brothers,,1867,﻿,﻿,﻿San Francisco,SanFrancisco
﻿sanf.ca.0088,﻿school,﻿Free school,English,,"﻿attached to the Church of St. Francis, Vallejo street",,,﻿County of San Francisco,﻿San Francisco,﻿San Francisco,﻿CA,,37.798964,-122.407721,,,,,,,,,,﻿student,﻿125 pupils,,,1867,﻿,﻿,﻿San Francisco,SanFrancisco
﻿sanf.ca.0089,﻿school,﻿Free school,English,,"﻿attached to St. Patrick's, Market street",,,﻿County of San Francisco,﻿San Francisco,﻿San Francisco,﻿CA,,37.785588,-122.403508,,,,,,,,,,﻿student,﻿200 pupils,,,1867,﻿,﻿,﻿San Francisco,SanFrancisco
﻿sanf.ca.0090,﻿school,﻿Free school,English,,"﻿attached to St. Joseph's, Tenth street",,,﻿County of San Francisco,﻿San Francisco,﻿San Francisco,﻿CA,,37.773751,-122.414434,,,,,,,,,,﻿student,﻿250 pupils,,,1867,﻿,﻿,﻿San Francisco,SanFrancisco
﻿sanf.ca.0091,﻿college,﻿St. Ignatius' College,English,,﻿Market street,,,﻿County of San Francisco,﻿San Francisco,﻿San Francisco,﻿CA,,37.785662,-122.405716,,,,﻿n_congiato_001,﻿Very Rev.,﻿N. Congiato,﻿S.J.,﻿Superior,,﻿student,﻿350 pupils,﻿Conducted by the Fathers of the Society of Jesus,,1867,﻿,﻿,﻿San Francisco,SanFrancisco
﻿sanf.ca.0092,﻿school,﻿German Free school,﻿German,﻿for boys,"﻿attached to St. Boniface's Church, Sutter street",,,﻿County of San Francisco,﻿San Francisco,﻿San Francisco,﻿CA,,37.78167,-122.413081,,,,,,,,,,﻿student,﻿50 pupils,,,1867,﻿,﻿,﻿San Francisco,SanFrancisco
﻿sanf.ca.0093,﻿asylum,﻿Male orphan asylum,English,,,,﻿Marin County,﻿Marin County,﻿San Rafael,﻿San Rafael,﻿CA,,38.034433,-122.525767,,,,﻿lou_lootens_001,﻿Rev.,﻿Louis Lootens,,,,﻿child,﻿133 orphans,,,1867,﻿,﻿,﻿San Francisco,SanFrancisco
﻿sanf.ca.0095,﻿college,﻿Santa Clara College,English,,,,,﻿Santa Clara County,﻿Santa Clara,﻿Santa Clara,﻿CA,,37.349371,-121.941625,,,,﻿a_masnata_001,﻿Very Rev.,﻿A. Masnata,﻿S.J.,﻿President,,﻿student,﻿130 students,﻿Conducted by the Fathers of the Society of Jesus,,1867,﻿,﻿,﻿San Francisco,SanFrancisco
﻿sanf.ca.0094,﻿convent,﻿Dominican convent,English,,,,,﻿Solano County,﻿Benicia,﻿Benicia,﻿CA,,38.054643,-122.154553,,,,﻿fra_s_vilarrasa_001,﻿Very Rev.,﻿Francis S. Vilarrasa,﻿O.P.,﻿Superior,,﻿laybrother,﻿4 lay brothers,,,1867,﻿,﻿,﻿San Francisco,SanFrancisco
﻿sanf.ca.0094,﻿convent,﻿Dominican convent,English,,,,,﻿Solano County,﻿Benicia,﻿Benicia,﻿CA,,38.054643,-122.154553,,,,﻿vin_vinyes_001,﻿Rev.,﻿Vincent Vinyes,﻿O.P.,,,﻿laybrother,﻿4 lay brothers,,,1867,﻿,﻿,﻿San Francisco,SanFrancisco
﻿sanf.ca.0094,﻿convent,﻿Dominican convent,English,,,,,﻿Solano County,﻿Benicia,﻿Benicia,﻿CA,,38.054643,-122.154553,,,,﻿f_migliorini_001,﻿Rev.,﻿F. Migliorini,﻿O.P.,,,﻿laybrother,﻿4 lay brothers,,,1867,﻿,﻿,﻿San Francisco,SanFrancisco
﻿sanf.ca.0094,﻿convent,﻿Dominican convent,English,,,,,﻿Solano County,﻿Benicia,﻿Benicia,﻿CA,,38.054643,-122.154553,,,,﻿lou_daniels_001,﻿Rev.,﻿Louis Daniel,﻿O.P.,,,﻿laybrother,﻿4 lay brothers,,,1867,﻿,﻿,﻿San Francisco,SanFrancisco
﻿sanf.ca.0094,﻿convent,﻿Dominican convent,English,,,,,﻿Solano County,﻿Benicia,﻿Benicia,﻿CA,,38.054643,-122.154553,,,,﻿pat_callaghan_001,﻿Rev.,﻿Patrick Callaghan,﻿O.P.,,,﻿laybrother,﻿4 lay brothers,,,1867,﻿,﻿,﻿San Francisco,SanFrancisco
﻿sanf.ca.0094,﻿convent,﻿Dominican convent,English,,,,,﻿Solano County,﻿Benicia,﻿Benicia,﻿CA,,38.054643,-122.154553,,,,﻿jor_caldwell_001,﻿Rev.,﻿Jordan Caldwell,﻿O.P.,,,﻿laybrother,﻿4 lay brothers,,,1867,﻿,﻿,﻿San Francisco,SanFrancisco
﻿sanf.ca.0096,"﻿convent, academy",﻿St. Catharine's Convent and Female Academy,English,,,,,﻿Solano County,﻿Benicia,﻿Benicia,﻿CA,,38.054787,-122.155962,,,,,,,,,,﻿religious,﻿20 Professed Sisters,﻿Under the care of the Sisters of St. Dominic,,1867,﻿,﻿,﻿San Francisco,SanFrancisco
﻿sanf.ca.0096,"﻿convent, academy",﻿St. Catharine's Convent and Female Academy,English,,,,,﻿Solano County,﻿Benicia,﻿Benicia,﻿CA,,38.054787,-122.155962,,,,,,,,,,﻿religious,﻿2 novices,﻿Under the care of the Sisters of St. Dominic,,1867,﻿,﻿,﻿San Francisco,SanFrancisco
﻿sanf.ca.0097,"﻿convent, academy",﻿Convent and Academy of Notre Dame,English,,,,,﻿Santa Clara County,﻿Pueblo of San José,﻿San Jose,﻿CA,,37.328313,-121.882552,,,,,﻿Sister,﻿Mary Cornelia,,﻿Superioress,,﻿religious,﻿20 professed Sisters,﻿Conducted by the Sisters of Notre Dame,,1867,﻿,﻿,﻿San Francisco,SanFrancisco
﻿sanf.ca.0097,"﻿convent, academy",﻿Convent and Academy of Notre Dame,English,,,,,﻿Santa Clara County,﻿Pueblo of San José,﻿San Jose,﻿CA,,37.328313,-121.882552,,,,,,,,,,﻿religious,﻿6 novices,﻿Conducted by the Sisters of Notre Dame,,1867,﻿,﻿,﻿San Francisco,SanFrancisco
﻿sanf.ca.0101,﻿school,﻿Santa Clara's Young Ladies' Day School,English,,,,,﻿Santa Clara County,﻿Santa Clara,﻿Santa Clara,﻿CA,,37.77493,-122.419415,,,,,,,,,,﻿student,﻿80 pupils,﻿Conducted by the Sisters of Notre Dame,,1867,﻿,﻿,﻿San Francisco,SanFrancisco
﻿sanf.ca.0102,﻿school,﻿Free school,English,﻿for boys,﻿attached to St. Mary's Church,,,﻿Alameda County,﻿Oakland,﻿Oakland,﻿CA,,37.801452,-122.277859,,,,,,,,,,﻿student,﻿40 pupils,,,1867,﻿,﻿,﻿San Francisco,SanFrancisco
﻿sanf.ca.0103,﻿school,﻿Free school,English,﻿for boys,﻿attached to St. Rose's Church,,,﻿Sacramento County,﻿Sacramento,﻿Sacramento,﻿CA,,38.518278,-121.469436,,,,,,,,,,﻿student,﻿100 pupils,,,1867,﻿,﻿,﻿San Francisco,SanFrancisco
﻿sanf.ca.0104,﻿school,﻿Free school,English,﻿for girls,,,,﻿Sacramento County,﻿Sacramento,﻿Sacramento,﻿CA,,38.518278,-121.469436,,,,,,,,,,﻿student,﻿250 pupils,﻿Conducted by the Sisters of Mercy,,1867,﻿,﻿,﻿San Francisco,SanFrancisco
﻿sanf.ca.0105,﻿school,﻿Free school,English,﻿for girls,,,,﻿Santa Clara County,﻿Pueblo of San José,﻿San Jose,﻿CA,,37.33874,-121.885252,,,,,,,,,,﻿student,﻿60 pupils,﻿Conducted by the Sisters of Notre Dame,,1867,﻿,﻿,﻿San Francisco,SanFrancisco
﻿sanf.ca.0106,﻿school,﻿Free school,English,,﻿attached to St. Ann's Church,,﻿Tuolumne County,﻿Tuolumne County,﻿Columbia,﻿Columbia,﻿CA,,38.03076,-120.404527,,,,,,,,,,﻿student,﻿80 pupils,,,1867,﻿,﻿,﻿San Francisco,SanFrancisco
﻿sanf.ca.0107,﻿school,﻿Free school,English,﻿for boys,,,,﻿Tuolumne County,﻿Sonora,﻿Sonora,﻿CA,,37.98295,-120.382172,,,,,,,,,,﻿student,﻿75 pupils,,,1867,﻿,﻿,﻿San Francisco,SanFrancisco
﻿sanf.ca.0118,﻿school,﻿Free school,English,,,,,﻿El Dorado County,﻿Placerville,﻿Placerville,﻿CA,,,,,,,,,,,,,﻿student,﻿50 pupils,,,1867,﻿,﻿,﻿San Francisco,SanFrancisco
﻿sanf.ca.0108,﻿school,﻿Free school,English,﻿for boys,﻿attached to St. Mary's Church,,,﻿San Joaquin County,﻿Stockton,﻿Stockton,﻿CA,,37.951198,-121.287463,,,,,,,,,,﻿student,﻿60 pupils,,,1867,﻿,﻿,﻿San Francisco,SanFrancisco
﻿sanf.ca.0109,﻿school,﻿Free school,English,,,,,﻿Calaveras County,﻿San Andres,﻿San Andreas,﻿CA,,38.19603,-120.680487,,,,,,,,,,﻿student,﻿50 pupils,,,1867,﻿,﻿,﻿San Francisco,SanFrancisco
﻿sanf.ca.0110,﻿school,﻿Free school,English,﻿for boys,﻿at the Mission,,,﻿County of San Francisco,﻿San Francisco,﻿San Francisco,﻿CA,,37.764333,-122.426831,,,,,,,,,,﻿student,﻿100 boys,,,1867,﻿,﻿,﻿San Francisco,SanFrancisco
﻿sanf.ca.0111,﻿school,﻿Free school,English,﻿for girls,﻿at the Mission,,,﻿County of San Francisco,﻿San Francisco,﻿San Francisco,﻿CA,,37.764333,-122.426831,,,,,,,,,,﻿religious,﻿5 sisters,﻿Conducted by the Sisters of Notre Dame,,1867,﻿,﻿,﻿San Francisco,SanFrancisco
﻿sanf.ca.0111,﻿school,﻿Free school,English,﻿for girls,﻿at the Mission,,,﻿County of San Francisco,﻿San Francisco,﻿San Francisco,﻿CA,,37.764333,-122.426831,,,,,,,,,,﻿student,﻿100 girls,﻿Conducted by the Sisters of Notre Dame,,1867,﻿,﻿,﻿San Francisco,SanFrancisco
﻿sanf.ca.0119,﻿school,﻿Free school,English,﻿for girls,,,,﻿Santa Clara County,﻿Santa Clara,﻿Santa Clara,﻿CA,,,,,,,,,,,,,﻿student,﻿50 pupils,﻿Conducted by the Sisters of Notre Dame,,1867,﻿,﻿,﻿San Francisco,SanFrancisco
﻿sanf.ca.0112,﻿school,﻿Free school,English,,,,,﻿Solano County,﻿Vallejo,﻿Vallejo,﻿CA,,38.111731,-122.2427,,,,,,,,,,﻿student,﻿60 pupils,,,1867,﻿,﻿,﻿San Francisco,SanFrancisco
﻿sanf.ca.0117,﻿school,﻿Free school,English,﻿for boys,,,,﻿Solano County,﻿Benicia,﻿Benicia,﻿CA,,,,,,,,,,,,,﻿student,﻿40 pupils,,,1867,﻿,﻿,﻿San Francisco,SanFrancisco
﻿sanf.ca.0113,﻿school,﻿Free school,English,,,,,﻿Sonoma County,﻿Petaluma,﻿Petaluma,﻿CA,,38.232417,-122.636652,,,,,,,,,,﻿student,﻿60 pupils,,,1867,﻿,﻿,﻿San Francisco,SanFrancisco
﻿sanf.ca.0115,﻿school,﻿Free school,English,,,,,﻿Sacramento County,﻿Folsom,﻿Folsom,﻿CA,,38.67195,-121.161294,,,,,,,,,,﻿student,﻿50 pupils,,,1867,﻿,﻿,﻿San Francisco,SanFrancisco
﻿sanf.ca.0116,﻿school,﻿Free school,English,,,,,﻿Amador County,﻿Sutter Creek,﻿Sutter Creek,﻿CA,,38.392968,-120.802436,,,,,,,,,,﻿student,﻿40 pupils,,,1867,﻿,﻿,﻿San Francisco,SanFrancisco
