instID,church_type,instName,language,instNote,placeName,region,county_orig,county_reg,city_orig,city_reg,state_orig,state_reg,latitude,longitude,attendingInstID,attendingChurch,attendingChurchFrequency,persID,persTitle,persName,persSuffix,persRole,persNote,memberType,member,affiliated,order,year,attendingPersID,attendingChurchNote,diocese,diocese_reg
﻿stp.mn.0001,﻿cathedral,﻿Cathedral of St. Paul,English,,,,﻿Ramsey County,﻿Ramsey County,﻿St. Paul,﻿St. Paul,﻿MN,,44.94591782,-93.09664594,,,,,﻿Rt. Rev.,﻿Thomas L. Grace,,﻿Bishop,,,,,,1870,﻿,﻿,﻿St. Paul,StPaul
﻿stp.mn.0001,﻿cathedral,﻿Cathedral of St. Paul,English,,,,﻿,﻿,﻿St. Paul,﻿St. Paul,﻿MN,,44.94591782,-93.09664594,,,,,﻿Very Rev.,﻿A. Ravoux,,,,,,,,1870,﻿,﻿,﻿St. Paul,StPaul
﻿stp.mn.0001,﻿cathedral,﻿Cathedral of St. Paul,English,,,,﻿,﻿,﻿St. Paul,﻿St. Paul,﻿MN,,44.94591782,-93.09664594,,,,,﻿Rev.,﻿John Ireland,,﻿Pastor of the Parish,,,,,,1870,﻿,﻿,﻿St. Paul,StPaul
﻿stp.mn.0001,﻿cathedral,﻿Cathedral of St. Paul,English,,,,﻿,﻿,﻿St. Paul,﻿St. Paul,﻿MN,,44.94591782,-93.09664594,,,,,﻿Rev.,﻿William Riordan,,﻿Assistant,,,,,,1870,﻿,﻿,﻿St. Paul,StPaul
﻿stp.mn.0001,﻿cathedral,﻿Cathedral of St. Paul,English,,,,﻿,﻿,﻿St. Paul,﻿St. Paul,﻿MN,,44.94591782,-93.09664594,,,,,﻿Rev.,﻿Maurice Murphy,,﻿Assistant,,,,,,1870,﻿,﻿,﻿St. Paul,StPaul
﻿stp.mn.0001,﻿cathedral,﻿Cathedral of St. Paul,English,,,,﻿,﻿,﻿St. Paul,﻿St. Paul,﻿MN,,44.94591782,-93.09664594,,,,,﻿Rev.,﻿D. Reville,﻿O.S.D.,﻿Assistant,,,,,,1870,﻿,﻿,﻿St. Paul,StPaul
﻿stp.mn.0002,﻿church,﻿Assumption Church,﻿German,﻿St. Peter's Benevlolent Society,,,﻿Ramsey County,﻿Ramsey County,﻿St. Paul,﻿St. Paul,﻿MN,,44.94852548,-93.09970652,,,,,﻿Rev.,﻿Clement Staub,﻿O.S.B.,,,,,,,1870,﻿,﻿,﻿St. Paul,StPaul
﻿stp.mn.0002,﻿church,﻿Assumption Church,﻿German,﻿St. Peter's Benevlolent Society,,,﻿,﻿,﻿St. Paul,﻿St. Paul,﻿MN,,44.94852548,-93.09970652,,,,,﻿Rev.,﻿Othman Wirz,﻿O.S.B.,,,,,,,1870,﻿,﻿,﻿St. Paul,StPaul
﻿stp.mn.0003,﻿church,﻿St. Mary's Church,English,,,,﻿Ramsey County,﻿Ramsey County,﻿St. Paul,﻿St. Paul,﻿MN,,44.95447596,-93.08448104,,,,,﻿Rev.,﻿L. Caillet,,,,,,,,1870,﻿,﻿,﻿St. Paul,StPaul
﻿stp.mn.0004,﻿church,﻿St. Louis's Church,﻿French,,,,﻿Ramsey County,﻿Ramsey County,﻿St. Paul,﻿St. Paul,﻿MN,,44.95017135,-93.09659621,,,,,﻿Rev.,﻿A. Schirmer,,,,,,,,1870,﻿,﻿,﻿St. Paul,StPaul
﻿stp.mn.0005,﻿chapel,﻿Chapel of St. Joseph,English,,,,﻿Ramsey County,﻿Ramsey County,﻿St. Paul,﻿St. Paul,﻿MN,,44.94931963,-93.11555164,﻿stp.mn.0001,﻿Attended from the Cathedral,,,,,,,,,,,,1870,﻿,﻿,﻿St. Paul,StPaul
﻿stp.mn.0006,﻿church,﻿St. Michael's Church,English,,﻿West St. Paul,,﻿Ramsey County,﻿Ramsey County,﻿St. Paul,﻿St. Paul,﻿MN,,44.93491832,-93.08211982,﻿stp.mn.0001,﻿Attended from the Cathedral,,,,,,,,,,,,1870,﻿,﻿,﻿St. Paul,StPaul
﻿stp.mn.0007,﻿church,﻿St. John's Church,English,,,,,﻿Ramsey,﻿New Canada,﻿Little Canada,﻿MN,,45.02058527,-93.08524839,,﻿,,﻿jos_goiffon_001,﻿Rev.,﻿J. Goiffon,,,,,,,,1870,﻿,﻿,﻿St. Paul,StPaul
﻿stp.mn.0008,﻿church,﻿Church of St. Stephen,English,,,,﻿Anoka County,﻿Anoka County,﻿Anoka,﻿Anoka,﻿MN,,45.199199,-93.38274,﻿stp.mn.0073,﻿Visited by Rev. Prosper Maurer of Dayton,,,﻿Rev.,﻿Prosper Maurer,,,﻿of Dayton,,,,,1870,﻿,﻿,﻿St. Paul,StPaul
﻿stp.mn.0009,﻿church,﻿Church of St. Genevieve,English,,,,﻿Anoka County,﻿Anoka County,﻿Centreville,﻿Centerville,﻿MN,,45.1635477,-93.0580282,﻿stp.mn.0007,﻿Visited by Rev. Joseph Goiffon of Little Canada,,,﻿Rev.,﻿Joseph Goiffon,,,﻿of Little Canada,,,,,1870,﻿,﻿,﻿St. Paul,StPaul
﻿stp.mn.0010,﻿station,not recorded,English,,,,﻿Anoka County,﻿Anoka County,﻿St. Francis,﻿St. Francis,﻿MN,,45.3974847,-93.387922,﻿stp.mn.0073,﻿Visited by Rev. Prosper Maurer,,,﻿Rev.,﻿Prosper Maurer,,,,,,,,1870,﻿,﻿,﻿St. Paul,StPaul
﻿stp.mn.0011,﻿church,﻿Sauk Rapids Church,English,,,,﻿Benton County,﻿Benton County,,﻿Sauk Rapids,﻿MN,,45.5919097,-94.1661011,﻿stp.mn.0221,﻿Visited by Rev. Augustine Burns of St. Louis Abbey,,﻿aug_burns_001,﻿Rev.,﻿Augustine Burns,,,﻿of St. Louis Abbey,,,,,1870,﻿,﻿,﻿St. Paul,StPaul
﻿stp.mn.0012,﻿church,﻿Church of St. Philip,English,,,,﻿Blue Earth County,﻿Blue Earth County,﻿Mankato,﻿Mankato,﻿MN,,44.1635775,-93.9993996,,﻿,,,﻿Rev.,﻿V. Sommereisen,,,,,,,,1870,﻿,﻿,﻿St. Paul,StPaul
﻿stp.mn.0013,﻿station,not recorded,English,,﻿Agency,,﻿Blue Earth County,﻿Blue Earth County,﻿Winnebago,﻿St. Clair,﻿MN,,44.07663438,-93.85857427,﻿stp.mn.0014,﻿Visited by Rev. V. Sommereisen,,,,,,,,,,,,1870,﻿,﻿,﻿St. Paul,StPaul
﻿stp.mn.0014,﻿station,not recorded,English,,,,﻿Blue Earth County,﻿Blue Earth County,﻿Watowan,,﻿MN,,44.02557614,-94.22840962,,﻿,,,﻿Rev.,﻿V. Sommereisen,,,,,,,,1870,﻿,﻿,﻿St. Paul,StPaul
﻿stp.mn.0017,﻿church,﻿Church of the Holy Trinity,English,,,,﻿Brown County,﻿Brown County,﻿New Ulm,﻿New Ulm,﻿MN,,44.3144394,-94.4593018,,﻿,,,﻿Rev.,﻿Alex Berghold,,,,,,,,1870,﻿,﻿,﻿St. Paul,StPaul
﻿stp.mn.0018,﻿church,﻿Church of St. Lambert,English,,,,﻿Brown County,﻿Brown County,﻿Cottonwood,﻿Cottonwood Township,﻿MN,,44.2194977,-94.4182089,﻿stp.mn.0017,﻿Visited by Rev. A. Berghold,,﻿ale_berghold_001,﻿Rev.,﻿A. Berghold,,,,,,,,1870,﻿,﻿,﻿St. Paul,StPaul
﻿stp.mn.0019,﻿church,﻿Church of St. Joseph,English,,,,﻿Carver County,﻿Carver County,﻿Waconia,﻿Waconia,﻿MN,,44.8494557,-93.7858807,,﻿,,,﻿Rev.,﻿F. Toplak,,,,,,,,1870,﻿,﻿,﻿St. Paul,StPaul
﻿stp.mn.0020,﻿church,﻿Church of Guardian Angels,English,,,,﻿Carver County,﻿Carver County,﻿Chaska,﻿Chaska,﻿MN,,44.7851596,-93.602783,,﻿,,,﻿Rev.,﻿M. Mayer,,,,,,,,1870,﻿,﻿,﻿St. Paul,StPaul
﻿stp.mn.0021,﻿church,﻿Church of Immaculate Conception,English,,,,﻿Carver County,﻿Carver County,﻿Watertown,﻿Watertown,﻿MN,,44.9649288,-93.8491794,,﻿,,,﻿Rev.,﻿C. Robert,,,,,,,,1870,﻿,﻿,﻿St. Paul,StPaul
﻿stp.mn.0022,﻿church,﻿Church of St. Bernard,English,,,,﻿Carver County,﻿Carver County,﻿Benton,﻿Benton Township,﻿MN,,44.7672739,-93.8451731,﻿stp.mn.0020,﻿Visited by Rev. M. Mayer,,,﻿Rev.,﻿M. Mayer,,,,,,,,1870,﻿,﻿,﻿St. Paul,StPaul
﻿stp.mn.0023,﻿church,﻿Church of St. Hubert,English,,,,﻿Carver County,﻿Carver County,﻿Chanhassan,﻿Chanhassan,﻿MN,,44.8553612,-93.532154,﻿stp.mn.0020,﻿Visited by Rev. M. Mayer,,,﻿Rev.,﻿M. Mayer,,,,,,,,1870,﻿,﻿,﻿St. Paul,StPaul
﻿stp.mn.0024,﻿church,﻿Church of St. Victoria,English,,,,﻿Carver County,﻿Carver County,﻿Laketown,﻿Laketown Township,﻿MN,,44.8546576,-93.661907,﻿stp.mn.0020,﻿Visited by Rev. M. Mayer,,,﻿Rev.,﻿M. Mayer,,,,,,,,1870,﻿,﻿,﻿St. Paul,StPaul
﻿stp.mn.0025,﻿church,﻿Young America Church,English,,,,﻿Carver County,﻿Carver County,,﻿Norwood Young American,﻿MN,,44.7809286,-93.9129135,﻿stp.mn.0019,﻿Visited by Rev. F. Toplak,,,﻿Rev.,﻿F. Toplak,,,,,,,,1870,﻿,﻿,﻿St. Paul,StPaul
﻿stp.mn.0026,﻿station,not recorded,English,,,,﻿Carver County,﻿Carver County,﻿San Francisco,﻿San Fransciso Township,﻿MN,,44.6963713,-93.7232005,﻿stp.mn.0020,﻿Visited by Rev. M. Mayer,,,﻿Rev.,﻿M. Mayer,,,,,,,,1870,﻿,﻿,﻿St. Paul,StPaul
﻿stp.mn.0027,﻿station,not recorded,English,,,,﻿Chisago County,﻿Chisago County,﻿Taylor's Falls,﻿Taylor's Falls,﻿MN,,45.4019062,-92.6524292,﻿stp.mn.0203,﻿Visited by Rev. Thomas Murray of Stillwater,,,﻿Rev.,﻿Thomas Murray,,,﻿of Stillwater,,,,,1870,﻿,﻿,﻿St. Paul,StPaul
﻿stp.mn.0028,﻿station,not recorded,English,,,,﻿Chisago County,﻿Chisago County,﻿Sunrise,﻿Sunrise,﻿MN,,45.5469049,-92.8549364,﻿stp.mn.0203,﻿Visited by Rev. Thomas Murray of Stillwater,,,﻿Rev.,﻿Thomas Murray,,,﻿of Stillwater,,,,,1870,﻿,﻿,﻿St. Paul,StPaul
﻿stp.mn.0029,﻿station,not recorded,English,,,,﻿Chisago County,﻿Chisago County,﻿Wyoming,﻿Wyoming,﻿MN,,45.3375,-92.9980556,﻿stp.mn.0203,﻿Visited by Rev. Thomas Murray of Stillwater,,,﻿Rev.,﻿Thomas Murray,,,﻿of Stillwater,,,,,1870,﻿,﻿,﻿St. Paul,StPaul
﻿stp.mn.0030,﻿station,not recorded,English,,,,﻿Chisago County,﻿Chisago County,﻿Rusheba,﻿Rusheba Township,﻿MN,,45.6961645,-92.9112093,﻿stp.mn.0203,﻿Visited by Rev. Thomas Murray of Stillwater,,,﻿Rev.,﻿Thomas Murray,,,﻿of Stillwater,,,,,1870,﻿,﻿,﻿St. Paul,StPaul
﻿stp.mn.0031,﻿church,﻿Church of St. Francis Xavier,English,,,,﻿Crow Wing County,﻿Crow Wing County,﻿Crow Wing,﻿Crow Wing,﻿MN,,46.2799671,-94.2924998,,,,﻿fra_x_pierz_001,﻿Rev.,﻿F. Pierz,,,,,,,,1870,﻿,﻿,﻿St. Paul,StPaul
﻿stp.mn.0032,﻿church,﻿Church of the Guardian Angels,English,,,,﻿Dakota County,﻿Dakota County,﻿Hastings,﻿Hastings,﻿MN,,44.7419815,-92.8505325,,﻿,,,﻿Rev.,﻿James Halton,,,,,,,,1870,﻿,﻿,﻿St. Paul,StPaul
﻿stp.mn.0033,﻿church,﻿Church of St. Peter,English,,,,﻿Dakota County,﻿Dakota County,﻿Mendota,﻿Mendota,﻿MN,,44.8857158,-93.1683167,,﻿,,,﻿Rev.,﻿P. Glennan,,,,,,,,1870,﻿,﻿,﻿St. Paul,StPaul
﻿stp.mn.0034,﻿church,﻿Church of St. John,English,,,,﻿Dakota County,﻿Dakota County,﻿Burnsville,﻿Burnsville,﻿MN,,44.7677424,-93.2777226,,﻿,,,﻿Rev.,﻿A. Oster,,,,,,,,1870,﻿,﻿,﻿St. Paul,StPaul
﻿stp.mn.0035,﻿church,﻿Church of the Blessed Virgin,English,,,,﻿Dakota County,﻿Dakota County,﻿New Treves,﻿New Trier,﻿MN,,44.601356,-92.934097,,﻿,,,﻿Rev.,﻿P. Bayer,,,,,,,,1870,﻿,﻿,﻿St. Paul,StPaul
﻿stp.mn.0036,﻿church,﻿Church of St. Patrick,English,,,,﻿Dakota County,﻿Dakota County,﻿Invergrove,﻿Inver Grove Heights,﻿MN,,44.8452429,-93.0338269,﻿stp.mn.0033,﻿Visited by Rev. P. Glennan,,,﻿Rev.,﻿P. Glennan,,,,,,,,1870,﻿,﻿,﻿St. Paul,StPaul
﻿stp.mn.0037,﻿church,not recorded,English,,,,﻿Dakota County,﻿Dakota County,﻿Bellwood,﻿Marshan Township,﻿MN,,44.6832366,-92.8776638,﻿stp.mn.0032,﻿Visited by Rev. James Halton,,,﻿Rev.,﻿James Halton,,,,,,,,1870,﻿,﻿,﻿St. Paul,StPaul
﻿stp.mn.0038,﻿church,not recorded,English,,,,﻿Dakota County,﻿Dakota County,﻿Lakeville,﻿Lakeville,﻿MN,,44.6496868,-93.24272,﻿stp.mn.0034,﻿Visited by Rev. A. Oster,,,﻿Rev.,﻿A. Oster,,,,,,,,1870,﻿,﻿,﻿St. Paul,StPaul
﻿stp.mn.0039,﻿station,not recorded,English,,,,﻿Dakota County,﻿Dakota County,﻿Lewiston,﻿Sciota Township,﻿MN,,44.4997016,-93.0676373,﻿stp.mn.0035,﻿Visited by Rev. P. Bayer,,,﻿Rev.,﻿P. Bayer,,,,,,,,1870,﻿,﻿,﻿St. Paul,StPaul
﻿stp.mn.0040,﻿station,not recorded,English,,,,﻿Dakota County,﻿Dakota County,﻿Farmington,﻿Farmington,﻿MN,,44.6402434,-93.1435497,﻿stp.mn.0135,﻿Visited by Rev. Ralph Haase,,,﻿Rev.,﻿Ralph Haase,,,,,,,,1870,﻿,﻿,﻿St. Paul,StPaul
﻿stp.mn.0041,﻿church,not recorded,English,﻿church in course of erection,,,﻿Dodge County,﻿Dodge County,﻿Mantorville,﻿Mantorville,﻿MN,,44.0691307,-92.7557456,﻿stp.mn.0120,﻿Visited by Rev. Thomas O'Gorman,,,﻿Rev.,﻿Thomas O'Gorman,,,,,,,,1870,﻿,﻿,﻿St. Paul,StPaul
﻿stp.mn.0042,﻿station,not recorded,English,,,,﻿Dodge County,﻿Dodge County,﻿Rice Lake,,﻿MN,,43.9842889,-92.8577105,﻿stp.mn.0129,﻿Visited by Rev. George Keller,,﻿geo_keller_001,﻿Rev.,﻿George Keller,,,,,,,,1870,﻿,﻿,﻿St. Paul,StPaul
﻿stp.mn.0043,﻿station,not recorded,English,,,,﻿Douglas County,﻿Douglas County,﻿Osakis,﻿Osakis,﻿MN,,45.866908,-95.1522522,﻿stp.mn.0221,﻿Visited by Rev. A. Burns O.S.B. of St. Louis Abbey,,﻿aug_burns_001,﻿Rev.,﻿Augustine Burns,﻿O.S.B.,,﻿of St. Louis Abbey,,,,,1870,﻿,﻿,﻿St. Paul,StPaul
﻿stp.mn.0044,﻿station,not recorded,English,,,,﻿Douglas County,﻿Douglas County,﻿Alexandria,﻿Alexandria,﻿MN,,45.8848164,-95.3776663,﻿stp.mn.0221,﻿Visited by Rev. A. Burns O.S.B. of St. Louis Abbey,,﻿aug_burns_001,﻿Rev.,﻿Augustine Burns,﻿O.S.B.,,﻿of St. Louis Abbey,,,,,1870,﻿,﻿,﻿St. Paul,StPaul
﻿stp.mn.0045,﻿church,﻿St. Mary's,English,,,,﻿Douglas County,﻿Stearns County,,﻿St. Augusta,﻿MN,,45.47923738,-94.15344879,﻿stp.mn.0031,﻿Visited by Rev. F. Pierz,,﻿fra_x_pierz_001,﻿Rev.,﻿F. Pierz,,,,,,,,1870,﻿,﻿,﻿St. Paul,StPaul
﻿stp.mn.0046,﻿church,﻿Church of Our Lady of Mt. Carmel,English,,,,﻿Faribault County,﻿Faribault County,﻿Wisner's Grove,﻿Barber Township,﻿MN,,43.719005,-93.9238233,,﻿,,,﻿Rev.,﻿Anthony Holzer,,,,,,,,1870,﻿,﻿,﻿St. Paul,StPaul
﻿stp.mn.0047,﻿church,﻿Church of SS. Peter and Paul,English,,,,﻿Faribault County,﻿Faribault County,﻿Blue Earth City,﻿Blue Earth,﻿MN,,43.6367098,-94.1072159,﻿stp.mn.0046,﻿Visited by Rev. Anthony Holzer,,,﻿Rev.,﻿Anthony Holzer,,,,,,,,1870,﻿,﻿,﻿St. Paul,StPaul
﻿stp.mn.0048,﻿church,﻿Church of St. John the Baptist,English,,,,﻿Faribault County,﻿Faribault County,﻿Minnesota Lake,﻿Minnesota Lake,﻿MN,,43.8409654,-93.831085,﻿stp.mn.0046,﻿Visited by Rev. Anthony Holzer,,,﻿Rev.,﻿Anthony Holzer,,,,,,,,1870,﻿,﻿,﻿St. Paul,StPaul
﻿stp.mn.0049,﻿church,not recorded,English,﻿Church in course of erection,,,﻿Fillmore County,﻿Fillmore County,﻿Preston,﻿Preston,﻿MN,,43.6737553,-92.0836809,,﻿,,,﻿Rev.,﻿Thomas Cahill,,,,,,,,1870,﻿,﻿,﻿St. Paul,StPaul
﻿stp.mn.0050,﻿church,not recorded,English,,,,﻿Fillmore County,﻿Fillmore County,﻿Chatfield,﻿Chatfield,﻿MN,,43.8416451,-92.1892439,﻿stp.mn.0049,﻿Visited by Rev. Thomas Cahill,,,﻿Rev.,﻿Thomas Cahill,,,,,,,,1870,﻿,﻿,﻿St. Paul,StPaul
﻿stp.mn.0051,﻿church,not recorded,English,,,,﻿Fillmore County,﻿Fillmore County,﻿Forestville,﻿Forestville Township,﻿MN,,43.6340045,-92.2827384,﻿stp.mn.0049,﻿Visited by Rev. Thomas Cahill,,,﻿Rev.,﻿Thomas Cahill,,,,,,,,1870,﻿,﻿,﻿St. Paul,StPaul
﻿stp.mn.0052,﻿church,not recorded,English,,,,﻿Fillmore County,﻿Fillmore County,﻿Rushford,﻿Rushford,﻿MN,,43.8109804,-91.7490143,﻿stp.mn.0049,﻿Visited by Rev. Thomas Cahill,,,﻿Rev.,﻿Thomas Cahill,,,,,,,,1870,﻿,﻿,﻿St. Paul,StPaul
﻿stp.mn.0053,﻿church,not recorded,English,,,,﻿Fillmore County,﻿Fillmore County,﻿Beaver,﻿Beaver Township,﻿MN,,43.5547831,-92.4011124,﻿stp.mn.0049,﻿Visited by Rev. Thomas Cahill,,,﻿Rev.,﻿Thomas Cahill,,,,,,,,1870,﻿,﻿,﻿St. Paul,StPaul
﻿stp.mn.0054,﻿church,not recorded,English,,,,﻿Fillmore County,﻿Carlton County,﻿Carlton,﻿Carlton,﻿MN,,46.65319685,-92.41922171,﻿stp.mn.0049,﻿Visited by Rev. Thomas Cahill,,,﻿Rev.,﻿Thomas Cahill,,,,,,,,1870,﻿,﻿,﻿St. Paul,StPaul
﻿stp.mn.0055,﻿church,not recorded,English,,,,﻿Fillmore County,﻿Fillmore County,﻿Spring Valley,﻿Spring Valley,﻿MN,,43.684423,-92.396174,﻿stp.mn.0049,﻿Visited by Rev. Thomas Cahill,,,﻿Rev.,﻿Thomas Cahill,,,,,,,,1870,﻿,﻿,﻿St. Paul,StPaul
﻿stp.mn.0056,﻿church,not recorded,English,,,,﻿Fillmore County,﻿Fillmore County,﻿Newburgh,﻿Newburg,﻿MN,,43.567189,-91.8145962,﻿stp.mn.0049,﻿Visited by Rev. Thomas Cahill,,,﻿Rev.,﻿Thomas Cahill,,,,,,,,1870,﻿,﻿,﻿St. Paul,StPaul
﻿stp.mn.0057,﻿church,not recorded,English,,,,﻿Freeborn County,﻿Freeborn County,﻿Albert Lea,﻿Albert Lea,﻿MN,,43.6478006,-93.3686555,﻿stp.mn.0058,﻿Visited by Rev. C. Genis,,,﻿Rev.,﻿C. Genis,,,,,,,,1870,﻿,﻿,﻿St. Paul,StPaul
﻿stp.mn.0058,﻿church,not recorded,English,,,,﻿Freeborn County,﻿Freeborn County,﻿Geneva,﻿Geneva,﻿MN,,43.8232933,-93.267708,,﻿,,,﻿Rev.,﻿C. Genis,,,,,,,,1870,﻿,﻿,﻿St. Paul,StPaul
﻿stp.mn.0059,﻿station,not recorded,English,,,,﻿Freeborn County,,﻿Beaver Lake,,﻿MN,,43.8753769,-93.3590446,﻿stp.mn.0058,﻿Visited by Rev. C. Genis,,,﻿Rev.,﻿C. Genis,,,,,,,,1870,﻿,﻿,﻿St. Paul,StPaul
﻿stp.mn.0060,﻿station,not recorded,English,,,,﻿Freeborn County,﻿Freeborn County,﻿Kanavan Settlement,﻿Oakland,﻿MN,,43.66975355,-93.09013578,﻿stp.mn.0058,﻿Visited by Rev. C. Genis,,,﻿Rev.,﻿C. Genis,,,,,,,,1870,﻿,﻿,﻿St. Paul,StPaul
﻿stp.mn.0061,﻿station,not recorded,English,,,,﻿Freeborn County,﻿Freeborn County,﻿Twin Lakes,﻿Twin Lakes,﻿MN,,43.5596778,-93.4229885,﻿stp.mn.0058,﻿Visited by Rev. C. Genis,,,﻿Rev.,﻿C. Genis,,,,,,,,1870,﻿,﻿,﻿St. Paul,StPaul
﻿stp.mn.0062,﻿church,﻿Church of St. Joseph,English,,,,﻿Goodhue County,﻿Goodhue County,﻿Red Wing,﻿Red Wing,﻿MN,,44.5616022,-92.5303413,,﻿,,,﻿Rev.,﻿J. Knauff,,,,,,,,1870,﻿,﻿,﻿St. Paul,StPaul
﻿stp.mn.0063,﻿church,﻿Church of St. Columbkill,English,,,,﻿Goodhue County,﻿Goodhue County,﻿Belle Creek,﻿Belle Creek Township,﻿MN,,44.420421,-92.7021536,﻿stp.mn.0062,﻿Visited by Rev. J. Knauff,,,﻿Rev.,﻿J. Knauff,,,,,,,,1870,﻿,﻿,﻿St. Paul,StPaul
﻿stp.mn.0064,﻿church,﻿Church of Blessed Virgin,English,,,,﻿Goodhue County,﻿Goodhue County,﻿Belvidere,﻿Belvidere Township,﻿MN,,44.4290912,-92.4801989,﻿stp.mn.0062,﻿Visited by Rev. J. S. Knauff,,﻿j_knauff_001,﻿Rev.,﻿J. S. Knauff,,,,,,,,1870,﻿,﻿,﻿St. Paul,StPaul
﻿stp.mn.0065,﻿station,not recorded,English,,,,﻿Goodhue County,﻿Goodhue County,﻿Cherry Grove,﻿Cherry Grove Township,﻿MN,,44.2317116,-92.8377656,﻿stp.mn.0062,﻿Visited by Rev. J. Knauff,,,﻿Rev.,﻿J. Knauff,,,,,,,,1870,﻿,﻿,﻿St. Paul,StPaul
﻿stp.mn.0066,﻿station,not recorded,English,,,,﻿Goodhue County,﻿Goodhue County,﻿Frontenac,﻿Frontenac,﻿MN,,44.5109913,-92.3568219,﻿stp.mn.0062,﻿Visited by Rev. J. Knauff,,,﻿Rev.,﻿J. Knauff,,,,,,,,1870,﻿,﻿,﻿St. Paul,StPaul
﻿stp.mn.0067,﻿station,not recorded,English,,,,﻿Goodhue County,﻿Wabasha County,﻿Mazeppa,﻿Mazeppa,﻿MN,,44.2741649,-92.5420799,﻿stp.mn.0062,﻿Visited by Rev. J. Knauff,,,﻿Rev.,﻿J. Knauff,,,,,,,,1870,﻿,﻿,﻿St. Paul,StPaul
﻿stp.mn.0068,﻿station,not recorded,English,,,,﻿Goodhue County,﻿Goodhue County,﻿Hay Creek,﻿Hay Creek Township,﻿MN,,44.5045118,-92.4801989,﻿stp.mn.0062,﻿Visited by Rev. J. Knauff,,,﻿Rev.,﻿J. Knauff,,,,,,,,1870,﻿,﻿,﻿St. Paul,StPaul
﻿stp.mn.0069,﻿church,﻿Church of St. Pius V.,English,,,,﻿Goodhue County,﻿Goodhue County,﻿Cannon Falls,﻿Cannon Falls,﻿MN,,44.5052178,-92.9063151,﻿stp.mn.0035,﻿Visited by Rev. P. Bayer,,,,,,,,,,,,1870,﻿,﻿,﻿St. Paul,StPaul
﻿stp.mn.0070,﻿church,﻿Church of St. Anthony of Padua,﻿English,,,,﻿Hennepin County,﻿Hennepin County,﻿St. Anthony,﻿St. Anthony,﻿MN,,45.0208911,-93.5094574,,﻿,,,﻿Rev.,﻿F. Tissot,,,,,,,,1870,﻿,﻿,﻿St. Paul,StPaul
﻿stp.mn.0071,﻿church,﻿St. Boniface's,﻿German,,,,﻿Hennepin County,﻿Hennepin County,﻿St. Anthony,﻿St. Anthony,﻿MN,,45.0205565,-93.2179335,,﻿,,,﻿Rev.,﻿Joseph Hilmer,,,,,,,,1870,﻿,﻿,﻿St. Paul,StPaul
﻿stp.mn.0072,﻿church,not recorded,English,,,,﻿Hennepin County,﻿Hennepin County,﻿Minneapolis,﻿Minneapolis,﻿MN,,44.977753,-93.2650108,,﻿,,,﻿Rev.,﻿James McGolrick,,,,,,,,1870,﻿,﻿,﻿St. Paul,StPaul
﻿stp.mn.0073,﻿church,﻿Church of St. John the Baptist,English,,,,﻿Hennepin County,﻿Hennepin County,﻿Dayton,﻿Dayton,﻿MN,,45.24252,-93.5147942,,﻿,,,﻿Rev.,﻿Prosper Maurer,,,,,,,,1870,﻿,﻿,﻿St. Paul,StPaul
﻿stp.mn.0074,﻿church,﻿Church of St. Walburga,﻿German,,,,﻿Hennepin County,﻿Hennepin County,﻿Corcoran,﻿Corcoran,﻿MN,,45.0952417,-93.5474577,﻿stp.mn.0174,﻿Visited by Rev. G. Koering,,,,,,,,,,,,1870,﻿,﻿,﻿St. Paul,StPaul
﻿stp.mn.0075,﻿church,﻿St. Mary's,English,,,,﻿Hennepin County,﻿Hennepin County,﻿Corcoran,﻿Corcoran,﻿MN,,45.0952417,-93.5474577,﻿stp.mn.0073,﻿Visited by Rev. Prosper Maurer,,,﻿Rev.,﻿Prosper Maurer,,,,,,,,1870,﻿,﻿,﻿St. Paul,StPaul
﻿stp.mn.0076,﻿church,﻿Church of St. Louis,English,,,,﻿Hennepin County,﻿Hennepin County,﻿Osseo,﻿Osseo,﻿MN,,45.1194091,-93.4024532,﻿stp.mn.0073,﻿Visited by Rev. Prosper Maurer,,,﻿Rev.,﻿Prosper Maurer,,,,,,,,1870,﻿,﻿,﻿St. Paul,StPaul
﻿stp.mn.0077,﻿church,not recorded,English,,,,﻿Hennepin County,﻿Hennepin County,﻿Crystal Lake,﻿Robbinsdale,﻿MN,,45.032187,-93.3385614,﻿stp.mn.0073,﻿Visited by Rev. Prosper Maurer,,,﻿Rev.,﻿Prosper Maurer,,,,,,,,1870,﻿,﻿,﻿St. Paul,StPaul
﻿stp.mn.0078,﻿church,﻿Church of Holy Name,English,,,,﻿Hennepin County,﻿Hennepin County,﻿Medina,﻿Medina,﻿MN,,44.9368455,-93.258395,﻿stp.mn.0070,﻿Visited from St. Anthony,,,,,,,,,,,,1870,﻿,﻿,﻿St. Paul,StPaul
﻿stp.mn.0079,﻿church,﻿SS. Peter and Paul,English,,,,﻿Hennepin County,﻿Hennepin County,,﻿Loretto,﻿MN,,45.0538266,-93.6334983,﻿stp.mn.0070,﻿Visited from St. Anthony,,,,,,,,,,,,1870,﻿,﻿,﻿St. Paul,StPaul
﻿stp.mn.0080,﻿church,﻿St. Boniface,English,,,,﻿Hennepin County,﻿Hennepin County,,﻿St. Bonifacius,﻿MN,,44.9050568,-93.7477773,﻿stp.mn.0019,﻿Visited by Rev. F. Toplak of Waconia,,,﻿Rev.,﻿F. Toplak,,,,,,,,1870,﻿,﻿,﻿St. Paul,StPaul
﻿stp.mn.0081,﻿station,not recorded,English,,,,﻿Hennepin County,﻿Hennepin County,﻿Maple Grove,﻿Maple Grove,﻿MN,,45.0724642,-93.4557877,﻿stp.mn.0073,﻿Visited by Rev. Prosper Maurer,,,﻿Rev.,﻿Prosper Maurer,,,,,,,,1870,﻿,﻿,﻿St. Paul,StPaul
﻿stp.mn.0082,﻿station,not recorded,English,,,,﻿Hennepin County,﻿Hennepin County,﻿Cahiltown,﻿Edina,﻿MN,,44.91069257,-93.34975065,﻿stp.mn.0072,﻿Visited by Rev. James McGolrick,,,﻿Rev.,﻿James McGolrick,,,,,,,,1870,﻿,﻿,﻿St. Paul,StPaul
﻿stp.mn.0083,﻿church,﻿Church of St. John Baptist,English,,,,﻿Houston County,﻿Houston County,﻿Caledonia,﻿Caledonia,﻿MN,,43.640156,-91.4952255,,﻿,,,﻿Rev.,﻿M. Muhlberger,,,,,,,,1870,﻿,﻿,﻿St. Paul,StPaul
﻿stp.mn.0084,﻿church,not recorded,English,,,,﻿Houston County,﻿Houston County,﻿Brownsville,﻿Brownsville,﻿MN,,43.6940552,-91.2798153,,﻿,,,﻿Rev.,﻿M. Sturenberg,,,,,,,,1870,﻿,﻿,﻿St. Paul,StPaul
﻿stp.mn.0085,﻿church,not recorded,English,,,,﻿Houston County,﻿Houston County,﻿Hokah,﻿Hokah,﻿MN,,43.7594117,-91.3465262,,﻿,,,﻿Rev.,﻿M. Sturenberg,,,,,,,,1870,﻿,﻿,﻿St. Paul,StPaul
﻿stp.mn.0086,﻿church,﻿Church of the Crucifixion,English,,,,﻿Houston County,﻿Houston County,﻿La Crescent,﻿La Crescent,﻿MN,,43.8268986,-91.3071835,﻿stp.mn.0084,﻿Visited by Rev. M. Sturenberg,,,﻿Rev.,﻿M. Sturenberg,,,,,,,,1870,﻿,﻿,﻿St. Paul,StPaul
﻿stp.mn.0087,﻿station,not recorded,English,,,,﻿Houston County,﻿Houston County,﻿Riceford,﻿Riceford,﻿MN,,43.5759697,-91.7260966,﻿stp.mn.0083,﻿Visited by Rev. M. Muhlberger,,,﻿Rev.,﻿M. Muhlberger,,,,,,,,1870,﻿,﻿,﻿St. Paul,StPaul
﻿stp.mn.0088,﻿station,not recorded,English,,,,﻿Houston County,﻿Houston County,﻿Jefferson,﻿Jefferson,﻿MN,,43.5162485,-91.2802823,﻿stp.mn.0083,﻿Visited by Rev. M. Muhlberger,,,﻿Rev.,﻿M. Muhlberger,,,,,,,,1870,﻿,﻿,﻿St. Paul,StPaul
﻿stp.mn.0089,﻿station,not recorded,English,,,,﻿Houston County,﻿Houston County,﻿Freeburgh,﻿Freeburg,﻿MN,,43.6110813,-91.3643036,﻿stp.mn.0083,﻿Visited by Rev. M. Muhlberger,,,﻿Rev.,﻿M. Muhlberger,,,,,,,,1870,﻿,﻿,﻿St. Paul,StPaul
﻿stp.mn.0090,﻿station,not recorded,English,,,,﻿Houston County,﻿Houston County,﻿Houston,﻿Houston,﻿MN,,43.7632995,-91.5684764,﻿stp.mn.0084,﻿Visited by Rev. M. Sturenberg,,,﻿Rev.,﻿M. Muhlberger,,,,,,,,1870,﻿,﻿,﻿St. Paul,StPaul
﻿stp.mn.0091,﻿station,not recorded,English,,,,﻿Kandiyohi County,﻿Kandiyohi County,﻿Kandiyohi,﻿Kandiyohi,﻿MN,,45.1319444,-94.9313889,﻿stp.mn.0221,﻿Visited by Rev. A. Burns O.S.B.,,﻿aug_burns_001,﻿Rev.,﻿Augustine Burns,﻿O.S.B.,,,,,,,1870,﻿,﻿,﻿St. Paul,StPaul
﻿stp.mn.0092,﻿church,not recorded,English,,,,﻿Le Sueur County,﻿Le Sueur County,﻿Le Sueur,﻿Le Sueur,﻿MN,,44.4598517,-93.9113634,﻿stp.mn.0164,﻿Visited by Rev. T. Venn of Henderson,,,﻿Rev.,﻿T. Venn,,,,,,,,1870,﻿,﻿,﻿St. Paul,StPaul
﻿stp.mn.0093,﻿church,﻿Church of the Nativity,English,,,,﻿Le Sueur County,﻿Le Sueur County,﻿Cleveland,﻿Cleveland,﻿MN,,44.3229664,-93.8430277,﻿stp.mn.0116,﻿Visited by Rev. John Zuzek of St. Peter,,﻿j_zuzek_001,﻿Rev.,﻿John Zuzek,,﻿of St. Peter,,,,,,1870,﻿,﻿,﻿St. Paul,StPaul
﻿stp.mn.0094,﻿church,﻿Church of St. Patrick,English,,,,﻿Le Sueur County,﻿Le Sueur County,﻿Marysburgh,﻿Marysburg,﻿MN,,44.240245,-93.8168974,﻿stp.mn.0014,﻿Visited by Rev. V. Sommereisen,,,﻿Rev.,﻿V. Sommereisen,,,,,,,,1870,﻿,﻿,﻿St. Paul,StPaul
﻿stp.mn.0095,﻿church,not recorded,English,,,,﻿Le Sueur County,﻿Le Sueur County,﻿St. Henry,﻿Sharon Township,﻿MN,,44.4291107,-93.8451731,﻿stp.mn.0116,﻿Visited by Rev. John Zuzek,,﻿j_zuzek_001,﻿Rev.,﻿John Zuzek,,,,,,,,1870,﻿,﻿,﻿St. Paul,StPaul
﻿stp.mn.0096,﻿church,not recorded,English,,,,﻿Le Sueur County,﻿Le Sueur County,﻿St. Thomas,﻿Derrynane Township,﻿MN,,44.5085024,-93.7232005,﻿stp.mn.0151,﻿Visited by Rev. Thomas Kennedy,,,﻿Rev.,﻿Thomas Kennedy,,,,,,,,1870,﻿,﻿,﻿St. Paul,StPaul
﻿stp.mn.0097,﻿station,not recorded,English,,,,﻿Le Sueur County,﻿Le Sueur County,﻿Kilkenny,﻿Kilkenny,﻿MN,,44.3132973,-93.5741156,﻿stp.mn.0130,"﻿Visited by Rev. A. Seel of Shieldsville, Rice Co.",,,﻿Rev.,﻿A. Seel,,"﻿of Shieldsville, Rice Co.",,,,,,1870,﻿,﻿,﻿St. Paul,StPaul
﻿stp.mn.0098,﻿station,not recorded,English,,,,﻿Le Sueur County,﻿Le Sueur County,﻿Lexington,﻿Lexington Township,﻿MN,,44.4331437,-93.7232005,﻿stp.mn.0153,﻿Visited by Rev. H. Povolny,,,﻿Rev.,﻿H. Povolny,,,,,,,,1870,﻿,﻿,﻿St. Paul,StPaul
﻿stp.mn.0099,﻿station,not recorded,English,,,,﻿Le Sueur County,﻿Le Sueur County,﻿Montgomery,﻿Montgomery,﻿MN,,44.4383146,-93.5813201,﻿stp.mn.0130,﻿Visited by Rev. A. Seel,,,﻿Rev.,﻿A. Seel,,,,,,,,1870,﻿,﻿,﻿St. Paul,StPaul
﻿stp.mn.0100,﻿station,not recorded,English,,,,﻿Le Sueur County,﻿Le Sueur County,﻿Waterville,﻿Waterville,﻿MN,,44.218853,-93.5680022,﻿stp.mn.0129,﻿Visited by Rev. George Keller of Faribault,,﻿geo_keller_001,﻿Rev.,﻿George Keller,,﻿of Faribault,,,,,,1870,﻿,﻿,﻿St. Paul,StPaul
﻿stp.mn.0101,﻿station,not recorded,English,,﻿Scattered stations,,﻿Martin County,﻿Martin County,,,,,43.68571863,-94.57018734,﻿stp.mn.0046,﻿Visited by Rev. Anthony Holzer,,,﻿Rev.,﻿Anthony Holzer,,,,,,,,1870,﻿,﻿,﻿St. Paul,StPaul
﻿stp.mn.0102,﻿church,﻿Church of St. Augustin,English,,,,﻿Mower County,﻿Mower County,﻿Austin,﻿Austin,﻿MN,,43.6700386,-92.9807589,,﻿,,,﻿Rev.,﻿C. Genis,,,,,,,,1870,﻿,﻿,﻿St. Paul,StPaul
﻿stp.mn.0103,﻿station,not recorded,English,,,,﻿Mower County,﻿Mower County,﻿Adamstown,﻿Adams,﻿MN,,43.5652435,-92.7193503,﻿stp.mn.0058,﻿Visited by Rev. C. Genis,,,﻿Rev.,﻿C. Genis,,,,,,,,1870,﻿,﻿,﻿St. Paul,StPaul
﻿stp.mn.0104,﻿church,not recorded,English,,,,﻿Mower County,﻿Mower County,﻿Lansing,﻿Lansing,﻿MN,,43.7452402,-92.9701918,﻿stp.mn.0058,﻿Visited by Rev. C. Genis,,,﻿Rev.,﻿C. Genis,,,,,,,,1870,﻿,﻿,﻿St. Paul,StPaul
﻿stp.mn.0105,﻿church,not recorded,English,,,,﻿Meeker County,﻿Meeker County,﻿Forest City,﻿Forest City,﻿MN,,45.2063519,-94.4663799,﻿stp.mn.0221,﻿Visited by Rev. Augustin Burns O.S.B.,,﻿aug_burns_001,﻿Rev.,﻿Augustine Burns,﻿O.S.B.,,,,,,,1870,﻿,﻿,﻿St. Paul,StPaul
﻿stp.mn.0106,﻿station,not recorded,English,,,,﻿Meeker County,﻿Meeker County,﻿Greenleaf,﻿Greenleaf,﻿MN,,44.9963508,-94.4994336,﻿stp.mn.0221,﻿Visited by Rev. Augustin Burns O.S.B.,,﻿aug_burns_001,﻿Rev.,﻿Augustine Burns,﻿O.S.B.,,,,,,,1870,﻿,﻿,﻿St. Paul,StPaul
﻿stp.mn.0107,﻿station,not recorded,English,,,,﻿Monongalia County,﻿Kandiyohi County,﻿Diamond Lake,﻿Diamond Lake,﻿MN,,45.1828579,-94.84282,﻿stp.mn.0221,﻿Visited by Rev. Augustin Burns O.S.B.,,﻿aug_burns_001,﻿Rev.,﻿Augustine Burns,﻿O.S.B.,,,,,,,1870,﻿,﻿,﻿St. Paul,StPaul
﻿stp.mn.0108,﻿church,﻿Church of SS. Peter and Paul,English,,,,﻿McLeod County,﻿McLeod County,﻿Glencoe,﻿Glencoe,﻿MN,,44.7690437,-94.1517524,﻿stp.mn.0165,﻿Visited by Rev. J. McDermott,,,﻿Rev.,﻿J. McDermott,,,,,,,,1870,﻿,﻿,﻿St. Paul,StPaul
﻿stp.mn.0109,﻿station,not recorded,English,,,,﻿McLeod County,﻿McLeod County,﻿Winsted,﻿Winsted,﻿MN,,44.9638517,-94.0474725,﻿stp.mn.0021,﻿Visited by Rev. C. Robert,,,﻿Rev.,﻿C. Robert,,,,,,,,1870,﻿,﻿,﻿St. Paul,StPaul
﻿stp.mn.0110,﻿station,not recorded,English,,,,﻿McLeod County,﻿McLeod County,﻿Hutchinson,﻿Hutchinson,﻿MN,,44.8925483,-94.3692926,﻿stp.mn.0021,﻿Visited by Rev. C. Robert,,,﻿Rev.,﻿C. Robert,,,,,,,,1870,﻿,﻿,﻿St. Paul,StPaul
﻿stp.mn.0111,﻿station,not recorded,English,,,,﻿McLeod County,﻿McLeod County,﻿Fremont,﻿Silver Lake,﻿MN,,44.90306821,-94.20262812,﻿stp.mn.0019,﻿Visited by Rev. F. Toplak,,,﻿Rev.,﻿F. Toplak,,,,,,,,1870,﻿,﻿,﻿St. Paul,StPaul
﻿stp.mn.0112,﻿station,not recorded,English,,,,﻿Mille Lacs County,﻿Mille Lacs County,﻿Princeton,﻿Princeton,﻿MN,,45.569965,-93.5816278,﻿stp.mn.0073,﻿Visited by Rev. P. Maurer of Dayton,,﻿pro_maurer_001,﻿Rev.,﻿P. Maurer,,,,,,,,1870,﻿,﻿,﻿St. Paul,StPaul
﻿stp.mn.0113,﻿church,not recorded,English,,,,﻿Morrison County,﻿Morrison County,﻿Belle Prairie,﻿Belle Prairie,﻿MN,,46.0346899,-94.2515626,,﻿,,,﻿Rev.,﻿Joseph Buh,,,,,,,,1870,﻿,﻿,﻿St. Paul,StPaul
﻿stp.mn.0114,﻿church,not recorded,English,,,,﻿Morrison County,﻿Morrison County,﻿Little Falls,﻿Little Falls,﻿MN,,45.9805556,-94.3694444,﻿stp.mn.0113,﻿Visited by Rev. Joseph Buh,,,﻿Rev.,﻿Joseph Buh,,,,,,,,1870,﻿,﻿,﻿St. Paul,StPaul
﻿stp.mn.0115,﻿church,﻿Church of Holy Cross,English,,,,﻿Morrison County,﻿Morrison County,﻿Two Rivers,﻿Two Rivers,﻿MN,,45.7999704,-94.34969,﻿stp.mn.0113,﻿Visited by Rev. Joseph Buh,,,﻿Rev.,﻿Joseph Buh,,,,,,,,1870,﻿,﻿,﻿St. Paul,StPaul
﻿stp.mn.0116,﻿church,﻿Church of St. Peter,English,,,,﻿Nicollet County,﻿Nicollet County,﻿St. Peter,﻿St. Peter,﻿MN,,44.3320536,-93.9766113,,﻿,,,﻿Rev.,﻿J. Zuzek,,,,,,,,1870,﻿,﻿,﻿St. Paul,StPaul
﻿stp.mn.0117,﻿church,﻿Church of Visitation,English,,,,﻿Nicollet County,﻿Nicollet County,﻿Granby,﻿Granby Township,﻿MN,,44.3406869,-94.2128337,﻿stp.mn.0116,﻿Visited by Rev. J. Zuzek,,,﻿Rev.,﻿J. Zuzek,,,,,,,,1870,﻿,﻿,﻿St. Paul,StPaul
﻿stp.mn.0118,﻿church,﻿Church of St. Michael,English,,,,﻿Nicollet County,﻿Nicollet County,﻿Belgrade,﻿Belgrade Township,﻿MN,,44.2317005,-94.0899911,﻿stp.mn.0116,﻿Visited by Rev. J. Zuzek,,,﻿Rev.,﻿J. Zuzek,,,,,,,,1870,﻿,﻿,﻿St. Paul,StPaul
﻿stp.mn.0119,﻿church,﻿Church of St. George,English,,,,﻿Nicollet County,﻿Nicollet County,﻿West Newton,,﻿MN,,44.4035764,-94.5418141,﻿stp.mn.0017,﻿Visited by Rev. A. Berghold,,﻿ale_berghold_001,﻿Rev.,﻿A. Berghold,,,,,,,,1870,﻿,﻿,﻿St. Paul,StPaul
﻿stp.mn.0120,﻿church,not recorded,English,,,,﻿Olmstead County,﻿Olmstead County,﻿Rochester,﻿Rochester,﻿MN,,44.0121221,-92.4801989,,﻿,,,﻿Rev.,﻿Thomas O'Gorman,,,,,,,,1870,﻿,﻿,﻿St. Paul,StPaul
﻿stp.mn.0121,﻿church,﻿Church of St. Bridget,English,,,,﻿Olmstead County,﻿Olmstead County,﻿Pleasant Grove,﻿Pleasant Grove,﻿MN,,43.9002762,-92.3616203,﻿stp.mn.0120,﻿Visited by Rev. Thomas O'Gorman,,,﻿Rev.,﻿Thomas O'Gorman,,,,,,,,1870,﻿,﻿,﻿St. Paul,StPaul
﻿stp.mn.0122,﻿station,not recorded,English,,,,﻿Olmstead County,﻿Olmstead County,﻿Marion,﻿Marion,﻿MN,,43.9765403,-92.3616203,﻿stp.mn.0120,﻿Visited by Rev. Thomas O'Gorman,,,﻿Rev.,﻿Thomas O'Gorman,,,,,,,,1870,﻿,﻿,﻿St. Paul,StPaul
﻿stp.mn.0123,﻿station,not recorded,English,,,,﻿Olmstead County,﻿Olmstead County,﻿Salem,﻿Salem Township,﻿MN,,43.9714004,-92.5990835,﻿stp.mn.0120,﻿Visited by Rev. Thomas O'Gorman,,,﻿Rev.,﻿Thomas O'Gorman,,,,,,,,1870,﻿,﻿,﻿St. Paul,StPaul
﻿stp.mn.0124,﻿station,not recorded,English,,,,﻿Olmstead County,﻿Olmstead County,﻿Haverhill,﻿Haverhill Township,﻿MN,,44.0526842,-92.3616203,﻿stp.mn.0120,﻿Visited by Rev. Thomas O'Gorman,,,﻿Rev.,﻿Thomas O'Gorman,,,,,,,,1870,﻿,﻿,﻿St. Paul,StPaul
﻿stp.mn.0125,﻿station,not recorded,English,,,,﻿Olmstead County,﻿Olmstead County,﻿New Haven,﻿New Haven Township,﻿MN,,44.1615334,-92.5990835,﻿stp.mn.0120,﻿Visited by Rev. Thomas O'Gorman,,,﻿Rev.,﻿Thomas O'Gorman,,,,,,,,1870,﻿,﻿,﻿St. Paul,StPaul
﻿stp.mn.0126,﻿station,not recorded,English,,﻿Otter Tail,,﻿Otter Tail County,﻿Otter Tail County,,﻿Otter Tail Township,﻿MN,,46.4076012,-95.6138761,﻿stp.mn.0031,﻿Visited by Rev. F. Pierz,,﻿fra_x_pierz_001,﻿Rev.,﻿F. Pierz,,,,,,,,1870,﻿,﻿,﻿St. Paul,StPaul
﻿stp.mn.0127,﻿station,not recorded,English,,﻿Rush Lake,,﻿Otter Tail County,﻿Otter Tail County,,﻿Rush Lake Township,﻿MN,,46.4760713,-95.5939023,﻿stp.mn.0031,﻿Visited by Rev. F. Pierz,,﻿fra_x_pierz_001,﻿Rev.,﻿F. Pierz,,,,,,,,1870,﻿,﻿,﻿St. Paul,StPaul
﻿stp.mn.0128,﻿station,not recorded,English,,,,﻿Redwood County,﻿Redwood County,﻿Redwood Falls,﻿Redwood Falls,﻿MN,,44.5394039,-95.1169424,﻿stp.mn.0017,﻿Visited by Rev. Alex Berghold,,,﻿Rev.,﻿Alex Berghold,,,,,,,,1870,﻿,﻿,﻿St. Paul,StPaul
﻿stp.mn.0129,﻿church,﻿Church of Immaculate Conception,English,,,,﻿Rice County,﻿Rice County,﻿Faribault,﻿Faribault,﻿MN,,44.2949636,-93.268827,,﻿,,﻿geo_keller_001,﻿Rev.,﻿G. Keller,,,,,,,,1870,﻿,﻿,﻿St. Paul,StPaul
﻿stp.mn.0129,﻿church,﻿Church of Immaculate Conception,English,,,,﻿Rice County,﻿Rice County,﻿Faribault,﻿Faribault,﻿MN,,44.2949636,-93.268827,,﻿,,,﻿Rev.,﻿Bernard Baumann,,,,,,,,1870,﻿,﻿,﻿St. Paul,StPaul
﻿stp.mn.0130,﻿church,﻿Church of St. Patrick,English,,,,﻿Rice County,﻿Rice County,﻿Shieldsville,﻿Shieldsville,﻿MN,,44.3643677,-93.4136867,,﻿,,,﻿Rev.,﻿A. Seel,,,,,,,,1870,﻿,﻿,﻿St. Paul,StPaul
﻿stp.mn.0131,﻿church,not recorded,English,,,,﻿Rice County,﻿Rice County,﻿Webster,﻿Webster,﻿MN,,44.529686,-93.352723,﻿stp.mn.0035,﻿Visited by Rev. P. Bayer,,,﻿Rev.,﻿P. Bayer,,,,,,,,1870,﻿,﻿,﻿St. Paul,StPaul
﻿stp.mn.0132,﻿church,﻿Church of St. Louis,English,,,,﻿Rice County,﻿Rice County,﻿Wheatland,﻿Wheatland,﻿MN,,44.4646853,-93.4835606,﻿stp.mn.0130,﻿Visited by Rev. A. Seel,,,﻿Rev.,﻿A. Seel,,,,,,,,1870,﻿,﻿,﻿St. Paul,StPaul
﻿stp.mn.0133,﻿station,not recorded,English,,,,﻿Rice County,﻿Rice County,﻿East Prairie,,﻿MN,,44.28840457,-93.18506127,﻿stp.mn.0129,﻿Visited by Rev. B. Baumann,,,﻿Rev.,﻿B. Baumann,,,,,,,,1870,﻿,﻿,﻿St. Paul,StPaul
﻿stp.mn.0134,﻿church,not recorded,English,,,,﻿Rice County,﻿Rice County,﻿Erin,﻿Erin Township,﻿MN,,44.4030672,-93.4801349,﻿stp.mn.0130,﻿Visited by Rev. A. Seel,,,﻿Rev.,﻿A. Seel,,,,,,,,1870,﻿,﻿,﻿St. Paul,StPaul
﻿stp.mn.0135,﻿church,not recorded,English,,,,﻿Rice County,﻿Rice County,﻿Northfield,﻿Northfield,﻿MN,,44.4582983,-93.161604,,﻿,,,﻿Rev.,﻿Ralph Haase,,,,,,,,1870,﻿,﻿,﻿St. Paul,StPaul
﻿stp.mn.0136,﻿church,not recorded,English,,,,﻿Rice County,﻿Rice County,﻿Hazelwood,﻿Hazelwood,﻿MN,,44.523041,-93.287018,﻿stp.mn.0135,﻿Visited by Rev. Ralph Haase,,,﻿Rev.,﻿Ralph Haase,,,,,,,,1870,﻿,﻿,﻿St. Paul,StPaul
﻿stp.mn.0137,﻿station,not recorded,English,,,,﻿Renville County,﻿Nicollet County,﻿Fort Ridgly,﻿Fort Ridgely,﻿MN,,44.4533656,-94.7347949,﻿stp.mn.0017,﻿Visited by Rev. Alex Berghold,,,﻿Rev.,﻿Alex Berghold,,,,,,,,1870,﻿,﻿,﻿St. Paul,StPaul
﻿stp.mn.0138,﻿church,﻿Church of Immaculate Conception,English,,,,﻿Stearns County,﻿Stearns County,﻿St. Cloud,﻿St. Cloud,﻿MN,,45.5579451,-94.1632404,,﻿,,,﻿Rev.,﻿M. Stuckinkemper,﻿O.S.B.,,,,,,,1870,﻿,﻿,﻿St. Paul,StPaul
﻿stp.mn.0138,﻿church,﻿Church of Immaculate Conception,English,,,,﻿Stearns County,﻿Stearns County,﻿St. Cloud,﻿St. Cloud,﻿MN,,45.5579451,-94.1632404,,﻿,,,﻿Rev.,﻿Joseph Vill,﻿O.S.B.,,,,,,,1870,﻿,﻿,﻿St. Paul,StPaul
﻿stp.mn.0139,﻿church,﻿Church of SS. Peter and Paul,English,,,,﻿Stearns County,﻿Stearns County,﻿Richmond,﻿Richmond,﻿MN,,45.4552845,-94.5181185,,﻿,,,﻿Rev.,﻿Corbinian Gastbill,﻿O.S.B.,,,,,,,1870,﻿,﻿,﻿St. Paul,StPaul
﻿stp.mn.0139,﻿church,﻿Church of SS. Peter and Paul,English,,,,﻿Stearns County,﻿Stearns County,﻿Richmond,﻿Richmond,﻿MN,,45.4552845,-94.5181185,,﻿,,﻿ans_fraudendorfer_001,﻿Rev.,﻿A. Fraudendorfer,﻿O.S.B.,,﻿Clinton P.O.,,,,,1870,﻿,﻿,﻿St. Paul,StPaul
﻿stp.mn.0140,﻿church,﻿Church of St. Joseph,English,,,,﻿Stearns County,﻿Stearns County,﻿St. Joseph,﻿St. Joseph,﻿MN,,45.563993,-94.3186486,,﻿,,,﻿Rev.,﻿C. Wittman,﻿O.S.B.,,﻿Clinton P.O.,,,,,1870,﻿,﻿,﻿St. Paul,StPaul
﻿stp.mn.0141,﻿church,﻿Church of SS. Peter and Paul,English,,,,﻿Stearns County,﻿Stearns County,﻿New Munich,﻿New Munich,﻿MN,,45.6302426,-94.7536231,﻿stp.mn.0139,﻿Visited from Richmond,,,,,,,,,,,,1870,﻿,﻿,﻿St. Paul,StPaul
﻿stp.mn.0142,﻿church,﻿Church of St. James,English,,,,﻿Stearns County,﻿Stearns County,﻿Wakefield,﻿Wakefield,﻿MN,,45.4661416,-94.4726049,﻿stp.mn.0139,﻿Visited from Richmond,,,,,,,,,,,,1870,﻿,﻿,﻿St. Paul,StPaul
﻿stp.mn.0143,﻿church,not recorded,English,,,,﻿Stearns County,﻿Stearns County,﻿Sauk Centre,﻿Sauk Centre,﻿MN,,45.737465,-94.9525216,﻿stp.mn.0139,﻿Visited from Richmond,,,,,,,,,,,,1870,﻿,﻿,﻿St. Paul,StPaul
﻿stp.mn.0144,﻿church,not recorded,English,,,,﻿Stearns County,﻿Stearns County,﻿St. Rupert,﻿St. Rupert,﻿MN,,45.5844792,-94.5865603,﻿stp.mn.0139,﻿Visited from Richmond,,,,,,,,,,,,1870,﻿,﻿,﻿St. Paul,StPaul
﻿stp.mn.0145,﻿church,not recorded,English,,,,﻿Stearns County,﻿Stearns County,﻿St. Benedict,﻿St. Benedict,﻿MN,,45.6085548,-94.4535904,﻿stp.mn.0139,﻿Visited from Richmond,,,,,,,,,,,,1870,﻿,﻿,﻿St. Paul,StPaul
﻿stp.mn.0146,﻿church,not recorded,English,,,,﻿St. Louis County,﻿St. Louis County,﻿Duluth,﻿Duluth,﻿MN,,46.7866719,-92.1004852,﻿lac.wi.0004,"﻿Visited by Rev. J. Chebul  of Bayfield, Wisconsin",,﻿joh_chebul_002,﻿Rev.,﻿J. Chebul,,,,,,,,1870,﻿,﻿,﻿St. Paul,StPaul
﻿stp.mn.0147,﻿station,not recorded,English,,,,﻿Steele County,﻿Steele County,﻿Owatonna,﻿Owatonna,﻿MN,,44.0879297,-93.2260184,﻿stp.mn.0129,﻿Visited by Rev. George Keller,,﻿geo_keller_001,﻿Rev.,﻿George Keller,,,,,,,,1870,﻿,﻿,﻿St. Paul,StPaul
﻿stp.mn.0148,﻿station,not recorded,English,,,,﻿Steele County,﻿Steele County,﻿Juno or Mulloy Settlement,﻿Deerfield,﻿MN,,44.16696542,-93.38409624,﻿stp.mn.0129,﻿Visited by Rev. George Keller,,﻿geo_keller_001,﻿Rev.,﻿George Keller,,,,,,,,1870,﻿,﻿,﻿St. Paul,StPaul
﻿stp.mn.0149,﻿church,﻿Church of St. Mark,﻿German,,,,﻿Scott County,﻿Scott County,﻿Shakopee,﻿Shakopee,﻿MN,,44.7952994,-93.5290651,,﻿,,,﻿Rev.,﻿George Sherer,﻿O.S.B.,,,,,,,1870,﻿,﻿,﻿St. Paul,StPaul
﻿stp.mn.0150,﻿church,﻿St. Mary,English,,,,﻿Scott County,﻿Scott County,﻿Shakopee,﻿Shakopee,﻿MN,,44.7944074,-93.5230096,﻿stp.mn.0034,﻿Visited by Rev. A. Oster of Burnsville,,,﻿Rev.,﻿A. Oster,,,,,,,,1870,﻿,﻿,﻿St. Paul,StPaul
﻿stp.mn.0151,﻿church,﻿Church of St. Martin,English,,,,﻿Scott County,﻿Scott County,﻿Belle Plaine,﻿Belle Plaine,﻿MN,,44.6230409,-93.7684042,,﻿,,,﻿Rev.,﻿T. Kennedy,,,,,,,,1870,﻿,﻿,﻿St. Paul,StPaul
﻿stp.mn.0152,﻿church,"﻿""German church""",﻿German,,,,﻿Scott County,﻿Scott County,﻿Belle Plaine,﻿Belle Plaine,﻿MN,,44.6230409,-93.7684042,﻿stp.mn.0155,﻿Visited by Rev. John Schenk,,,﻿Rev.,﻿John Schenk,,,,,,,,1870,﻿,﻿,﻿St. Paul,StPaul
﻿stp.mn.0153,﻿church,﻿Church of St. Wenceslaus,English,,,,﻿Scott County,﻿Scott County,﻿New Prague,﻿New Prague,﻿MN,,44.5440304,-93.5742355,,﻿,,,﻿Rev.,﻿Honoratus Povolny,,,,,,,,1870,﻿,﻿,﻿St. Paul,StPaul
﻿stp.mn.0154,﻿church,﻿Church of St. Patrick,English,,,,﻿Scott County,﻿Scott County,﻿Cedar Lake,﻿Cedar Lake Township,﻿MN,,44.5952507,-93.5018301,,﻿,,,﻿Rev.,﻿Augustin Wirth,,,,,,,,1870,﻿,﻿,﻿St. Paul,StPaul
﻿stp.mn.0155,﻿church,not recorded,English,,,,﻿Scott County,﻿Scott County,﻿Jordan,﻿Jordan,﻿MN,,44.6711949,-93.6294286,,﻿,,,﻿Rev.,﻿John Schenk,,,,,,,,1870,﻿,﻿,﻿St. Paul,StPaul
﻿stp.mn.0156,﻿church,﻿Church of Purification of B.V.M.,English,,,,﻿Scott County,﻿Scott County,﻿Marystown,﻿Marystown,﻿MN,,44.7207963,-93.5413429,﻿stp.mn.0154,﻿Visited by Rev. Augustin Wirth,,,﻿Rev.,﻿Augustin Wirth,,,,,,,,1870,﻿,﻿,﻿St. Paul,StPaul
﻿stp.mn.0157,﻿church,not recorded,English,,,,﻿Scott County,﻿Scott County,﻿Clary Settlement,﻿Shakopee,﻿MN,,44.76419784,-93.48289083,﻿stp.mn.0034,﻿Visited by Rev. A. Oster,,,﻿Rev.,﻿A. Oster,,,,,,,,1870,﻿,﻿,﻿St. Paul,StPaul
﻿stp.mn.0158,﻿church,﻿Church of St. Nicholas,English,,,,﻿Scott County,﻿Scott County,﻿Newmarket,﻿Elko New Market,﻿MN,,44.572523,-93.3504756,﻿stp.mn.0035,﻿Visited by Rev. P. Bayer,,,﻿Rev.,﻿P. Bayer,,,,,,,,1870,﻿,﻿,﻿St. Paul,StPaul
﻿stp.mn.0159,﻿church,not recorded,English,,,,﻿Scott County,﻿Scott County,﻿Newmarket,﻿Elko New Market,﻿MN,,44.5647222,-93.3269444,﻿stp.mn.0135,﻿Visited by Rev. Ralph Haase,,,﻿Rev.,﻿Ralph Haase,,,,,,,,1870,﻿,﻿,﻿St. Paul,StPaul
﻿stp.mn.0160,﻿church,﻿Church of St. Catharine,English,,,,﻿Scott County,﻿Scott County,﻿Spring Lake,﻿Spring Lake Township,﻿MN,,44.6665071,-93.4801349,﻿stp.mn.0154,﻿Visited by Rev. Augustin Wirth,,,﻿Rev.,﻿Augustin Wirth,,,,,,,,1870,﻿,﻿,﻿St. Paul,StPaul
﻿stp.mn.0161,﻿church,not recorded,English,,,,﻿Scott County,﻿Scott County,﻿St. Benedict,﻿Helena Township,﻿MN,,44.5876343,-93.6015207,﻿stp.mn.0153,﻿Visited by Rev. H. Povolny,,,﻿Rev.,﻿H. Povolny,,,,,,,,1870,﻿,﻿,﻿St. Paul,StPaul
﻿stp.mn.0162,﻿church,not recorded,English,,,,﻿Scott County,﻿Scott County,﻿St. Joseph,﻿Sand Creek Township,﻿MN,,44.6640189,-93.561026,﻿stp.mn.0155,﻿Visited by Rev. John Schenk,,,﻿Rev.,﻿John Schenk,,,,,,,,1870,﻿,﻿,﻿St. Paul,StPaul
﻿stp.mn.0163,﻿church,not recorded,English,,,,﻿Scott County,﻿Scott County,﻿St. Scholastica,,﻿MN,,44.59731666,-93.62146281,﻿stp.mn.0153,﻿Visited by Rev. H. Povolny,,,﻿Rev.,﻿H. Povolny,,,,,,,,1870,﻿,﻿,﻿St. Paul,StPaul
﻿stp.mn.0164,﻿church,﻿Church of St. Thomas,English,,,,﻿Sibley County,﻿Sibley County,﻿Jessenland,﻿Jessenland Township,﻿MN,,44.5989308,-93.9002357,,﻿,,,﻿Rev.,﻿Theodore Venn,,,,,,,,1870,﻿,﻿,﻿St. Paul,StPaul
﻿stp.mn.0165,﻿church,﻿Church of the Assumption,English,,,,﻿Sibley County,﻿Sibley County,﻿Washington Lake,﻿Washingon Lake Township,﻿MN,,44.6880182,-93.8888554,,﻿,,,﻿Rev.,﻿J. McDermott,,,,,,,,1870,﻿,﻿,﻿St. Paul,StPaul
﻿stp.mn.0166,﻿church,﻿Church of St. Joseph,English,,,,﻿Sibley County,﻿Sibley County,﻿Henderson,﻿Henderson,﻿MN,,44.5259874,-93.9081594,﻿stp.mn.0164,﻿Vistied by Rev. Theodore Venn,,,﻿Rev.,﻿Theodore Venn,,,,,,,,1870,﻿,﻿,﻿St. Paul,StPaul
﻿stp.mn.0167,﻿church,not recorded,English,,,,﻿Sibley County,﻿Sibley County,﻿St. John's,﻿Belle Plaine,﻿MN,,44.665,-93.8005,﻿stp.mn.0165,﻿Visited by Rev. J. McDermott,,,﻿Rev.,﻿J. McDermott,,,,,,,,1870,﻿,﻿,﻿St. Paul,StPaul
﻿stp.mn.0168,﻿church,not recorded,English,,,,﻿Sibley County,﻿Sibley County,﻿Green Isle,﻿Green Isle,﻿MN,,44.6791292,-94.008304,﻿stp.mn.0165,﻿Visited by Rev. J. McDermott,,,﻿Rev.,﻿J. McDermott,,,,,,,,1870,﻿,﻿,﻿St. Paul,StPaul
﻿stp.mn.0169,﻿church,not recorded,English,,,,﻿Sibley County,﻿Sibley County,﻿Arlington,﻿Arlington,﻿MN,,44.6082966,-94.0805278,﻿stp.mn.0164,﻿Visited by Rev. T. Venn,,﻿the_venn_001,﻿Rev.,﻿T. Venn,,,,,,,,1870,﻿,﻿,﻿St. Paul,StPaul
﻿stp.mn.0170,﻿station,not recorded,English,,,,﻿Sherburne County,﻿Sherburne County,﻿Elk River,﻿Elk River,﻿MN,,45.303218,-93.5547381,﻿stp.mn.0073,﻿Visited by Rev. P. Maurer,,﻿pro_maurer_001,﻿Rev.,﻿P. Maurer,,,,,,,,1870,﻿,﻿,﻿St. Paul,StPaul
﻿stp.mn.0171,﻿station,not recorded,English,,,,﻿Sherburne County,﻿Sherburne County,﻿Pleasant Valley,﻿Becker,﻿MN,,45.38647926,-93.8741416,﻿stp.mn.0221,﻿Visited by Rev. A. Burns O.S.B.,,﻿aug_burns_001,﻿Rev.,﻿A. Burns,﻿O.S.B.,,,,,,,1870,﻿,﻿,﻿St. Paul,StPaul
﻿stp.mn.0172,﻿station,not recorded,English,,,,﻿Sherburne County,﻿Sherburne County,﻿Clear Lake,﻿Clear Lake,﻿MN,,45.4466203,-93.9963128,﻿stp.mn.0221,﻿Visited by Rev. A. Burns O.S.B.,,﻿aug_burns_001,﻿Rev.,﻿A. Burns,﻿O.S.B.,,,,,,,1870,﻿,﻿,﻿St. Paul,StPaul
﻿stp.mn.0173,﻿church,not recorded,English,,,,﻿Todd County,﻿Todd County,﻿Long Prairie,﻿Long Prairie,﻿MN,,45.9746867,-94.8655775,﻿stp.mn.0113,﻿Visited by Rev. J. Buh of Belle Prairie,,﻿jos_buh_001,﻿Rev.,﻿J. Buh,,,,,,,,1870,﻿,﻿,﻿St. Paul,StPaul
﻿stp.mn.0174,﻿church,not recorded,English,,,,﻿Wright County,﻿Wright County,﻿Frankfort,﻿Frankfort Township,﻿MN,,45.1538202,-94.0190943,,﻿,,﻿geo_koering_001,﻿Rev.,﻿G. Koering,,,,,,,,1870,﻿,﻿,﻿St. Paul,StPaul
﻿stp.mn.0175,﻿church,not recorded,English,,,,﻿Wright County,﻿Wright County,﻿Pelican Lake,﻿Pelican Lake,﻿MN,,45.2216531,-93.7472394,﻿stp.mn.0174,﻿Visited by Rev. G. Koering,,﻿geo_koering_001,﻿Rev.,﻿G. Koering,,,,,,,,1870,﻿,﻿,﻿St. Paul,StPaul
﻿stp.mn.0176,﻿church,not recorded,English,,,,﻿Wright County,﻿Wright County,﻿Franklin,﻿Franklin Township,﻿MN,,45.0283669,-93.8576853,﻿stp.mn.0174,﻿Visited by Rev. G. Koering,,﻿geo_koering_001,﻿Rev.,﻿G. Koering,,,,,,,,1870,﻿,﻿,﻿St. Paul,StPaul
﻿stp.mn.0177,﻿church,not recorded,English,,,,﻿Wright County,﻿Wright County,﻿Waverly,﻿Waverly,﻿MN,,45.0643283,-93.9679204,,﻿,,,﻿Rev.,﻿C. Robert,,,,,,,,1870,﻿,﻿,﻿St. Paul,StPaul
﻿stp.mn.0178,﻿station,not recorded,English,,,,﻿Wright County,﻿Wright County,﻿French Lake,﻿French Lake,﻿MN,,45.1999643,-94.1855384,﻿stp.mn.0021,﻿Visited by Rev. C. Robert,,,﻿Rev.,﻿C. Robert,,,,,,,,1870,﻿,﻿,﻿St. Paul,StPaul
﻿stp.mn.0179,﻿station,not recorded,English,,,,﻿Wright County,﻿Wright County,﻿Maple Lake,﻿Maple Lake,﻿MN,,45.2299207,-94.0038756,﻿stp.mn.0174,﻿Visited by Rev. G. Koering,,﻿geo_koering_001,﻿Rev.,﻿G. Koering,,,,,,,,1870,﻿,﻿,﻿St. Paul,StPaul
﻿stp.mn.0180,﻿station,not recorded,English,,,,﻿Wright County,﻿Wright County,﻿Monticello,﻿Monticello,﻿MN,,45.3055201,-93.7941378,﻿stp.mn.0174,﻿Visited by Rev. G. Koering,,﻿geo_koering_001,﻿Rev.,﻿G. Koering,,,,,,,,1870,﻿,﻿,﻿St. Paul,StPaul
﻿stp.mn.0181,﻿station,not recorded,English,,,,﻿Wright County,﻿Wright County,﻿Rockford,﻿Rockford,﻿MN,,45.0872861,-93.7415093,﻿stp.mn.0174,﻿Visited by Rev. G. Koering,,﻿geo_koering_001,﻿Rev.,﻿G. Koering,,,,,,,,1870,﻿,﻿,﻿St. Paul,StPaul
﻿stp.mn.0182,﻿church,﻿Church of the Nativity,English,,,,﻿Waseca County,﻿Waseca County,﻿St. Mary's,﻿St. Mary's,﻿MN,,44.0584363,-93.6015207,﻿stp.mn.0129,﻿Visited by Rev. B. Bauman,,,﻿Rev.,﻿B. Bauman,,,,,,,,1870,﻿,﻿,﻿St. Paul,StPaul
﻿stp.mn.0183,﻿station,not recorded,English,,,,﻿Waseca County,﻿Waseca County,﻿Bloomington,﻿Blooming Grove Townshi[,﻿MN,,44.1834377,-93.46943914,﻿stp.mn.0129,﻿Visited by Rev. B. Bauman,,,﻿Rev.,﻿B. Bauman,,,,,,,,1870,﻿,﻿,﻿St. Paul,StPaul
﻿stp.mn.0184,﻿station,not recorded,English,,,,﻿Waseca County,﻿Waseca County,﻿Okoman,﻿Janesville Township,﻿MN,,44.19539195,-93.65168727,﻿stp.mn.0129,﻿Visited by Rev. B. Bauman,,,﻿Rev.,﻿B. Bauman,,,,,,,,1870,﻿,﻿,﻿St. Paul,StPaul
﻿stp.mn.0185,﻿station,not recorded,English,,,,﻿Waseca County,﻿Waseca County,﻿Janesville,﻿Janesville,﻿MN,,44.11541798,-93.70797538,﻿stp.mn.0129,﻿Visited by Rev. B. Bauman,,,﻿Rev.,﻿B. Bauman,,,,,,,,1870,﻿,﻿,﻿St. Paul,StPaul
﻿stp.mn.0186,﻿church,﻿Church of St. Felix,English,,,,﻿Wabasha County,﻿Wabasha County,﻿Wabasha,﻿Wabasha,﻿MN,,44.3810668,-92.0324757,,﻿,,,﻿Rev.,﻿James Trobec,,,,,,,,1870,﻿,﻿,﻿St. Paul,StPaul
﻿stp.mn.0187,﻿church,not recorded,English,,,,﻿Wabasha County,﻿Wabasha County,﻿Lake City,﻿Lake City,﻿MN,,44.4492982,-92.2666914,,﻿,,,﻿Rev.,﻿Joseph Hermon,,,,,,,,1870,﻿,﻿,﻿St. Paul,StPaul
﻿stp.mn.0188,﻿church,not recorded,English,,,,﻿Wabasha County,﻿Wabasha County,﻿West Albany,﻿West Albany,﻿MN,,44.3013559,-92.2854536,﻿stp.mn.0187,﻿Visited by Rev. Joseph Hermon,,,﻿Rev.,﻿Joseph Hermon,,,,,,,,1870,﻿,﻿,﻿St. Paul,StPaul
﻿stp.mn.0189,﻿church,not recorded,English,,,,﻿Wabasha County,﻿Wabasha County,﻿Highland,﻿Highland Township,﻿MN,,44.2471432,-92.1253854,﻿stp.mn.0186,﻿Visited by Rev. James Trobec,,,﻿Rev.,﻿James Trobec,,,,,,,,1870,﻿,﻿,﻿St. Paul,StPaul
﻿stp.mn.0190,﻿church,not recorded,English,,,,﻿Wabasha County,﻿Wabasha County,﻿Pell,﻿Oakwood Township,﻿MN,,44.2448942,-92.2433487,﻿stp.mn.0186,﻿Visited by Rev. James Trobec,,,﻿Rev.,﻿James Trobec,,,,,,,,1870,﻿,﻿,﻿St. Paul,StPaul
﻿stp.mn.0191,﻿station,not recorded,English,,,,﻿Wabasha County,﻿Wabasha County,﻿Minneiska,﻿Minneiska,﻿MN,,44.1949642,-91.8718246,﻿stp.mn.0186,﻿Visited by Rev. James Trobec,,,﻿Rev.,﻿James Trobec,,,,,,,,1870,﻿,﻿,﻿St. Paul,StPaul
﻿stp.mn.0192,﻿station,not recorded,English,,,,﻿Wabasha County,﻿Wabasha County,﻿Snake Creek,﻿Snake Creek,﻿MN,,44.2528107,-91.9787995,﻿stp.mn.0186,﻿Visited by Rev. James Trobec,,,﻿Rev.,﻿James Trobec,,,,,,,,1870,﻿,﻿,﻿St. Paul,StPaul
﻿stp.mn.0193,﻿station,not recorded,English,,,,﻿Wabasha County,﻿Wabasha County,﻿Sand Prairie,﻿Sand Prairie,﻿MN,,44.35137858,-91.97339524,﻿stp.mn.0186,﻿Visited by Rev. James Trobec,,,﻿Rev.,﻿James Trobec,,,,,,,,1870,﻿,﻿,﻿St. Paul,StPaul
﻿stp.mn.0194,﻿station,not recorded,English,,,,﻿Wabasha County,﻿Wabasha County,﻿Plainview,﻿Plainview,﻿MN,,44.1618409,-92.16953994,﻿stp.mn.0186,﻿Visited by Rev. James Trobec,,,﻿Rev.,﻿James Trobec,,,,,,,,1870,﻿,﻿,﻿St. Paul,StPaul
﻿stp.mn.0195,﻿station,not recorded,English,,,,﻿Wabasha County,﻿Wabasha County,﻿Backer's Settlement,,﻿MN,,44.38700326,-92.04359273,﻿stp.mn.0186,﻿Visited by Rev. James Trobec,,,﻿Rev.,﻿James Trobec,,,,,,,,1870,﻿,﻿,﻿St. Paul,StPaul
﻿stp.mn.0196,﻿church,﻿Church of St. Joseph,﻿German,,,,﻿Winona County,﻿Winona County,﻿Winona,﻿Winona,﻿MN,,44.0553908,-91.6663523,,﻿,,,﻿Rev.,﻿A. Plut,,,,,,,,1870,﻿,﻿,﻿St. Paul,StPaul
﻿stp.mn.0197,﻿church,﻿Church of St. Thomas,﻿English,,,,﻿Winona County,﻿Winona County,﻿Winona,﻿Winona,﻿MN,,44.0553908,-91.6663523,,﻿,,,﻿Rev.,﻿A. Plut,,,,,,,,1870,﻿,﻿,﻿St. Paul,StPaul
﻿stp.mn.0198,﻿church,﻿Holy Trinity Church,English,,,,﻿Winona County,﻿Winona County,﻿Rollingstone,﻿Rollingstone,﻿MN,,44.097895,-91.818972,,﻿,,,﻿Rev.,﻿C. Koberl,,,,,,,,1870,﻿,﻿,﻿St. Paul,StPaul
﻿stp.mn.0199,﻿station,not recorded,English,,,,﻿Winona County,﻿Winona County,﻿Hart,﻿Hart Township,﻿MN,,43.8914987,-91.7928402,﻿stp.mn.0198,﻿Visited by Rev. C. Koberl,,,﻿Rev.,﻿C. Koberl,,,,,,,,1870,﻿,﻿,﻿St. Paul,StPaul
﻿stp.mn.0200,﻿church,not recorded,English,,,,﻿Winona County,﻿Winona County,﻿St. Charles,﻿St. Charles,﻿MN,,43.9694165,-92.064194,﻿stp.mn.0196,﻿Visited by Rev. A. Plut,,,﻿Rev.,﻿A. Plut,,,,,,,,1870,﻿,﻿,﻿St. Paul,StPaul
﻿stp.mn.0201,﻿station,not recorded,English,,,,﻿Winona County,﻿Winona County,﻿Elba,﻿Elba,﻿MN,,44.0885748,-92.0187721,﻿stp.mn.0196,﻿Visited by Rev. A. Plut,,,﻿Rev.,﻿A. Plut,,,,,,,,1870,﻿,﻿,﻿St. Paul,StPaul
﻿stp.mn.0202,﻿station,not recorded,English,,,,﻿Watauwan County,﻿Watonwan County,﻿Madelia,﻿Madelia,﻿MN,,44.0507937,-94.4182981,﻿stp.mn.0014,﻿Visited by Rev. V. Sommereisen,,,﻿Rev.,﻿V. Sommereisen,,,,,,,,1870,﻿,﻿,﻿St. Paul,StPaul
﻿stp.mn.0203,﻿church,﻿Church of St. Michael,English,,,,﻿Washington County,﻿Washington County,﻿Stillwater,﻿Stillwater,﻿MN,,45.0511579,-92.8063007,,﻿,,,﻿Rev.,﻿Thomas Murray,,,,,,,,1870,﻿,﻿,﻿St. Paul,StPaul
﻿stp.mn.0204,﻿church,﻿St. Mary,﻿German,,,,﻿Washington County,﻿Washington County,﻿Stillwater,﻿Stillwater,﻿MN,,45.0520803,-92.8097268,,﻿,,,﻿Rev.,﻿William Lette,,,,,,,,1870,﻿,﻿,﻿St. Paul,StPaul
﻿stp.mn.0205,﻿station,not recorded,English,,,,﻿Washington County,﻿Washington County,﻿Oakdale,﻿Oakdale,﻿MN,,44.9630216,-92.9649361,﻿stp.mn.0204,﻿Visited by Rev. William Lette,,,﻿Rev.,﻿William Lette,,,,,,,,1870,﻿,﻿,﻿St. Paul,StPaul
﻿stp.mn.0206,﻿church,not recorded,English,,,,﻿Washington County,﻿Washington County,﻿Malone,﻿Cottage Grove,﻿MN,,44.75691545,-92.82004521,﻿stp.mn.0203,﻿Visited by Rev. Thomas Murray,,,﻿Rev.,﻿Thomas Murray,,,,,,,,1870,﻿,﻿,﻿St. Paul,StPaul
﻿stp.mn.0207,﻿church,not recorded,English,,,,﻿Wilkin County,﻿Wilkin County,﻿McCauleyville,﻿McCauleyville,﻿MN,,46.4416272,-96.7078549,,﻿,,,﻿Rev.,﻿J. B. Genin,﻿O.M.I.,,,,,,,1870,﻿,﻿,﻿St. Paul,StPaul
﻿stp.mn.0208,﻿mission,not recorded,English,﻿Indian Mission,,,﻿Itasca County,﻿St. Louis County,,﻿Fond du Lac Reservation,﻿MN,,46.7469899,-92.49105857,﻿stp.mn.0031,﻿Attended to by Rev. Francis Pierz,,﻿fra_x_pierz_001,﻿Rev.,﻿Francis Pierz,,,,,,,,1870,﻿,﻿,﻿St. Paul,StPaul
﻿stp.mn.0208,﻿mission,not recorded,English,﻿Indian Mission,,,﻿Itasca County,﻿St. Louis County,,﻿Fond du Lac Reservation,﻿MN,,46.7469899,-92.49105857,,﻿Attended to by Rev. J. Tomazin,,,﻿Rev.,﻿J. Tomazin,,,,,,,,1870,﻿,﻿,﻿St. Paul,StPaul
﻿stp.mn.0208,﻿mission,not recorded,English,﻿Indian Mission,,,﻿Itasca County,﻿St. Louis County,,﻿Fond du Lac Reservation,﻿MN,,46.7469899,-92.49105857,﻿stp.mn.0113,﻿Attended to by Rev. J. Buh,,﻿jos_buh_001,﻿Rev.,﻿J. Buh,,,,,,,,1870,﻿,﻿,﻿St. Paul,StPaul
﻿stp.mn.0210,﻿mission,not recorded,English,﻿Indian Mission,,,﻿Mille Lacs County,﻿Mille Lacs County,,﻿Mille Lacs Lake,﻿MN,,46.07374394,-93.66111478,﻿stp.mn.0031,﻿Attended to by Rev. Francis Pierz,,﻿fra_x_pierz_001,﻿Rev.,﻿Francis Pierz,,,,,,,,1870,﻿,﻿,﻿St. Paul,StPaul
﻿stp.mn.0210,﻿mission,not recorded,English,﻿Indian Mission,,,﻿Mille Lacs County,﻿Mille Lacs County,,﻿Mille Lacs Lake,﻿MN,,46.07374394,-93.66111478,,﻿Attended to by Rev. J. Tomazin,,,﻿Rev.,﻿J. Tomazin,,,,,,,,1870,﻿,﻿,﻿St. Paul,StPaul
﻿stp.mn.0210,﻿mission,not recorded,English,﻿Indian Mission,,,﻿Mille Lacs County,﻿Mille Lacs County,,﻿Mille Lacs Lake,﻿MN,,46.07374394,-93.66111478,﻿stp.mn.0113,﻿Attended to by Rev. J. Buh,,﻿jos_buh_001,﻿Rev.,﻿J. Buh,,,,,,,,1870,﻿,﻿,﻿St. Paul,StPaul
﻿stp.mn.0211,﻿mission,not recorded,English,﻿Indian Mission,,,﻿Morrison County,﻿Morrison County,,﻿Buh Township,﻿MN,,46.01888098,-94.12131731,﻿stp.mn.0031,﻿Attended to by Rev. Francis Pierz,,﻿fra_x_pierz_001,﻿Rev.,﻿Francis Pierz,,,,,,,,1870,﻿,﻿,﻿St. Paul,StPaul
﻿stp.mn.0211,﻿mission,not recorded,English,﻿Indian Mission,,,﻿Morrison County,﻿Morrison County,,﻿Buh Township,﻿MN,,46.01888098,-94.12131731,,﻿Attended to by Rev. J. Tomazin,,,﻿Rev.,﻿J. Tomazin,,,,,,,,1870,﻿,﻿,﻿St. Paul,StPaul
﻿stp.mn.0211,﻿mission,not recorded,English,﻿Indian Mission,,,﻿Morrison County,﻿Morrison County,,﻿Buh Township,﻿MN,,46.01888098,-94.12131731,﻿stp.mn.0113,﻿Attended to by Rev. J. Buh,,﻿jos_buh_001,﻿Rev.,﻿J. Buh,,,,,,,,1870,﻿,﻿,﻿St. Paul,StPaul
﻿stp.mn.0212,﻿mission,not recorded,English,﻿Indian Mission,,,﻿Todd County,﻿Todd County,,﻿Long Prairie,﻿MN,,45.97358938,-94.85851539,﻿stp.mn.0031,﻿Attended to by Rev. Francis Pierz,,﻿fra_x_pierz_001,﻿Rev.,﻿Francis Pierz,,,,,,,,1870,﻿,﻿,﻿St. Paul,StPaul
﻿stp.mn.0212,﻿mission,not recorded,English,﻿Indian Mission,,,﻿Todd County,﻿Todd County,,﻿Long Prairie,﻿MN,,45.97358938,-94.85851539,,﻿Attended to by Rev. J. Tomazin,,,﻿Rev.,﻿J. Tomazin,,,,,,,,1870,﻿,﻿,﻿St. Paul,StPaul
﻿stp.mn.0212,﻿mission,not recorded,English,﻿Indian Mission,,,﻿Todd County,﻿Todd County,,﻿Long Prairie,﻿MN,,45.97358938,-94.85851539,﻿stp.mn.0113,﻿Attended to by Rev. J. Buh,,﻿jos_buh_001,﻿Rev.,﻿J. Buh,,,,,,,,1870,﻿,﻿,﻿St. Paul,StPaul
﻿stp.mn.0213,﻿mission,not recorded,English,﻿Indian Mission,,,﻿Otter Tail County,﻿Otter Tail County,,﻿Otter Tail,﻿MN,,46.42843653,-95.57973,﻿stp.mn.0031,﻿Attended to by Rev. Francis Pierz,,﻿fra_x_pierz_001,﻿Rev.,﻿Francis Pierz,,,,,,,,1870,﻿,﻿,﻿St. Paul,StPaul
﻿stp.mn.0213,﻿mission,not recorded,English,﻿Indian Mission,,,﻿Otter Tail County,﻿Otter Tail County,,﻿Otter Tail,﻿MN,,46.42843653,-95.57973,,﻿Attended to by Rev. J. Tomazin,,,﻿Rev.,﻿J. Tomazin,,,,,,,,1870,﻿,﻿,﻿St. Paul,StPaul
﻿stp.mn.0213,﻿mission,not recorded,English,﻿Indian Mission,,,﻿Otter Tail County,﻿Otter Tail County,,﻿Otter Tail,﻿MN,,46.42843653,-95.57973,﻿stp.mn.0113,﻿Attended to by Rev. J. Buh,,﻿jos_buh_001,﻿Rev.,﻿J. Buh,,,,,,,,1870,﻿,﻿,﻿St. Paul,StPaul
﻿stp.mn.0214,﻿mission,not recorded,English,﻿Indian Mission,,,﻿Cass County,﻿Cass County,,﻿Cass Lake,﻿MN,,47.38064809,-94.60311417,﻿stp.mn.0031,﻿Attended to by Rev. Francis Pierz,,﻿fra_x_pierz_001,﻿Rev.,﻿Francis Pierz,,,,,,,,1870,﻿,﻿,﻿St. Paul,StPaul
﻿stp.mn.0214,﻿mission,not recorded,English,﻿Indian Mission,,,﻿Cass County,﻿Cass County,,﻿Cass Lake,﻿MN,,47.38064809,-94.60311417,,﻿Attended to by Rev. J. Tomazin,,,﻿Rev.,﻿J. Tomazin,,,,,,,,1870,﻿,﻿,﻿St. Paul,StPaul
﻿stp.mn.0214,﻿mission,not recorded,English,﻿Indian Mission,,,﻿Cass County,﻿Cass County,,﻿Cass Lake,﻿MN,,47.38064809,-94.60311417,﻿stp.mn.0113,﻿Attended to by Rev. J. Buh,,﻿jos_buh_001,﻿Rev.,﻿J. Buh,,,,,,,,1870,﻿,﻿,﻿St. Paul,StPaul
﻿stp.mn.0214,﻿mission,not recorded,English,﻿Indian Mission,,,﻿Cass County,﻿Cass County,,﻿Leech Lake,﻿MN,,47.10030771,-94.60311417,﻿stp.mn.0031,﻿Attended to by Rev. Francis Pierz,,﻿fra_x_pierz_001,﻿Rev.,﻿Francis Pierz,,,,,,,,1870,﻿,﻿,﻿St. Paul,StPaul
﻿stp.mn.0214,﻿mission,not recorded,English,﻿Indian Mission,,,﻿Cass County,﻿Cass County,,﻿Leech Lake,﻿MN,,47.10030771,-94.60311417,,﻿Attended to by Rev. J. Tomazin,,,﻿Rev.,﻿J. Tomazin,,,,,,,,1870,﻿,﻿,﻿St. Paul,StPaul
﻿stp.mn.0214,﻿mission,not recorded,English,﻿Indian Mission,,,﻿Cass County,﻿Cass County,,﻿Leech Lake,﻿MN,,47.10030771,-94.60311417,﻿stp.mn.0113,﻿Attended to by Rev. J. Buh,,﻿jos_buh_001,﻿Rev.,﻿J. Buh,,,,,,,,1870,﻿,﻿,﻿St. Paul,StPaul
﻿stp.mn.0215,﻿mission,not recorded,English,﻿Indian Mission,,,﻿Polk County,﻿Polk County,,﻿Red Lake,﻿MN,,47.87682276,-95.01267907,﻿stp.mn.0031,﻿Attended to by Rev. Francis Pierz,,﻿fra_x_pierz_001,﻿Rev.,﻿Francis Pierz,,,,,,,,1870,﻿,﻿,﻿St. Paul,StPaul
﻿stp.mn.0215,﻿mission,not recorded,English,﻿Indian Mission,,,﻿Polk County,﻿Polk County,,﻿Red Lake,﻿MN,,47.87682276,-95.01267907,,﻿Attended to by Rev. J. Tomazin,,,﻿Rev.,﻿J. Tomazin,,,,,,,,1870,﻿,﻿,﻿St. Paul,StPaul
﻿stp.mn.0215,﻿mission,not recorded,English,﻿Indian Mission,,,﻿Polk County,﻿Polk County,,﻿Red Lake,﻿MN,,47.87682276,-95.01267907,﻿stp.mn.0113,﻿Attended to by Rev. J. Buh,,﻿jos_buh_001,﻿Rev.,﻿J. Buh,,,,,,,,1870,﻿,﻿,﻿St. Paul,StPaul
﻿stp.mn.0216,﻿mission,not recorded,English,﻿Indian Mission,,,﻿Aitken County,﻿Aitkin County,,﻿Big Sandy Lake,﻿MN,,46.73570009,-93.28845276,﻿stp.mn.0031,﻿Attended to by Rev. Francis Pierz,,﻿fra_x_pierz_001,﻿Rev.,﻿Francis Pierz,,,,,,,,1870,﻿,﻿,﻿St. Paul,StPaul
﻿stp.mn.0216,﻿mission,not recorded,English,﻿Indian Mission,,,﻿Aitken County,﻿Aitkin County,,﻿Big Sandy Lake,﻿MN,,46.73570009,-93.28845276,,﻿Attended to by Rev. J. Tomazin,,,﻿Rev.,﻿J. Tomazin,,,,,,,,1870,﻿,﻿,﻿St. Paul,StPaul
﻿stp.mn.0216,﻿mission,not recorded,English,﻿Indian Mission,,,﻿Aitken County,﻿Aitkin County,,﻿Big Sandy Lake,﻿MN,,46.73570009,-93.28845276,﻿stp.mn.0113,﻿Attended to by Rev. J. Buh,,﻿jos_buh_001,﻿Rev.,﻿J. Buh,,,,,,,,1870,﻿,﻿,﻿St. Paul,StPaul
﻿stp.mn.0217_01,﻿mission,﻿Mission of Half-Breeds and Chippewas,English,﻿Indian Mission,﻿at Pembina,,,﻿Pembina County,,﻿Pembina,,﻿ND,48.96908301,-97.24112949,,﻿,,,﻿Rev.,﻿F. Richer,﻿O.M.I.,,,,,,,1870,﻿,﻿,﻿St. Paul,StPaul
﻿stp.mn.0217_01,﻿mission,﻿Mission of Half-Breeds and Chippewas,English,﻿Indian Mission,﻿at Pembina,,,﻿Pembina County,,﻿Pembina,,,48.96908301,-97.24112949,,﻿,,,﻿Rev.,﻿F. Ledue,﻿O.M.I.,,,,,,,1870,﻿,﻿,﻿St. Paul,StPaul
﻿stp.mn.0217_02,﻿mission,﻿Mission of Half-Breeds and Chippewas,English,﻿Indian Mission,"﻿at St. Joseph, Red River of the North",,,﻿Pembina County,﻿St. Joseph,﻿Walhalla,,﻿ND,48.92114082,-97.91772237,,,,,﻿Rev.,﻿F. Richer,﻿O.M.I.,,,,,,,1870,﻿,﻿,﻿St. Paul,StPaul
﻿stp.mn.0217_02,﻿mission,﻿Mission of Half-Breeds and Chippewas,English,﻿Indian Mission,"﻿at St. Joseph, Red River of the North",,,﻿Pembina County,﻿St. Joseph,﻿Walhalla,,,48.92114082,-97.91772237,,,,,﻿Rev.,﻿F. Ledue,﻿O.M.I.,,,,,,,1870,﻿,﻿,﻿St. Paul,StPaul
﻿stp.mn.0218,﻿mission,﻿Mission of Font du Lac,English,﻿Indian Mission,﻿near Superior City,,,,,,﻿MN,,46.74713465,-92.49110066,﻿lac.wi.0004,"﻿Visited by Rev. John Chebul of Bayfield, Wisconsin",,﻿joh_chebul_002,﻿Rev.,﻿John Chebul,,,,,,,,1870,﻿,﻿,﻿St. Paul,StPaul
﻿stp.mn.0219,﻿mission,not recorded,English,﻿Indian Mission,﻿north shore of Lake Superior,,,﻿Cook County,﻿Grand Portage,﻿Grand Portage,﻿MN,,47.96621431,-89.68279843,,﻿Attended by the Jesuit Fathers at Fort William,,,,,,,,,,,,1870,﻿,﻿,﻿St. Paul,StPaul
﻿stp.mn.0220,﻿seminary,not recorded,English,"﻿Preparatory Seminary. The Theological Students of the Diocese are distributed between All-Hallows', Dublin; St. John's College, Minnesota; and St. Vincent's Seminary, Cape Girardeau, Mo.",,,,,﻿St. Paul,﻿St. Paul,﻿MN,,45.03887685,-93.16884894,,,,,,,,,,,,,,1870,﻿,﻿,﻿St. Paul,StPaul
﻿stp.mn.0228_03,﻿abbey,﻿Abbey of St. Louis on the Lake,English,,﻿Clinton P.O.,,﻿Stearns County,﻿Stearns County,,﻿Collegeville,﻿MN,,45.57976835,-94.39389173,,,,,﻿Rt. Rev.,﻿Rupert Seidenbush,﻿O.S.B.,﻿Abbot,,﻿priest,"﻿14 priests, ten of whom are employed in missionary duties",﻿the Order of St. Benedict,,1870,﻿,﻿,﻿St. Paul,StPaul
﻿stp.mn.0228_03,﻿abbey,﻿Abbey of St. Louis on the Lake,English,,﻿Clinton P.O.,,﻿Stearns County,﻿Stearns County,,﻿Collegeville,﻿MN,,45.57976835,-94.39389173,,,,,﻿Very Rev.,﻿Benedict Haindl,﻿O.S.B.,﻿Prior,,﻿cleric,﻿8 clerics,﻿the Order of St. Benedict,,1870,﻿,﻿,﻿St. Paul,StPaul
﻿stp.mn.0228_03,﻿abbey,﻿Abbey of St. Louis on the Lake,English,,﻿Clinton P.O.,,﻿Stearns County,﻿Stearns County,,﻿Collegeville,﻿MN,,45.57976835,-94.39389173,,,,,,,,,,﻿scholastic,﻿25 scholastics,﻿the Order of St. Benedict,,1870,﻿,﻿,﻿St. Paul,StPaul
﻿stp.mn.0228_03,﻿abbey,﻿Abbey of St. Louis on the Lake,English,,﻿Clinton P.O.,,﻿Stearns County,﻿Stearns County,,﻿Collegeville,﻿MN,,45.57976835,-94.39389173,,,,,,,,,,﻿lay brother,﻿16 lay brothers,﻿the Order of St. Benedict,,1870,﻿,﻿,﻿St. Paul,StPaul
﻿stp.mn.0222,﻿convent,﻿St. Mary's Convent,English,,,,,,﻿St. Anthony,﻿St. Anthony,﻿MN,,44.99636283,-93.26524772,,,,,,,,,,﻿36 Sisters and 14 novices across the schools and convents,,,,1870,﻿,﻿,﻿St. Paul,StPaul
﻿stp.mn.0223,﻿school,not recorded,English,,,,,,﻿Minneapolis,﻿Minneapolis,﻿MN,,44.977753,-93.2650108,,,,,,,,,,﻿36 Sisters and 14 novices across the schools and convents,,,,1870,﻿,﻿,﻿St. Paul,StPaul
﻿stp.mn.0224,﻿convent,﻿Convent of Immaculate Conception,English,,,,,,﻿Mendota,﻿Mendota,﻿MN,,44.88797662,-93.16593783,,,,,,,,,,﻿36 Sisters and 14 novices across the schools and convents,,,,1870,﻿,﻿,﻿St. Paul,StPaul
﻿stp.mn.0249,﻿school,not recorded,English,,,,,,﻿Mendota,﻿Mendota,﻿MN,,44.88797662,-93.16593783,,,,,,,,,,﻿36 Sisters and 14 novices across the schools and convents,,,﻿School under charge of Sisters of St. Joseph,1870,﻿,﻿,﻿St. Paul,StPaul
﻿stp.mn.0249,﻿school,not recorded,English,,,,,,﻿Mendota,﻿Mendota,﻿MN,,44.88797662,-93.16593783,,,,,,,,,,﻿scholar,﻿One hundred and twenty scholars,﻿School under charge of Sisters of St. Joseph,,1870,﻿,﻿,﻿St. Paul,StPaul
﻿stp.mn.0225_04,﻿novitiate,﻿Sisters of St. Joseph,English,,,,,,﻿St. Paul,﻿St. Paul,﻿MN,,44.94912417,-93.11540508,,,,,﻿Sister,﻿Mechtildis,,﻿Provincial,,,,﻿under charge of Sisters of St. Joseph,,1870,﻿,﻿,﻿St. Paul,StPaul
﻿stp.mn.0231_02,﻿convent,﻿Nuns of St. Benedict,English,,,,﻿Stearns County,﻿Stearns County,﻿St. Joseph,﻿St. Joseph,﻿MN,,45.5634718,-94.31960819,,,,,﻿Sister,﻿Antonio,,﻿Prioress,,﻿nun,﻿Twelve nuns,﻿under charge of Nuns of St. Benedict,,1870,﻿,﻿,﻿St. Paul,StPaul
﻿stp.mn.0227_01,﻿convent,﻿Nuns of St. Benedict,English,,,,,,﻿Shakopee,﻿Shakopee,﻿MN,,44.77175011,-93.50197339,,,,,,,,,,﻿nun,﻿Six nuns,﻿under charge of Nuns of St. Benedict,,1870,﻿,﻿,﻿St. Paul,StPaul
﻿stp.mn.0230_03,﻿school,not recorded,English,﻿schools operated by Sisters of the Third Order of St. Dominick,,,﻿Faribault County,,﻿Faribault,﻿Faribault,﻿MN,,44.977753,-93.2650108,,,,,﻿Sister,﻿Gertrude,,﻿Superior,,﻿sister,﻿Five sisters,﻿Sisters of the Third Order of St. Dominick,,1870,﻿,﻿,﻿St. Paul,StPaul
﻿stp.mn.0228_02,﻿college,﻿St. John's College,English,,"﻿in connection with the Abbey of St. Louis on the Lake, Clinton P.O.",,﻿Stearns County,﻿Stearns County,,﻿Collegeville,﻿MN,,45.57976835,-94.39389173,,,,,﻿Rt. Rev.,﻿Rupert Seidenbush,,"﻿Abbot, Director of the College",,﻿assistant professor,"﻿There are, besides, six Assistant Professors",﻿under the direction of the Benedictine Fathers,,1870,﻿,﻿,﻿St. Paul,StPaul
﻿stp.mn.0228_02,﻿college,﻿St. John's College,English,,"﻿in connection with the Abbey of St. Louis on the Lake, Clinton P.O.",,﻿Stearns County,﻿Stearns County,,﻿Collegeville,﻿MN,,45.57976835,-94.39389173,,,,,﻿Rev.,﻿Wolfgang Northmann,﻿O.S.B.,"﻿Vice-Rector, Professor of Dogmatic Theology, Greek, and Latin",,﻿assistant professor,"﻿There are, besides, six Assistant Professors",﻿under the direction of the Benedictine Fathers,,1870,﻿,﻿,﻿St. Paul,StPaul
﻿stp.mn.0228_02,﻿college,﻿St. John's College,English,,"﻿in connection with the Abbey of St. Louis on the Lake, Clinton P.O.",,﻿Stearns County,﻿Stearns County,,﻿Collegeville,﻿MN,,45.57976835,-94.39389173,,,,,﻿Rev.,﻿Alexius Edelbrock,﻿O.S.B.,"﻿Professor of Moral Theology, Philosophy, History, Greek, and Latin",,﻿assistant professor,"﻿There are, besides, six Assistant Professors",﻿under the direction of the Benedictine Fathers,,1870,﻿,﻿,﻿St. Paul,StPaul
﻿stp.mn.0228_02,﻿college,﻿St. John's College,English,,"﻿in connection with the Abbey of St. Louis on the Lake, Clinton P.O.",,﻿Stearns County,﻿Stearns County,,﻿Collegeville,﻿MN,,45.57976835,-94.39389173,,,,,﻿Rev.,﻿Valentine Stimmler,﻿O.S.B.,﻿Prefect of Discipline,,﻿assistant professor,"﻿There are, besides, six Assistant Professors",﻿under the direction of the Benedictine Fathers,,1870,﻿,﻿,﻿St. Paul,StPaul
﻿stp.mn.0228_02,﻿college,﻿St. John's College,English,,"﻿in connection with the Abbey of St. Louis on the Lake, Clinton P.O.",,﻿Stearns County,﻿Stearns County,,﻿Collegeville,﻿MN,,45.57976835,-94.39389173,,,,,﻿Rev.,﻿Ulric Northman,﻿O.S.B.,"﻿Professor of English, Latin, and Music",,﻿assistant professor,"﻿There are, besides, six Assistant Professors",﻿under the direction of the Benedictine Fathers,,1870,﻿,﻿,﻿St. Paul,StPaul
﻿stp.mn.0228_02,﻿college,﻿St. John's College,English,,"﻿in connection with the Abbey of St. Louis on the Lake, Clinton P.O.",,﻿Stearns County,﻿Stearns County,,﻿Collegeville,﻿MN,,45.57976835,-94.39389173,,,,,,﻿Boniface Blum,﻿O.S.B.,﻿Professor of Greek and Algebra,,﻿assistant professor,"﻿There are, besides, six Assistant Professors",﻿under the direction of the Benedictine Fathers,,1870,﻿,﻿,﻿St. Paul,StPaul
﻿stp.mn.0228_02,﻿college,﻿St. John's College,English,,"﻿in connection with the Abbey of St. Louis on the Lake, Clinton P.O.",,﻿Stearns County,﻿Stearns County,,﻿Collegeville,﻿MN,,45.57976835,-94.39389173,,,,,,﻿Edmond Schwarz,﻿O.S.B.,﻿Professor of Latin and History,,﻿assistant professor,"﻿There are, besides, six Assistant Professors",﻿under the direction of the Benedictine Fathers,,1870,﻿,﻿,﻿St. Paul,StPaul
﻿stp.mn.0228_02,﻿college,﻿St. John's College,English,,"﻿in connection with the Abbey of St. Louis on the Lake, Clinton P.O.",,﻿Stearns County,﻿Stearns County,,﻿Collegeville,﻿MN,,45.57976835,-94.39389173,,,,,,﻿Bernard Lotzmiar,﻿O.S.B.,﻿Professor of Geometry,,﻿assistant professor,"﻿There are, besides, six Assistant Professors",﻿under the direction of the Benedictine Fathers,,1870,﻿,﻿,﻿St. Paul,StPaul
﻿stp.mn.0228_02,﻿college,﻿St. John's College,English,,"﻿in connection with the Abbey of St. Louis on the Lake, Clinton P.O.",,﻿Stearns County,﻿Stearns County,,﻿Collegeville,﻿MN,,45.57976835,-94.39389173,,,,,,﻿Vincent Schefferer,﻿O.S.B.,﻿Professor of Drawing and Penmanship,,﻿assistant professor,"﻿There are, besides, six Assistant Professors",﻿under the direction of the Benedictine Fathers,,1870,﻿,﻿,﻿St. Paul,StPaul
﻿stp.mn.0225_02,﻿academy,﻿St. Joseph's Academy,English,,,,,,﻿St. Paul,﻿St. Paul,﻿MN,,44.94912417,-93.11540508,,,,,,,,,,﻿boarder and day-scholar,﻿seventy-five boarders and day-scholars,﻿Sisters of St. Joseph,,1870,﻿,﻿,﻿St. Paul,StPaul
﻿stp.mn.0230_02,﻿academy,﻿Bethlehem Academy,English,,,,﻿Faribault County,,﻿Faribault,﻿Faribault,﻿MN,,44.28894347,-93.27234594,,,,,﻿Sister,﻿Gertrude,,﻿Superior,,﻿boarder and day-scholar,﻿Thirty boarders and day-scholars,﻿Sisters of the Third Order of St. Dominick,,1870,﻿,﻿,﻿St. Paul,StPaul
﻿stp.mn.0230_02,﻿academy,﻿Bethlehem Academy,English,,,,﻿Faribault County,,﻿Faribault,﻿Faribault,﻿MN,,44.28894347,-93.27234594,,,,,,,,,,﻿sister,﻿Five sisters,﻿Sisters of the Third Order of St. Dominick,,1870,﻿,﻿,﻿St. Paul,StPaul
﻿stp.mn.0231_03,﻿academy,﻿St. Benedict's Academy,English,,,,﻿Stearns County,,﻿St. Joseph,﻿St. Joseph,﻿MN,,45.5634645,-94.31959373,,,,,,,,,,,,﻿Sisters of St. Benedict,,1870,﻿,﻿,﻿St. Paul,StPaul
﻿stp.mn.0232,﻿academy,﻿Academy at Hokah,English,,,,﻿Houston County,,﻿Hokah,﻿Hokah,﻿MN,,45.5634645,-94.31959373,,,,,,,,,,﻿sister,﻿Five sisters,﻿Sisters of Notre Dame,,1870,﻿,﻿,﻿St. Paul,StPaul
﻿stp.mn.0001_02,﻿school,﻿St. Paul Cathedral School,English,"﻿under direction of the Sisters of St. Joseph, and secular teachers",,,,,﻿St. Paul,﻿St. Paul,﻿MN,,44.94591782,-93.09664594,,,,,,,,,,﻿scholar,﻿Five hundred scholars,﻿under direction of the Sisters of St. Joseph,,1870,﻿,﻿,﻿St. Paul,StPaul
﻿stp.mn.0002_02,﻿school,not recorded,﻿German,"﻿German school, under direction of the Sisters of St. Joseph, and secular teachers",,,,,﻿St. Paul,﻿St. Paul,﻿MN,,44.94762322,-93.09997016,,,,,,,,,,﻿scholar,﻿Four hundred and fifty scholars,﻿under direction of the Sisters of St. Joseph,,1870,﻿,﻿,﻿St. Paul,StPaul
﻿stp.mn.0235,﻿school,﻿St. Mary's Parochial School,English,,,,,,﻿St. Paul,﻿St. Paul,﻿MN,,44.95447596,-93.08448104,,,,,,,,,,﻿scholar,﻿One hundred and seventy-five scholars,﻿under direction of the Sisters of St. Joseph,,1870,﻿,﻿,﻿St. Paul,StPaul
﻿stp.mn.0236_02,﻿school,not recorded,English,,,,,,﻿St. Paul,﻿St. Paul,﻿MN,,44.93960234,-93.10529528,,,,,﻿Sister,﻿Mary Bernard,,﻿Superior,,﻿children,﻿Fifty-five children,﻿School under charge of the Sisters of the Good Shepherd,,1870,﻿,﻿,﻿St. Paul,StPaul
﻿stp.mn.0236_02,﻿school,not recorded,English,,,,,,﻿St. Paul,﻿St. Paul,﻿MN,,44.93960234,-93.10529528,,,,,,,,,,﻿sister,﻿Seven sisters,﻿School under charge of the Sisters of the Good Shepherd,,1870,﻿,﻿,﻿St. Paul,StPaul
﻿stp.mn.0237,﻿school,not recorded,English,,,,,,﻿Minneapolis,﻿Minneapolis,﻿MN,,44.977753,-93.2650108,,,,,,,,,,﻿scholar,﻿Two hundred scholars,﻿School under the direction of the Sisters of St. Joseph,,1870,﻿,﻿,﻿St. Paul,StPaul
﻿stp.mn.0238,﻿school,not recorded,English,,,,,,﻿St. Anthony,﻿St. Anthony,﻿MN,,44.99627816,-93.26394612,,,,,,,,,,﻿scholar,﻿One hundred and forty scholars,﻿School under direction of the Sisters of St. Joseph,,1870,﻿,﻿,﻿St. Paul,StPaul
﻿stp.mn.0227_02,﻿school,not recorded,English,,,,,,﻿Shakopee,﻿Shakopee,﻿MN,,44.77175011,-93.50197339,,,,,,,,,,,,﻿School under direction of the Sisters of St. Benedict,,1870,﻿,﻿,﻿St. Paul,StPaul
﻿stp.mn.0240,﻿school,not recorded,English,,,,,,﻿Mankato,﻿Mankato,﻿MN,,44.16522364,-93.99671355,,,,,﻿Sister,﻿Ambrosia,,﻿Superior,,﻿scholar,﻿Two hundred and fifty scholars,﻿School under direction of the Sisters of Notre Dame,,1870,﻿,﻿,﻿St. Paul,StPaul
﻿stp.mn.0240,﻿school,not recorded,English,,,,,,﻿Mankato,﻿Mankato,﻿MN,,44.16522364,-93.99671355,,,,,,,,,,﻿sister,﻿Five sisters,﻿School under direction of the Sisters of Notre Dame,,1870,﻿,﻿,﻿St. Paul,StPaul
﻿stp.mn.0230_03,﻿school,not recorded,English,﻿Parochial Schools,,,﻿Faribault County,,﻿Faribault,﻿Faribault,﻿MN,,44.29037864,-93.27296105,,,,,,,,,,﻿scholar,﻿Two hundred and twenty-five scholars,﻿under direction of the Sisters of St. Dominic,,1870,﻿,﻿,﻿St. Paul,StPaul
﻿stp.mn.0242,﻿school,not recorded,English,,,,,,﻿St. Cloud,﻿St. Cloud,﻿MN,,45.5592573,-94.16246779,,,,,,,,,,﻿scholar,﻿Two hundred and fifty scholars,﻿Schools under direction of the Sisters of St. Benedict,,1870,﻿,﻿,﻿St. Paul,StPaul
﻿stp.mn.0225_05,﻿hospital,﻿St. Joseph's Hospital,English,,,,,,﻿St. Paul,﻿St. Paul,﻿MN,,44.949167,-93.1,,,,,﻿Sister,﻿Mary Pius,,﻿Superior,,,,﻿under charge of the Sisters of St. Joseph,,1870,﻿,﻿,﻿St. Paul,StPaul
﻿stp.mn.0225_03,﻿asylum,﻿St. Joseph's Orphan Asylum,English,,,,,,﻿St. Paul,﻿St. Paul,﻿MN,,44.94750543,-93.10123184,,,,,﻿Sister,﻿Pauline,,﻿Superior,,﻿orphan,﻿Seventy-two orphans,﻿under charge of the Sisters of St. Joseph,,1870,﻿,﻿,﻿St. Paul,StPaul
﻿stp.mn.0236_03,﻿house,﻿Female Protectorate and Reformatory Sisters of Good Shepherd,English,,,,,,﻿St. Paul,﻿St. Paul,﻿MN,,44.93960234,-93.10529528,,,,,﻿Sister,﻿Mary Bernard,,﻿Superior,,,,,,1870,﻿,﻿,﻿St. Paul,StPaul
﻿stp.mn.0227_03,﻿asylum,﻿Orphan Asylum,English,,,,,,﻿Shakopee,﻿Shakopee,﻿MN,,44.77175011,-93.50197339,,,,,,,,,,,,﻿under charge of Sisters of St. Benedict,,1870,﻿,﻿,﻿St. Paul,StPaul
