instID,church_type,instName,language,instNote,placeName,region,county_orig,county_reg,city_orig,city_reg,state_orig,state_reg,latitude,longitude,attendingInstID,attendingChurch,attendingChurchFrequency,persID,persTitle,persName,persSuffix,persRole,persNote,memberType,member,affiliated,order,year,attendingPersID,attendingChurchNote,diocese,diocese_reg
﻿stp.mn.0001,﻿cathedral,﻿Cathedral of St. Paul,English,,,,﻿Ramsey County,﻿Ramsey County,﻿St. Paul,﻿St. Paul,﻿MN,,,,,,,﻿tho_l_grace_001,﻿Right Rev.,﻿Thomas L. Grace,,,,,,,,1868,﻿,﻿,﻿St. Paul,StPaul
﻿stp.mn.0001,﻿cathedral,﻿Cathedral of St. Paul,English,,,,﻿,﻿,﻿St. Paul,﻿St. Paul,﻿MN,,,,,,,﻿a_ravoux_001,﻿Very Rev.,﻿A. Ravoux,,,,,,,,1868,﻿,﻿,﻿St. Paul,StPaul
﻿stp.mn.0001,﻿cathedral,﻿Cathedral of St. Paul,English,,,,﻿,﻿,﻿St. Paul,﻿St. Paul,﻿MN,,,,,,,﻿joh_ireland_001,﻿Rev.,﻿John Ireland,,﻿Pastor of the Parish,,,,,,1868,﻿,﻿,﻿St. Paul,StPaul
﻿stp.mn.0001,﻿cathedral,﻿Cathedral of St. Paul,English,,,,﻿,﻿,﻿St. Paul,﻿St. Paul,﻿MN,,,,,,,﻿pro_maurer_001,﻿Rev.,﻿Prosper Maurer,,,,,,,,1868,﻿,﻿,﻿St. Paul,StPaul
﻿stp.mn.0001,﻿cathedral,﻿Cathedral of St. Paul,English,,,,﻿,﻿,﻿St. Paul,﻿St. Paul,﻿MN,,,,,,,﻿jam_mcgolrick_001,﻿Rev.,﻿James McGolrick,,,,,,,,1868,﻿,﻿,﻿St. Paul,StPaul
﻿stp.mn.0002,﻿church,﻿Assumption Church,﻿German,﻿St. Joseph's Mutual Benevolent Society,,,﻿Ramsey County,﻿Ramsey County,﻿St. Paul,﻿St. Paul,﻿MN,,,,,,,﻿cle_staub_001,﻿Rev.,﻿Clement Staub,﻿O.S.B.,,,,,,,1868,﻿,﻿,﻿St. Paul,StPaul
﻿stp.mn.0002,﻿church,﻿Assumption Church,﻿German,﻿St. Joseph's Mutual Benevolent Society,,,﻿,﻿,﻿St. Paul,﻿St. Paul,﻿MN,,,,,,,﻿oth_wirz_001,﻿Rev.,﻿Othman Wirz,﻿O.S.B.,,,,,,,1868,﻿,﻿,﻿St. Paul,StPaul
﻿stp.mn.0003,﻿church,﻿St. Mary's Church,English,,,,﻿Ramsey County,﻿Ramsey County,﻿St. Paul,﻿St. Paul,﻿MN,,,,,,,﻿l_caillet_001,﻿Rev.,﻿L. Caillet,,,,,,,,1868,﻿,﻿,﻿St. Paul,StPaul
﻿stp.mn.0006,﻿church,﻿St. Michael's Church,English,,﻿West St. Paul,,﻿Ramsey County,﻿Ramsey County,﻿St. Paul,﻿St. Paul,﻿MN,,,,﻿stp.mn.0001,﻿Attended from the Cathedral,,﻿pro_maurer_001,﻿Rev.,﻿Prosper Maurer,,,,,,,,1868,﻿,﻿,﻿St. Paul,StPaul
﻿stp.mn.0007,﻿church,﻿St. John's Church,English,,,,﻿Ramsey County,﻿Ramsey County,﻿New-Canada,﻿Little Canada,﻿MN,,,,,﻿,,﻿jos_goiffon_001,﻿Rev.,﻿J. Goiffon,,,,,,,,1868,﻿,﻿,﻿St. Paul,StPaul
﻿stp.mn.0070,﻿church,﻿Church of St. Anthony of Padua,﻿English,,,,﻿Hennepin County,﻿Hennepin County,﻿St. Anthony,﻿St. Anthony,﻿MN,,,,,﻿,,﻿fel_tissot_001,﻿Rev.,﻿F. Tissot,,,,,,,,1868,﻿,﻿,﻿St. Paul,StPaul
﻿stp.mn.0071,﻿church,﻿Church of St. Boniface,﻿German,,,,﻿Hennepin County,﻿Hennepin County,﻿St. Anthony,﻿St. Anthony,﻿MN,,,,,﻿,,,,,,,,,,,,1868,﻿,﻿,﻿St. Paul,StPaul
﻿stp.mn.0072,﻿church,not recorded,English,,,,﻿Hennepin County,﻿Hennepin County,﻿Minneapolis,﻿Minneapolis,﻿MN,,,,,﻿,,,,,,,,,,,,1868,﻿,﻿,﻿St. Paul,StPaul
﻿stp.mn.0073,﻿church,﻿Church of St. John the Baptist,English,,,,﻿Hennepin County,﻿Hennepin County,﻿Dayton,﻿Dayton,﻿MN,,,,,﻿,,﻿l_nicolas_002,﻿Rev.,﻿L. Nicolas,,,,,,,,1868,﻿,﻿,﻿St. Paul,StPaul
﻿stp.mn.0074,﻿church,﻿Church of St. Walburga,﻿German,,,,﻿Hennepin County,﻿Hennepin County,﻿Corcoran,﻿Corcoran,﻿MN,,,,﻿stp.mn.0174,"﻿Visited by Rev. J. Koering, of St. Michael's, Wright Co.",,﻿g_koering_001,﻿Rev.,﻿J. Koering,,,,,,,,1868,﻿,﻿,﻿St. Paul,StPaul
﻿stp.mn.0075,﻿church,﻿Church of St. Mary,English,,,,﻿Hennepin County,﻿Hennepin County,﻿Corcoran,﻿Corcoran,﻿MN,,,,﻿stp.mn.0073,﻿Visited by Rev. L. Nicolas,,,,,,,,,,,,1868,﻿,﻿,﻿St. Paul,StPaul
﻿stp.mn.0076,﻿church,﻿Church of St. Louis,English,,,,﻿Hennepin County,﻿Hennepin County,﻿Osseo,﻿Osseo,﻿MN,,,,﻿stp.mn.0073,﻿Visited by Rev. L. Nicolas,,,,,,,,,,,,1868,﻿,﻿,﻿St. Paul,StPaul
﻿stp.mn.0077,﻿church,not recorded,English,,,,﻿Hennepin County,﻿Hennepin County,﻿Crystal Lake,﻿Robbinsdale,﻿MN,,,,,﻿Visited,,,,,,,,,,,,1868,﻿,﻿,﻿St. Paul,StPaul
﻿stp.mn.0078,﻿church,﻿Church of Holy Name,English,,,,﻿Hennepin County,﻿Hennepin County,﻿Medina,﻿Medina,﻿MN,,,,﻿stp.mn.0001,﻿Visited from St. Paul,,,,,,,,,,,,1868,﻿,﻿,﻿St. Paul,StPaul
﻿stp.mn.0079,﻿church,﻿SS. Peter and Paul,English,,,,﻿Hennepin County,﻿Hennepin County,,﻿Loretto,﻿MN,,,,﻿stp.mn.0001,﻿Visited from St. Paul,,,,,,,,,,,,1868,﻿,﻿,﻿St. Paul,StPaul
﻿stp.mn.0080,﻿church,not recorded,English,,,,﻿Hennepin County,﻿Hennepin County,﻿St. Boniface,﻿St. Bonifacius,﻿MN,,,,﻿stp.mn.0019,"﻿Visited by Rev. F. Stern, of Waconia",,,,,,,,,,,,1868,﻿,﻿,﻿St. Paul,StPaul
﻿stp.mn.0081,﻿station,not recorded,English,,,,﻿Hennepin County,﻿Hennepin County,﻿Maple Grove,﻿Maple Grove,﻿MN,,,,﻿stp.mn.0073,﻿Visited by Rev. L. Nicolas,,,,,,,,,,,,1868,﻿,﻿,﻿St. Paul,StPaul
﻿stp.mn.0082,﻿station,not recorded,English,,,,﻿Hennepin County,﻿Hennepin County,﻿Cahiltown,﻿Edina,﻿MN,,,,﻿stp.mn.0070,﻿Visited by Rev. F. Tissot,,,,,,,,,,,,1868,﻿,﻿,﻿St. Paul,StPaul
﻿stp.mn.0008,﻿church,﻿Church of St. Stephen,English,,,,﻿Anoka County,﻿Anoka County,﻿Anoka,﻿Anoka,﻿MN,,,,﻿stp.mn.0073,"﻿Visited by Rev. L. Nicolas, of Dayton",,,,,,,,,,,,1868,﻿,﻿,﻿St. Paul,StPaul
﻿stp.mn.0009,﻿church,﻿Church of St. Genevieve,English,,,,﻿Anoka County,﻿Anoka County,﻿Centreville,﻿Centerville,﻿MN,,,,﻿stp.mn.0007,"﻿Visited by Rev. Joseph Goiffon, of Little Canada",,,,,,,,,,,,1868,﻿,﻿,﻿St. Paul,StPaul
﻿stp.mn.0010,﻿station,not recorded,English,,,,﻿Anoka County,﻿Anoka County,﻿St. Francis,﻿St. Francis,﻿MN,,,,﻿stp.mn.0073,﻿Visited by Rev. L. Nicolas,,,,,,,,,,,,1868,﻿,﻿,﻿St. Paul,StPaul
﻿stp.mn.0032,﻿church,﻿Church of Guardian Angels,English,,,,﻿Dakota County,﻿Dakota County,﻿Hastings,﻿Hastings,﻿MN,,,,,﻿,,﻿fra_hurth_001,﻿Rev.,﻿Francis Hurth,,,,,,,,1868,﻿,﻿,﻿St. Paul,StPaul
﻿stp.mn.0033,﻿church,﻿Church of St. Peter,English,,,,﻿Dakota County,﻿Dakota County,﻿Mendota,﻿Mendota,﻿MN,,,,,﻿,,﻿c_genis_001,﻿Rev.,﻿C. Genis,,,,,,,,1868,﻿,﻿,﻿St. Paul,StPaul
﻿stp.mn.0034,﻿church,﻿Church of St. John,English,,,,﻿Dakota County,﻿Dakota County,﻿Burnsville,﻿Burnsville,﻿MN,,,,,﻿,,﻿a_oster_001,﻿Rev.,﻿A. Oster,,,,,,,,1868,﻿,﻿,﻿St. Paul,StPaul
﻿stp.mn.0035,﻿church,﻿Church of the Blessed Virgin,English,,,,﻿Dakota County,﻿Dakota County,﻿New-Treves,﻿New Trier,﻿MN,,,,,﻿,,﻿p_bayer_001,﻿Rev.,﻿P. Bayer,,,,,,,,1868,﻿,﻿,﻿St. Paul,StPaul
﻿stp.mn.0036,﻿church,﻿Church of St. Patrick,English,,,,﻿Dakota County,﻿Dakota County,﻿Invergrove,﻿Inver Grove Heights,﻿MN,,,,﻿stp.mn.0033,﻿Visited by Rev. C. Genis,,,,,,,,,,,,1868,﻿,﻿,﻿St. Paul,StPaul
﻿stp.mn.0037,﻿church,not recorded,English,,,,﻿Dakota County,﻿Dakota County,﻿Bellwood,﻿Marshan Township,﻿MN,,,,﻿stp.mn.0032,﻿Visited by Rev. F. Hurth,,,,,,,,,,,,1868,﻿,﻿,﻿St. Paul,StPaul
﻿stp.mn.0038,﻿church,not recorded,English,,,,﻿Dakota County,﻿Dakota County,﻿Lakeville,﻿Lakeville,﻿MN,,,,﻿stp.mn.0034,﻿Visited by Rev. A. Oster,,,,,,,,,,,,1868,﻿,﻿,﻿St. Paul,StPaul
﻿stp.mn.0039,﻿station,not recorded,English,,,,﻿Dakota County,﻿Dakota County,﻿Lewiston,﻿Sciota Township,﻿MN,,,,﻿stp.mn.0035,﻿Visited by Rev. P. Bayer,,,,,,,,,,,,1868,﻿,﻿,﻿St. Paul,StPaul
﻿stp.mn.0040,﻿station,not recorded,English,,,,﻿Dakota County,﻿Dakota County,﻿Farmington,﻿Farmington,﻿MN,,,,﻿stp.mn.0032,﻿Visited by Rev. F. Hurth,,,,,,,,,,,,1868,﻿,﻿,﻿St. Paul,StPaul
﻿stp.mn.0203,﻿church,﻿Church of St. Michael,English,,,,﻿Washington County,﻿Washington County,﻿Stillwater,﻿Stillwater,﻿MN,,,,,﻿,,﻿tho_murray_001,﻿Rev.,﻿Thomas Murray,,,,,,,,1868,﻿,﻿,﻿St. Paul,StPaul
﻿stp.mn.0204,﻿church,﻿St. Mary,﻿German,,,,﻿Washington County,﻿Washington County,﻿Stillwater,﻿Stillwater,﻿MN,,,,,﻿,,,﻿Rev.,﻿——,,,,,,,,1868,﻿,﻿,﻿St. Paul,StPaul
﻿stp.mn.0205,﻿station,not recorded,English,,,,﻿Washington County,﻿Washington County,﻿Oakdale,﻿Oakdale,﻿MN,,,,﻿stp.mn.0204,﻿Visited by Rev.  - -,,,,,,,,,,,,1868,﻿,﻿,﻿St. Paul,StPaul
﻿stp.mn.0206,﻿station,not recorded,English,,,,﻿Washington County,﻿Washington County,﻿Malone,﻿Cottage Grove,﻿MN,,,,﻿stp.mn.0203,﻿Visited by Rev. Thos. Murray,,,,,,,,,,,,1868,﻿,﻿,﻿St. Paul,StPaul
﻿stp.mn.0112,﻿station,not recorded,English,,"﻿Chisago, Isanti, Pine, and Kennebec",,,﻿Mille Lacs and Sherburne Counties,﻿Princeton,﻿Princeton,﻿MN,,,,﻿stp.mn.0073,"﻿Visited by Rev. L. Nicolas, of Dayton",,,,,,,,,,,,1868,﻿,﻿,﻿St. Paul,StPaul
﻿stp.mn.0027,﻿station,not recorded,English,,"﻿Chisago, Isanti, Pine, and Kennebec",,﻿Chisago County,﻿Chisago County,﻿Taylor's Falls,﻿Taylors Falls,﻿MN,,,,﻿stp.mn.0203,﻿Visited by Rev. Thos. Murray,,,,,,,,,,,,1868,﻿,﻿,﻿St. Paul,StPaul
﻿stp.mn.0028,﻿station,not recorded,English,,"﻿Chisago, Isanti, Pine, and Kennebec",,﻿Chisago County,﻿Chisago County,﻿Sunrise,﻿Sunrise,﻿MN,,,,﻿stp.mn.0203,﻿Visited by Rev. Thos. Murray,,,,,,,,,,,,1868,﻿,﻿,﻿St. Paul,StPaul
﻿stp.mn.0030,﻿station,not recorded,English,,"﻿Chisago, Isanti, Pine, and Kennebec",,﻿Chisago County,﻿Chisago County,﻿Rusheba,﻿Rushseba,﻿MN,,,,﻿stp.mn.0203,﻿Visited by Rev. Thos. Murray,,,,,,,,,,,,1868,﻿,﻿,﻿St. Paul,StPaul
﻿stp.mn.0149,﻿church,﻿Church of St. Mark,﻿German,,,,﻿Scott County,﻿Scott County,﻿Shakopee,﻿Shakopee,﻿MN,,,,,﻿,,﻿geo_sherer_001,﻿Rev.,﻿George Sherer,﻿O.S.B.,,,,,,,1868,﻿,﻿,﻿St. Paul,StPaul
﻿stp.mn.0150,﻿church,﻿St. Mary,English,,,,﻿Scott County,﻿Scott County,﻿Shakopee,﻿Shakopee,﻿MN,,,,﻿stp.mn.0034,"﻿Visited by Rev. A. Oster, of Burnsville",,,,,,,,,,,,1868,﻿,﻿,﻿St. Paul,StPaul
﻿stp.mn.0151,﻿church,﻿Church of St. Martin,English,,,,﻿Scott County,﻿Scott County,﻿Belle Plaine,﻿Belle Plaine,﻿MN,,,,,﻿,,﻿ale_berghold_001,﻿Rev.,﻿Alex. Berghold,,,,,,,,1868,﻿,﻿,﻿St. Paul,StPaul
﻿stp.mn.0153,﻿church,﻿Church of St. Wenceslaus,English,,,,﻿Scott County,﻿Scott County,﻿New-Prague,﻿New Prague,﻿MN,,,,,﻿,,﻿alo_plut_001,﻿Rev.,﻿A. Plut,,,,,,,,1868,﻿,﻿,﻿St. Paul,StPaul
﻿stp.mn.0156,﻿church,﻿Church of Purification of B.V.M.,English,,,,﻿Scott County,﻿Scott County,﻿Marystown,﻿Marystown,﻿MN,,,,﻿stp.mn.0149,﻿Visited by Rev. George Sherer,,,,,,,,,,,,1868,﻿,﻿,﻿St. Paul,StPaul
﻿stp.mn.0154,﻿church,﻿Church of St. Patrick,English,,,,﻿Scott County,﻿Scott County,﻿Cedar Lake,﻿Cedar Lake Township,﻿MN,,,,﻿stp.mn.0153,﻿Visited by Rev. A. Plut,,,,,,,,,,,,1868,﻿,﻿,﻿St. Paul,StPaul
﻿stp.mn.0155,﻿church,not recorded,English,,,,﻿Scott County,﻿Scott County,﻿Jordan,﻿Jordan,﻿MN,,,,﻿stp.mn.0151,﻿Visited by Rev. A. Berghold,,,,,,,,,,,,1868,﻿,﻿,﻿St. Paul,StPaul
﻿stp.mn.0157,﻿church,not recorded,English,,,,﻿Scott County,﻿Scott County,﻿Clary Settlement,﻿Shakopee,﻿MN,,,,﻿stp.mn.0034,﻿Visited by Rev. A. Oster,,,,,,,,,,,,1868,﻿,﻿,﻿St. Paul,StPaul
﻿stp.mn.0158,﻿church,﻿Church of St. Nicholas,English,,,,﻿Scott County,﻿Scott County,﻿Newmarket,﻿Elko New Market,﻿MN,,,,﻿stp.mn.0035,﻿Visited by Rev. P. Bayer,,,,,,,,,,,,1868,﻿,﻿,﻿St. Paul,StPaul
﻿stp.mn.0160,﻿church,﻿Church of St. Catharine,English,,,,﻿Scott County,﻿Scott County,﻿Spring Lake,﻿Spring Lake Township,﻿MN,,,,﻿stp.mn.0153,﻿Visited by Rev. A. Plut,,,,,,,,,,,,1868,﻿,﻿,﻿St. Paul,StPaul
﻿stp.mn.0161,﻿church,not recorded,English,,,,﻿Scott County,﻿Scott County,﻿St. Benedict,﻿Helena Township,﻿MN,,,,﻿stp.mn.0153,﻿Visited by Rev. A. Plut,,,,,,,,,,,,1868,﻿,﻿,﻿St. Paul,StPaul
﻿stp.mn.0162,﻿church,not recorded,English,,,,﻿Scott County,﻿Scott County,﻿St. Joseph,﻿Sand Creek Township,﻿MN,,,,﻿stp.mn.0151,﻿Visited by Rev. A. Berghold,,,,,,,,,,,,1868,﻿,﻿,﻿St. Paul,StPaul
﻿stp.mn.0163,﻿church,not recorded,English,,,,﻿Scott County,﻿Scott County,﻿St. Scholastica,,﻿MN,,,,﻿stp.mn.0151,﻿Visited by Rev. A. Berghold,,,,,,,,,,,,1868,﻿,﻿,﻿St. Paul,StPaul
﻿stp.mn.0092,﻿church,not recorded,English,,,,﻿Le Sueur County,﻿Le Sueur County,﻿Le Sueur,﻿Le Sueur,﻿MN,,,,﻿stp.mn.0164,"﻿Visited by Rev. T. Venn, of Henderson",,,,,,,,,,,,1868,﻿,﻿,﻿St. Paul,StPaul
﻿stp.mn.0093,﻿church,﻿Church of the Nativity,English,,,,﻿Le Sueur County,﻿Le Sueur County,﻿Cleveland,﻿Cleveland,﻿MN,,,,﻿stp.mn.0094,"﻿Visited by Rev. P. Nealy, of Marysburgh",,,,,,,,,,,,1868,﻿,﻿,﻿St. Paul,StPaul
﻿stp.mn.0094,﻿church,﻿Church of St. Patrick,English,,,,﻿Le Sueur County,﻿Le Sueur County,﻿Marysburgh,﻿Marysburg,﻿MN,,,,,,,﻿p_nealy_001,﻿Rev.,﻿P. Nealy,,,,,,,,1868,﻿,﻿,﻿St. Paul,StPaul
﻿stp.mn.0095,﻿church,not recorded,English,,,,﻿Le Sueur County,﻿Le Sueur County,﻿St. Henry,﻿Sharon Township,﻿MN,,,,﻿stp.mn.0094,﻿Visited by Rev. P. Nealy,,,,,,,,,,,,1868,﻿,﻿,﻿St. Paul,StPaul
﻿stp.mn.0253,﻿church,not recorded,English,,,,﻿Le Sueur County,﻿Le Sueur County,﻿St. John,,﻿MN,,,,﻿stp.mn.0017,﻿Visited by Rev. A. Berghold,,,,,,,,,,,,1868,﻿,﻿,﻿St. Paul,StPaul
﻿stp.mn.0096,﻿church,not recorded,English,,,,﻿Le Sueur County,﻿Le Sueur County,﻿St. Thomas,﻿Derrynane Township,﻿MN,,,,﻿stp.mn.0151,﻿Visited by Rev. A. Berghold,,,,,,,,,,,,1868,﻿,﻿,﻿St. Paul,StPaul
﻿stp.mn.0097,﻿station,not recorded,English,,,,﻿Le Sueur County,﻿Le Sueur County,﻿Kilkenny,﻿Kilkenny,﻿MN,,,,﻿stp.mn.0130,"﻿Visited by Rev. A. Seel, of Shieldsville, Rice Co.",,,,,,,,,,,,1868,﻿,﻿,﻿St. Paul,StPaul
﻿stp.mn.0098,﻿station,not recorded,English,,,,﻿Le Sueur County,﻿Le Sueur County,﻿Lexington,﻿Lexington Township,﻿MN,,,,﻿stp.mn.0153,﻿Visited by Rev. A. Plut,,,,,,,,,,,,1868,﻿,﻿,﻿St. Paul,StPaul
﻿stp.mn.0099,﻿station,not recorded,English,,,,﻿Le Sueur County,﻿Le Sueur County,﻿Montgomery,﻿Montgomery,﻿MN,,,,﻿stp.mn.0130,﻿Visited by Rev. A. Seel,,,,,,,,,,,,1868,﻿,﻿,﻿St. Paul,StPaul
﻿stp.mn.0100,﻿station,not recorded,English,,,,﻿Le Sueur County,﻿Le Sueur County,﻿Waterville,﻿Waterville,﻿MN,,,,﻿stp.mn.0129,"﻿Visited by Rev. Geo. Keller, of Faribault",,,,,,,,,,,,1868,﻿,﻿,﻿St. Paul,StPaul
﻿stp.mn.0019,﻿church,﻿Church of St. Joseph,English,,,,﻿Carver County,﻿Carver County,﻿Waconia,﻿Waconia,﻿MN,,,,,﻿,,﻿fer_stern_001,﻿Rev.,﻿F. Stern,,,,,,,,1868,﻿,﻿,﻿St. Paul,StPaul
﻿stp.mn.0020,﻿church,﻿Church of Guardian Angels,English,,,,﻿Carver County,﻿Carver County,﻿Chaska,﻿Chaska,﻿MN,,,,,﻿,,﻿m_mayer_001,﻿Rev.,﻿M. Mayer,,,,,,,,1868,﻿,﻿,﻿St. Paul,StPaul
﻿stp.mn.0022,﻿church,﻿Church of St. Bernard,English,,,,﻿Carver County,﻿Carver County,﻿Benton,﻿Benton Township,﻿MN,,,,﻿stp.mn.0019,﻿Visited by Rev. F. Stern,,,,,,,,,,,,1868,﻿,﻿,﻿St. Paul,StPaul
﻿stp.mn.0021,﻿church,﻿Church of Immaculate Conception,English,,,,﻿Carver County,﻿Carver County,﻿Watertown,﻿Watertown,﻿MN,,,,﻿stp.mn.0019,﻿Visited by Rev. F. Stern,,,,,,,,,,,,1868,﻿,﻿,﻿St. Paul,StPaul
﻿stp.mn.0023,﻿church,﻿Church of St. Hubert,English,,,,﻿Carver County,﻿Carver County,﻿Chanhassen,﻿Chanhassan,﻿MN,,,,﻿stp.mn.0020,﻿Visited by Rev. M. Mayer,,,,,,,,,,,,1868,﻿,﻿,﻿St. Paul,StPaul
﻿stp.mn.0024,﻿church,﻿Church of St. Victoria,English,,,,﻿Carver County,﻿Carver County,﻿Laketown,﻿Laketown Township,﻿MN,,,,﻿stp.mn.0020,﻿Visited by Rev. M. Mayer,,,,,,,,,,,,1868,﻿,﻿,﻿St. Paul,StPaul
﻿stp.mn.0025,﻿station,﻿Young America,English,,,,﻿Carver County,﻿Carver County,,﻿Norwood Young American,﻿MN,,,,﻿stp.mn.0019,﻿Visited by Rev. F. Stern,,,,,,,,,,,,1868,﻿,﻿,﻿St. Paul,StPaul
﻿stp.mn.0026,﻿station,not recorded,English,,,,﻿Carver County,﻿Carver County,﻿San Francisco,﻿San Fransciso Township,﻿MN,,,,﻿stp.mn.0020,﻿Visited by Rev. M. Mayer,,,,,,,,,,,,1868,﻿,﻿,﻿St. Paul,StPaul
﻿stp.mn.0108,﻿church,﻿Church of St. Peter and Paul,English,,,,﻿McLeod County,﻿McLeod County,﻿Glencoe,﻿Glencoe,﻿MN,,,,﻿stp.mn.0019,﻿Visited by Rev. F. Stern,,,,,,,,,,,,1868,﻿,﻿,﻿St. Paul,StPaul
﻿stp.mn.0109,﻿station,not recorded,English,,,,﻿McLeod County,﻿McLeod County,﻿Winsted,﻿Winsted,﻿MN,,,,﻿stp.mn.0019,﻿Visited by Rev. F. Stern,,,,,,,,,,,,1868,﻿,﻿,﻿St. Paul,StPaul
﻿stp.mn.0110,﻿station,not recorded,English,,,,﻿McLeod County,﻿McLeod County,﻿Hutchinson,﻿Hutchinson,﻿MN,,,,﻿stp.mn.0019,﻿Visited by Rev. F. Stern,,,,,,,,,,,,1868,﻿,﻿,﻿St. Paul,StPaul
﻿stp.mn.0111,﻿station,not recorded,English,,,,﻿McLeod County,﻿McLeod County,﻿Fremont,﻿Silver Lake,﻿MN,,,,﻿stp.mn.0019,﻿Visited by Rev. F. Stern,,,,,,,,,,,,1868,﻿,﻿,﻿St. Paul,StPaul
﻿stp.mn.0164,﻿church,﻿Church of St. Thomas,English,,,,﻿Sibley County,﻿Sibley County,﻿Jessenland,﻿Jessenland Township,﻿MN,,,,,﻿,,﻿the_venn_001,﻿Rev.,﻿Theodore Venn,,,,,,,,1868,﻿,﻿,﻿St. Paul,StPaul
﻿stp.mn.0166,﻿church,﻿Church of St. Joseph,English,,,,﻿Sibley County,﻿Sibley County,﻿Henderson,﻿Henderson,﻿MN,,,,﻿stp.mn.0164,﻿Vistied by Rev. Theodore Venn,,,,,,,,,,,,1868,﻿,﻿,﻿St. Paul,StPaul
﻿stp.mn.0168,﻿church,not recorded,English,,,,﻿Sibley County,﻿Sibley County,﻿Green Isle,﻿Green Isle,﻿MN,,,,﻿stp.mn.0164,﻿Vistied by Rev. Theodore Venn,,,,,,,,,,,,1868,﻿,﻿,﻿St. Paul,StPaul
﻿stp.mn.0165,﻿church,﻿Church of the Assumption,English,,,,﻿Sibley County,﻿Sibley County,﻿Washington Lake,﻿Washingon Lake Township,﻿MN,,,,﻿stp.mn.0164,﻿Vistied by Rev. Theodore Venn,,,,,,,,,,,,1868,﻿,﻿,﻿St. Paul,StPaul
﻿stp.mn.0167,﻿church,not recorded,English,,,,﻿Sibley County,﻿Sibley County,﻿St. John's,﻿Belle Plaine,﻿MN,,,,﻿stp.mn.0164,﻿Vistied by Rev. Theodore Venn,,,,,,,,,,,,1868,﻿,﻿,﻿St. Paul,StPaul
﻿stp.mn.0169,﻿church,not recorded,English,,,,﻿Sibley County,﻿Sibley County,﻿Arlington,﻿Arlington,﻿MN,,,,﻿stp.mn.0164,﻿Visited by Rev. T. Venn,,,,,,,,,,,,1868,﻿,﻿,﻿St. Paul,StPaul
﻿stp.mn.0116,﻿church,﻿Church of St. Peter,English,,,,﻿Nicolet County,﻿Nicollet County,﻿St. Peter,﻿St. Peter,﻿MN,,,,,﻿,,﻿j_zuzek_001,﻿Rev.,﻿J. Zuzek,,,,,,,,1868,﻿,﻿,﻿St. Paul,StPaul
﻿stp.mn.0117,﻿church,﻿Church of Visitation,English,,,,﻿Nicolet County,﻿Nicollet County,﻿Granby,﻿Granby Township,﻿MN,,,,﻿stp.mn.0116,﻿Visited by Rev. J. Zuzek,,,,,,,,,,,,1868,﻿,﻿,﻿St. Paul,StPaul
﻿stp.mn.0118,﻿church,﻿Church of St. Michael,English,,,,﻿Nicolet County,﻿Nicollet County,﻿Belgrade,﻿Belgrade Township,﻿MN,,,,﻿stp.mn.0116,﻿Visited by Rev. J. Zuzek,,,,,,,,,,,,1868,﻿,﻿,﻿St. Paul,StPaul
﻿stp.mn.0119,﻿church,﻿Church of St. George,English,,,,﻿Nicolet County,﻿Nicollet County,﻿West-Newton,,﻿MN,,,,﻿stp.mn.0014,﻿Visited by Rev. V. Sommereisen,,,,,,,,,,,,1868,﻿,﻿,﻿St. Paul,StPaul
﻿stp.mn.0137,﻿station,not recorded,English,,,,﻿Renville County,﻿Nicollet County,﻿Fort Ridgly,﻿Fort Ridgely,﻿MN,,,,﻿stp.mn.0012,﻿Visited by Rev. V. Sommereisen,,,,,,,,,,,,1868,﻿,﻿,﻿St. Paul,StPaul
﻿stp.mn.0012,﻿church,﻿Church of St. Philip,English,,,,﻿Blue Earth County,﻿Blue Earth County,﻿Mankato,﻿Mankato,﻿MN,,,,,﻿,,﻿v_sommereisen_001,﻿Rev.,﻿V. Sommereisen,,,,,,,,1868,﻿,﻿,﻿St. Paul,StPaul
﻿stp.mn.0048,﻿church,﻿Church of St. John Baptist,English,,,,﻿Blue Earth County,﻿Faribault County,﻿Minnesota Lake,﻿Minnesota Lake,﻿MN,,,,﻿stp.mn.0012,﻿Visited by Rev. V. Sommereisen,,,,,,,,,,,,1868,﻿,﻿,﻿St. Paul,StPaul
﻿stp.mn.0013,﻿station,not recorded,English,,﻿Agency,,﻿Blue Earth County,﻿Faribault County,﻿Winnebago,﻿Winnebago,﻿MN,,,,﻿stp.mn.0012,﻿Visited by Rev. V. Sommereisen,,,,,,,,,,,,1868,﻿,﻿,﻿St. Paul,StPaul
﻿stp.mn.0014,﻿station,not recorded,English,,,,﻿Blue Earth County,﻿Blue Earth County,﻿Watowan,﻿St. James,﻿MN,,,,﻿stp.mn.0012,﻿Visited by Rev. V. Sommereisen,,,,,,,,,,,,1868,﻿,﻿,﻿St. Paul,StPaul
﻿stp.mn.0017,﻿church,﻿Church of the Holy Trinity,English,,,,﻿Brown County,﻿Brown County,﻿New-Ulm,﻿New Ulm,﻿MN,,,,﻿stp.mn.0012,﻿Visited by Rev. V. Sommereisen,,,,,,,,,,,,1868,﻿,﻿,﻿St. Paul,StPaul
﻿stp.mn.0018,﻿church,﻿Church of St. Lambert,English,,,,﻿Brown County,﻿Brown County,﻿Cottonwood,﻿Cottonwood Township,﻿MN,,,,﻿stp.mn.0012,﻿Visited by Rev. V. Sommereisen,,,,,,,,,,,,1868,﻿,﻿,﻿St. Paul,StPaul
﻿stp.mn.0046,﻿church,﻿Church of Our Lady of Mount Carmel,English,,,,﻿Faribault County,﻿Faribault County,﻿Wisner's Grove,﻿Barber Township,﻿MN,,,,﻿stp.mn.0012,﻿Visited by Rev. V. Sommereisen,,,,,,,,,,,,1868,﻿,﻿,﻿St. Paul,StPaul
﻿stp.mn.0047,﻿church,﻿Church of SS. Peter and Paul,English,,,,﻿Faribault County,﻿Faribault County,﻿Blue Earth City,﻿Blue Earth,﻿MN,,,,﻿stp.mn.0012,﻿Visited by Rev. V. Sommereisen,,,,,,,,,,,,1868,﻿,﻿,﻿St. Paul,StPaul
﻿stp.mn.0101,﻿station,not recorded,English,﻿New county,﻿Scattering stations,,﻿Martin County,﻿Martin County,,,﻿MN,,,,﻿stp.mn.0012,﻿Visited by Rev. V. Sommereisen,,,,,,,,,,,,1868,﻿,﻿,﻿St. Paul,StPaul
﻿stp.mn.0129,﻿church,﻿Church of the Immaculate Conception,English,,,,﻿Rice County,﻿Rice County,﻿Faribault,﻿Faribault,﻿MN,,,,,﻿,,﻿geo_keller_001,﻿Rev.,﻿Geo. Keller,,,,,,,,1868,﻿,﻿,﻿St. Paul,StPaul
﻿stp.mn.0131,﻿church,﻿Church of the Annunciation,English,,,,﻿Rice County,﻿Rice County,﻿Webster,﻿Webster,﻿MN,,,,﻿stp.mn.0035,﻿Visited by Rev. P. Bayer,,,,,,,,,,,,1868,﻿,﻿,﻿St. Paul,StPaul
﻿stp.mn.0130,﻿church,﻿Church of St. Patrick,English,,,,﻿Rice County,﻿Rice County,﻿Shieldsville,﻿Shieldsville,﻿MN,,,,,﻿,,﻿alo_seel_001,﻿Rev.,﻿A. Seel,,,,,,,,1868,﻿,﻿,﻿St. Paul,StPaul
﻿stp.mn.0132,﻿church,﻿Church of St. Louis,English,,,,﻿Rice County,﻿Rice County,﻿Wheatland,﻿Wheatland,﻿MN,,,,﻿stp.mn.0130,﻿Visited by Rev. A. Seel,,,,,,,,,,,,1868,﻿,﻿,﻿St. Paul,StPaul
﻿stp.mn.0133,﻿station,not recorded,English,,,,﻿Rice County,﻿Rice County,﻿East-Prairie,,﻿MN,,,,﻿stp.mn.0129,﻿Visited by Rev. Geo. Keller,,,,,,,,,,,,1868,﻿,﻿,﻿St. Paul,StPaul
﻿stp.mn.0134,﻿church,not recorded,English,,,,﻿Rice County,﻿Rice County,﻿Erin,﻿Erin Township,﻿MN,,,,﻿stp.mn.0130,﻿Visited by Rev. A. Seel,,,,,,,,,,,,1868,﻿,﻿,﻿St. Paul,StPaul
﻿stp.mn.0135,﻿church,not recorded,English,,,,﻿Rice County,﻿Rice County,﻿Northfield,﻿Northfield,﻿MN,,,,﻿stp.mn.0129,﻿Visited by Rev. Geo. Keller,,,,,,,,,,,,1868,﻿,﻿,﻿St. Paul,StPaul
﻿stp.mn.0182,﻿church,﻿Church of the Nativity,English,,,,﻿Waseca County,﻿Waseca County,﻿St. Mary's,﻿St. Mary's,﻿MN,,,,,,,﻿joh_mcdermott_002,﻿Rev.,﻿John McDermott,,,,,,,,1868,﻿,﻿,﻿St. Paul,StPaul
﻿stp.mn.0183,﻿station,not recorded,English,,,,﻿Waseca County,﻿Waseca County,﻿Bloomington,﻿Blooming Grove Township maybe?,﻿MN,,,,﻿stp.mn.0182,﻿Visited by Rev. J. McDermott,,,,,,,,,,,,1868,﻿,﻿,﻿St. Paul,StPaul
﻿stp.mn.0184,﻿station,not recorded,English,,,,﻿Waseca County,﻿Waseca County,﻿Okoman,﻿Janesville Township,﻿MN,,,,﻿stp.mn.0182,﻿Visited by Rev. J. McDermott,,,,,,,,,,,,1868,﻿,﻿,﻿St. Paul,StPaul
﻿stp.mn.0185,﻿station,not recorded,English,,,,﻿Waseca County,﻿Waseca County,﻿Janesville,﻿Janesville Township,﻿MN,,,,﻿stp.mn.0182,﻿Visited by Rev. J. McDermott,,,,,,,,,,,,1868,﻿,﻿,﻿St. Paul,StPaul
﻿stp.mn.0147,﻿station,not recorded,English,,,,﻿Steele County,﻿Steele County,﻿Owatonna,﻿Owatonna,﻿MN,,,,﻿stp.mn.0129,﻿Visited by Rev. Geo. Keller,,,,,,,,,,,,1868,﻿,﻿,﻿St. Paul,StPaul
﻿stp.mn.0148,﻿station,not recorded,English,,,,﻿Steele County,﻿Steele County,﻿Juno or Mulloy Settlement,﻿Blooming Prairie,﻿MN,,,,﻿stp.mn.0129,﻿Visited by Rev. Geo. Keller,,,,,,,,,,,,1868,﻿,﻿,﻿St. Paul,StPaul
﻿stp.mn.0041,﻿church,not recorded,English,﻿church in course of erection,,,﻿Dodge County,﻿Dodge County,﻿Mantorville,﻿Mantorville,﻿MN,,,,﻿stp.mn.0120,﻿Visited by Rev. Thomas O'Gorman,,,,,,,,,,,,1868,﻿,﻿,﻿St. Paul,StPaul
﻿stp.mn.0042,﻿station,not recorded,English,,,,﻿Dodge County,﻿Dodge County,﻿Rice Lake,,﻿MN,,,,﻿stp.mn.0129,﻿Visited by Rev. Geo. Keller,,,,,,,,,,,,1868,﻿,﻿,﻿St. Paul,StPaul
﻿stp.mn.0102,﻿church,﻿Church of St. Augustin,English,,,,﻿Mower County,﻿Mower County,﻿Austin,﻿Austin,﻿MN,,,,﻿stp.mn.0182,﻿Visited by Rev. J. McDermott,,,,,,,,,,,,1868,﻿,﻿,﻿St. Paul,StPaul
﻿stp.mn.0103,﻿station,not recorded,English,,,,﻿Mower County,﻿Mower County,﻿Adamstown,﻿Adams,﻿MN,,,,﻿stp.mn.0182,﻿Visited by Rev. John McDermott,,,,,,,,,,,,1868,﻿,﻿,﻿St. Paul,StPaul
﻿stp.mn.0057,﻿church,not recorded,English,,,,﻿Freeborn County,﻿Freeborn County,﻿Albert Lee,﻿Albert Lea,﻿MN,,,,﻿stp.mn.0182,﻿Visited by Rev. John McDermott,,,,,,,,,,,,1868,﻿,﻿,﻿St. Paul,StPaul
﻿stp.mn.0059,﻿station,not recorded,English,,,,﻿Freeborn County,﻿Steele County,﻿Beaver Lake,﻿Berlin Township,﻿MN,,,,﻿stp.mn.0182,﻿Visited by Rev. John McDermott,,,,,,,,,,,,1868,﻿,﻿,﻿St. Paul,StPaul
﻿stp.mn.0058,﻿church,not recorded,English,,,,﻿Freeborn County,﻿Freeborn County,﻿Geneva,﻿Geneva,﻿MN,,,,﻿stp.mn.0182,﻿Visited by Rev. John McDermott,,,,,,,,,,,,1868,﻿,﻿,﻿St. Paul,StPaul
﻿stp.mn.0060,﻿station,not recorded,English,,,,﻿Freeborn County,﻿Freeborn County,﻿Kannavan Settlement,﻿Easton,﻿MN,,,,﻿stp.mn.0182,﻿Visited by Rev. John McDermott,,,,,,,,,,,,1868,﻿,﻿,﻿St. Paul,StPaul
﻿stp.mn.0061,﻿station,not recorded,English,,,,﻿Freeborn County,﻿Freeborn County,﻿Twin Lakes,﻿Twin Lakes,﻿MN,,,,﻿stp.mn.0182,﻿Visited by Rev. John McDermott,,,,,,,,,,,,1868,﻿,﻿,﻿St. Paul,StPaul
﻿stp.mn.0062,﻿church,﻿Church of St. Joseph,English,,,,﻿Goodhue County,﻿Goodhue County,﻿Redwing,﻿Red Wing,﻿MN,,,,,﻿,,﻿j_knauff_001,﻿Rev.,﻿J. Knauff,,,,,,,,1868,﻿,﻿,﻿St. Paul,StPaul
﻿stp.mn.0063,﻿church,﻿Church of St. Columbkill,English,,,,﻿Goodhue County,﻿Goodhue County,﻿Belle Creek,﻿Belle Creek Township,﻿MN,,,,﻿stp.mn.0062,﻿Visited by Rev. J. Knauff,,,,,,,,,,,,1868,﻿,﻿,﻿St. Paul,StPaul
﻿stp.mn.0064,﻿church,﻿Church of Blessed Virgin,English,,,,﻿Goodhue County,﻿Goodhue County,﻿Belvidere,﻿Belvidere Township,﻿MN,,,,﻿stp.mn.0062,﻿Visited by Rev. J. S. Knauff,,,,,,,,,,,,1868,﻿,﻿,﻿St. Paul,StPaul
﻿stp.mn.0065,﻿station,not recorded,English,,,,﻿Goodhue County,﻿Goodhue County,﻿Chered Grove,﻿Cherry Grove Township,﻿MN,,,,﻿stp.mn.0062,﻿Visited by Rev. J. Knauff,,,,,,,,,,,,1868,﻿,﻿,﻿St. Paul,StPaul
﻿stp.mn.0066,﻿station,not recorded,English,,,,﻿Goodhue County,﻿Goodhue County,﻿Frontenac,﻿Frontenac,﻿MN,,,,﻿stp.mn.0062,﻿Visited by Rev. J. Knauff,,,,,,,,,,,,1868,﻿,﻿,﻿St. Paul,StPaul
﻿stp.mn.0067,﻿station,not recorded,English,,,,﻿Goodhue County,﻿Wabasha County,﻿Mazeppa,﻿Mazeppa,﻿MN,,,,﻿stp.mn.0062,﻿Visited by Rev. J. Knauff,,,,,,,,,,,,1868,﻿,﻿,﻿St. Paul,StPaul
﻿stp.mn.0068,﻿station,not recorded,English,,,,﻿Goodhue County,﻿Goodhue County,﻿Hay Creek,﻿Hay Creek Township,﻿MN,,,,﻿stp.mn.0062,﻿Visited by Rev. J. Knauff,,,,,,,,,,,,1868,﻿,﻿,﻿St. Paul,StPaul
﻿stp.mn.0069,﻿church,﻿Church of St. Pius V.,English,,,,﻿Goodhue County,﻿Goodhue County,﻿Cannon Falls,﻿Cannon Falls,﻿MN,,,,﻿stp.mn.0035,﻿Visited by Rev. P. Bayer,,,,,,,,,,,,1868,﻿,﻿,﻿St. Paul,StPaul
﻿stp.mn.0186,﻿church,﻿Church of St. Felix,English,,,,﻿Wabasha County,﻿Wabasha County,﻿Wabasha,﻿Wabasha,﻿MN,,,,,﻿,,﻿jam_trobec_001,﻿Rev.,﻿Jas. Trobec,,,,,,,,1868,﻿,﻿,﻿St. Paul,StPaul
﻿stp.mn.0187,﻿church,not recorded,English,,,,﻿Wabasha County,﻿Wabasha County,﻿Lake City,﻿Lake City,﻿MN,,,,﻿stp.mn.0186,﻿Visited by Rev. Jas. Trobec,,,,,,,,,,,,1868,﻿,﻿,﻿St. Paul,StPaul
﻿stp.mn.0188,﻿church,not recorded,English,,,,﻿Wabasha County,﻿Wabasha County,﻿West-Albany,﻿West Albany,﻿MN,,,,﻿stp.mn.0186,﻿Visited by Rev. Jas. Trobec,,,,,,,,,,,,1868,﻿,﻿,﻿St. Paul,StPaul
﻿stp.mn.0189,﻿church,not recorded,English,,,,﻿Wabasha County,﻿Wabasha County,﻿Highland,﻿Highland Township,﻿MN,,,,﻿stp.mn.0186,﻿Visited by Rev. Jas. Trobec,,,,,,,,,,,,1868,﻿,﻿,﻿St. Paul,StPaul
﻿stp.mn.0190,﻿church,not recorded,English,,,,﻿Wabasha County,﻿Wabasha County,﻿Pell,﻿Oakwood Township,﻿MN,,,,﻿stp.mn.0186,﻿Visited by Rev. Jas.Trobec,,,,,,,,,,,,1868,﻿,﻿,﻿St. Paul,StPaul
﻿stp.mn.0191,﻿station,not recorded,English,,,,﻿Wabasha County,﻿Wabasha County,﻿Minneiska,﻿Minneiska,﻿MN,,,,﻿stp.mn.0186,﻿Visited by Rev. Jas. Trobec,,,,,,,,,,,,1868,﻿,﻿,﻿St. Paul,StPaul
﻿stp.mn.0192,﻿station,not recorded,English,,,,﻿Wabasha County,﻿Wabasha County,﻿Snake Creek,﻿Snake Creek,﻿MN,,,,﻿stp.mn.0186,﻿Visited by Rev. Jas. Trobec,,,,,,,,,,,,1868,﻿,﻿,﻿St. Paul,StPaul
﻿stp.mn.0193,﻿station,not recorded,English,,,,﻿Wabasha County,﻿Wabasha County,﻿Sand Prairie,﻿Kellogg,﻿MN,,,,﻿stp.mn.0186,﻿Visited by Rev. Jas. Trobec,,,,,,,,,,,,1868,﻿,﻿,﻿St. Paul,StPaul
﻿stp.mn.0194,﻿station,not recorded,English,,,,﻿Wabasha County,﻿Wabasha County,﻿Plainview,﻿Plainview Township,﻿MN,,,,﻿stp.mn.0186,﻿Visited by Rev. Jas. Trobec,,,,,,,,,,,,1868,﻿,﻿,﻿St. Paul,StPaul
﻿stp.mn.0195,﻿station,not recorded,English,,,,﻿Wabasha County,﻿Wabasha County,﻿Backer's Settlement,,﻿MN,,,,﻿stp.mn.0186,﻿Visited by Rev. Jas. Trobec,,,,,,,,,,,,1868,﻿,﻿,﻿St. Paul,StPaul
﻿stp.mn.0196,﻿church,﻿Church of St. Joseph,﻿German,,,,﻿Winona County,﻿Winona County,﻿Winona,﻿Winona,﻿MN,,,,,﻿,,﻿wil_lette_001,﻿Rev.,﻿William Lette,,,,,,,,1868,﻿,﻿,﻿St. Paul,StPaul
﻿stp.mn.0197,﻿church,﻿Church of St. Thomas,﻿English,,,,﻿Winona County,﻿Winona County,﻿Winona,﻿Winona,﻿MN,,,,,﻿,,﻿wil_lette_001,﻿Rev.,﻿William Lette,,,,,,,,1868,﻿,﻿,﻿St. Paul,StPaul
﻿stp.mn.0255,﻿station,not recorded,English,,,,﻿Winona County,﻿Winona County,﻿Rollingstone,,﻿MN,,,,,﻿Visited by Rev. William Lette,,,,,,,,,,,,1868,﻿,﻿,﻿St. Paul,StPaul
﻿stp.mn.0199,﻿station,not recorded,English,,,,﻿Winona County,﻿Winona County,﻿Hart,﻿Hart Township,﻿MN,,,,,﻿Visited by Rev. William Lette,,,,,,,,,,,,1868,﻿,﻿,﻿St. Paul,StPaul
﻿stp.mn.0200,﻿church,not recorded,English,,,,﻿Winona County,﻿Winona County,﻿St. Charles,﻿St. Charles,﻿MN,,,,,﻿Visited by Rev. William Lette,,,,,,,,,,,,1868,﻿,﻿,﻿St. Paul,StPaul
﻿stp.mn.0201,﻿station,not recorded,English,,,,﻿Winona County,﻿Winona County,﻿Elba,﻿Elba,﻿MN,,,,,﻿Visited by Rev. William Lette,,,,,,,,,,,,1868,﻿,﻿,﻿St. Paul,StPaul
﻿stp.mn.0120,﻿church,not recorded,English,﻿church in course of erection,,,﻿Olmstead County,﻿Olmstead County,﻿Rochester,﻿Rochester,﻿MN,,,,,﻿,,﻿tho_ogorman_001,﻿Rev.,﻿Thomas O'Gorman,,,,,,,,1868,﻿,﻿,﻿St. Paul,StPaul
﻿stp.mn.0121,﻿church,﻿Church of St. Bridget,English,,,,﻿Olmstead County,﻿Olmstead County,﻿Pleasant Grove,﻿Pleasant Grove,﻿MN,,,,﻿stp.mn.0120,﻿Visited by Rev. Thos. O'Gorman,,,,,,,,,,,,1868,﻿,﻿,﻿St. Paul,StPaul
﻿stp.mn.0122,﻿station,not recorded,English,,,,﻿Olmstead County,﻿Olmstead County,﻿Marion,﻿Marion,﻿MN,,,,﻿stp.mn.0120,﻿Visited by Rev. Thomas O'Gorman,,,,,,,,,,,,1868,﻿,﻿,﻿St. Paul,StPaul
﻿stp.mn.0312,﻿station,not recorded,English,,,,﻿Olmstead County,﻿Olmstead County,﻿Rockdale,,﻿MN,,,,﻿stp.mn.0120,﻿Visited by Rev. Thomas O'Gorman,,,,,,,,,,,,1868,﻿,﻿,﻿St. Paul,StPaul
﻿stp.mn.0123,﻿station,not recorded,English,,,,﻿Olmstead County,﻿Olmstead County,﻿Salem,﻿Salem Township,﻿MN,,,,﻿stp.mn.0120,﻿Visited by Rev. Thomas O'Gorman,,,,,,,,,,,,1868,﻿,﻿,﻿St. Paul,StPaul
﻿stp.mn.0124,﻿station,not recorded,English,,,,﻿Olmstead County,﻿Olmstead County,﻿Haverhill,﻿Haverhill Township,﻿MN,,,,﻿stp.mn.0120,﻿Visited by Rev. Thomas O'Gorman,,,,,,,,,,,,1868,﻿,﻿,﻿St. Paul,StPaul
﻿stp.mn.0125,﻿station,not recorded,English,,,,﻿Olmstead County,﻿Olmstead County,﻿New-Haven,﻿New Haven Township,﻿MN,,,,﻿stp.mn.0120,﻿Visited by Rev. Thomas O'Gorman,,,,,,,,,,,,1868,﻿,﻿,﻿St. Paul,StPaul
﻿stp.mn.0049,﻿church,not recorded,English,﻿Church in course of erection,,,﻿Fillmore County,﻿Fillmore County,﻿Preston,﻿Preston,﻿MN,,,,,﻿,,﻿e_essing_001,﻿Rev.,﻿E. Essing,,,,,,,,1868,﻿,﻿,﻿St. Paul,StPaul
﻿stp.mn.0050,﻿church,not recorded,English,,,,﻿Fillmore County,﻿Fillmore County,﻿Chatfield,﻿Chatfield,﻿MN,,,,﻿stp.mn.0049,﻿Visited by Rev. E. Essing,,,,,,,,,,,,1868,﻿,﻿,﻿St. Paul,StPaul
﻿stp.mn.0051,﻿church,not recorded,English,,,,﻿Fillmore County,﻿Fillmore County,﻿Forestville,﻿Forestville Township,﻿MN,,,,﻿stp.mn.0049,﻿Visited by Rev. E. Essing,,,,,,,,,,,,1868,﻿,﻿,﻿St. Paul,StPaul
﻿stp.mn.0052,﻿church,not recorded,English,,,,﻿Fillmore County,﻿Fillmore County,﻿Rushford,﻿Rushford,﻿MN,,,,﻿stp.mn.0049,﻿Visited by Rev. E. Essing,,,,,,,,,,,,1868,﻿,﻿,﻿St. Paul,StPaul
﻿stp.mn.0053,﻿church,not recorded,English,,,,﻿Fillmore County,﻿Fillmore County,﻿Beaver,﻿Beaver Township,﻿MN,,,,﻿stp.mn.0049,﻿Visited by Rev. E. Essing,,,,,,,,,,,,1868,﻿,﻿,﻿St. Paul,StPaul
﻿stp.mn.0054,﻿church,not recorded,English,,,,﻿Fillmore County,﻿Carlton County,﻿Carlton,﻿Carlton,﻿MN,,,,﻿stp.mn.0049,﻿Visited by Rev. E. Essing,,,,,,,,,,,,1868,﻿,﻿,﻿St. Paul,StPaul
﻿stp.mn.0055,﻿church,not recorded,English,,,,﻿Fillmore County,﻿Fillmore County,﻿Spring Valley,﻿Spring Valley,﻿MN,,,,﻿stp.mn.0049,﻿Visited by Rev. E. Essing,,,,,,,,,,,,1868,﻿,﻿,﻿St. Paul,StPaul
﻿stp.mn.0056,﻿church,not recorded,English,,,,﻿Fillmore County,﻿Fillmore County,﻿Newburgh,﻿Newburg,﻿MN,,,,﻿stp.mn.0049,﻿Visited by Rev. E. Essing,,,,,,,,,,,,1868,﻿,﻿,﻿St. Paul,StPaul
﻿stp.mn.0083,﻿church,﻿Church of St. John Baptist,English,,,,﻿Houston County,﻿Houston County,﻿Caledonia,﻿Caledonia,﻿MN,,,,,﻿,,﻿mat_stüremberg_001,﻿Rev.,﻿M. Sturenberg,,,,,,,,1868,﻿,﻿,﻿St. Paul,StPaul
﻿stp.mn.0085,﻿church,not recorded,English,,,,﻿Houston County,﻿Houston County,﻿Hokah,﻿Hokah,﻿MN,,,,﻿stp.mn.0084,﻿Visited by Rev. F. X. Newbrand,,,,,,,,,,,,1868,﻿,﻿,﻿St. Paul,StPaul
﻿stp.mn.0086,﻿church,﻿Church of Crucifixion,English,,,,﻿Houston County,﻿Houston County,﻿La Crescent,﻿La Crescent,﻿MN,,,,﻿stp.mn.0084,﻿Visited by Rev. F. X. Newbrand,,,,,,,,,,,,1868,﻿,﻿,﻿St. Paul,StPaul
﻿stp.mn.0084,﻿church,not recorded,English,,,,﻿Houston County,﻿Houston County,﻿Brownsville,﻿Brownsville,﻿MN,,,,,﻿,,﻿f_x_newbrand_001,﻿Rev.,﻿F. X. Newbrand,,,,,,,,1868,﻿,﻿,﻿St. Paul,StPaul
﻿stp.mn.0087,﻿station,not recorded,English,,,,﻿Houston County,﻿Houston County,﻿Riceford,﻿Riceford,﻿MN,,,,﻿stp.mn.0084,﻿Visited by Rev. F. X. Newbrand,,,,,,,,,,,,1868,﻿,﻿,﻿St. Paul,StPaul
﻿stp.mn.0088,﻿station,not recorded,English,,,,﻿Houston County,﻿Houston County,﻿Jefferson,﻿Jefferson,﻿MN,,,,﻿stp.mn.0083,﻿Visited by Rev. M. Sturenberg,,,,,,,,,,,,1868,﻿,﻿,﻿St. Paul,StPaul
﻿stp.mn.0089,﻿station,not recorded,English,,,,﻿Houston County,﻿Houston County,﻿Freeburg,﻿Freeburg,﻿MN,,,,﻿stp.mn.0083,﻿Visited by Rev. M. Sturenberg,,,,,,,,,,,,1868,﻿,﻿,﻿St. Paul,StPaul
﻿stp.mn.0090,﻿station,not recorded,English,,,,﻿Houston County,﻿Houston County,﻿Houston,﻿Houston,﻿MN,,,,﻿stp.mn.0083,﻿Visited by Rev. M. Sturenberg,,,,,,,,,,,,1868,﻿,﻿,﻿St. Paul,StPaul
﻿stp.mn.0174,﻿church,not recorded,English,,,,﻿Wright County,﻿Wright County,﻿Frankfort,﻿Frankfort Township,﻿MN,,,,,﻿,,﻿geo_koering_001,﻿Rev.,﻿G. Koering,,,,,,,,1868,﻿,﻿,﻿St. Paul,StPaul
﻿stp.mn.0175,﻿church,not recorded,English,,,,﻿Wright County,﻿Wright County,﻿Pelican Lake,﻿Pelican Lake,﻿MN,,,,﻿stp.mn.0174,﻿Visited by Rev. G. Koering,,,,,,,,,,,,1868,﻿,﻿,﻿St. Paul,StPaul
﻿stp.mn.0176,﻿church,not recorded,English,,,,﻿Wright County,﻿Wright County,﻿Franklin,﻿Franklin Township,﻿MN,,,,﻿stp.mn.0174,﻿Visited by Rev. G. Koering,,,,,,,,,,,,1868,﻿,﻿,﻿St. Paul,StPaul
﻿stp.mn.0177,﻿station,not recorded,English,,,,﻿Wright County,﻿Wright County,﻿Waverly,﻿Waverly,﻿MN,,,,﻿stp.mn.0174,﻿Visited by Rev. G. Koering,,,,,,,,,,,,1868,﻿,﻿,﻿St. Paul,StPaul
﻿stp.mn.0178,﻿station,not recorded,English,,,,﻿Wright County,﻿Wright County,﻿French Lake,﻿French Lake,﻿MN,,,,﻿stp.mn.0174,﻿Visited by Rev. G. Koering,,,,,,,,,,,,1868,﻿,﻿,﻿St. Paul,StPaul
﻿stp.mn.0179,﻿station,not recorded,English,,,,﻿Wright County,﻿Wright County,﻿Maple Lake,﻿Maple Lake,﻿MN,,,,﻿stp.mn.0174,﻿Visited by Rev. G. Koering,,,,,,,,,,,,1868,﻿,﻿,﻿St. Paul,StPaul
﻿stp.mn.0180,﻿station,not recorded,English,,,,﻿Wright County,﻿Wright County,﻿Monticello,﻿Monticello,﻿MN,,,,﻿stp.mn.0174,﻿Visited by Rev. G. Koering,,,,,,,,,,,,1868,﻿,﻿,﻿St. Paul,StPaul
﻿stp.mn.0181,﻿station,not recorded,English,,,,﻿Wright County,﻿Wright County,﻿Rockford,﻿Rockford,﻿MN,,,,﻿stp.mn.0174,﻿Visited by Rev. G. Koering,,,,,,,,,,,,1868,﻿,﻿,﻿St. Paul,StPaul
﻿stp.mn.0138,﻿church,﻿Church of Immaculate Conception,English,,,,﻿Stearns County,﻿Stearns County,﻿St. Cloud,﻿St. Cloud,﻿MN,,,,,﻿,,﻿mei_stukenkemper_001,﻿Rev.,﻿M. Stuckinkemper,﻿O.S.B.,,,,,,,1868,﻿,﻿,﻿St. Paul,StPaul
﻿stp.mn.0138,﻿church,﻿Church of Immaculate Conception,English,,,,﻿Stearns County,﻿Stearns County,﻿St. Cloud,﻿St. Cloud,﻿MN,,,,,﻿,,﻿jos_vill_001,﻿Rev.,﻿Joseph Vill,﻿O.S.B.,,,,,,,1868,﻿,﻿,﻿St. Paul,StPaul
﻿stp.mn.0139,﻿church,﻿Church of SS. Peter and Paul,English,,,,﻿Stearns County,﻿Stearns County,﻿Richmond,﻿Richmond,﻿MN,,,,,﻿,,﻿cor_wittman_001,﻿Rev.,﻿C. Wittman,﻿O.S.B.,,,,,,,1868,﻿,﻿,﻿St. Paul,StPaul
﻿stp.mn.0139,﻿church,﻿Church of SS. Peter and Paul,English,,,,﻿Stearns County,﻿Stearns County,﻿Richmond,﻿Richmond,﻿MN,,,,,﻿,,﻿ans_fraudendorfer_001,﻿Rev.,﻿A. Fraudendorfer,﻿O.S.B.,,﻿Clinton P.O.,,,,,1868,﻿,﻿,﻿St. Paul,StPaul
﻿stp.mn.0140,﻿church,﻿Church of St. Joseph,English,,,,﻿Stearns County,﻿Stearns County,﻿St. Joseph,﻿St. Joseph,﻿MN,,,,,﻿,,﻿fra_a_casper_001,﻿Rev.,﻿Antonius Casper,﻿O.S.B.,,﻿Clinton P.O.,,,,,1868,﻿,﻿,﻿St. Paul,StPaul
﻿stp.mn.0313,﻿church,﻿Church of SS. Peter and Paul,English,,,,﻿Stearns County,﻿Stearns County,﻿Munson,,,,,,﻿stp.mn.0139,﻿Visited from Richmond,,,,,,,,,,,,1868,﻿,﻿,﻿St. Paul,StPaul
﻿stp.mn.0142,﻿church,﻿Church of St. James,English,,,,﻿Stearns County,﻿Stearns County,﻿Wakefield,﻿Wakefield,﻿MN,,,,﻿stp.mn.0139,﻿Visited from Richmond,,,,,,,,,,,,1868,﻿,﻿,﻿St. Paul,StPaul
﻿stp.mn.0141,﻿church,﻿Church of St. Martin,English,,,,﻿Stearns County,﻿Stearns County,﻿New-Munich,﻿New Munich,﻿MN,,,,﻿stp.mn.0139,﻿Visited from Richmond,,,,,,,,,,,,1868,﻿,﻿,﻿St. Paul,StPaul
﻿stp.mn.0314,﻿church,﻿Church of Holy Cross,English,,,,﻿Stearns County,﻿Stearns County,﻿Oaktown,,﻿MN,,,,﻿stp.mn.0139,﻿Visited from Richmond,,,,,,,,,,,,1868,﻿,﻿,﻿St. Paul,StPaul
﻿stp.mn.0315,﻿church,﻿Church of St. Nicholas,English,,,,﻿Stearns County,﻿Stearns County,﻿Luxemburg,,﻿MN,,,,﻿stp.mn.0139,﻿Visited from Richmond,,,,,,,,,,,,1868,﻿,﻿,﻿St. Paul,StPaul
﻿stp.mn.0316,﻿church,﻿Church of Help of Christians,English,,,,﻿Stearns County,﻿Stearns County,﻿St. Augustine,,﻿MN,,,,﻿stp.mn.0138,﻿Visited from St. Cloud,,,,,,,,,,,,1868,﻿,﻿,﻿St. Paul,StPaul
﻿stp.mn.0317,﻿church,not recorded,English,,,,﻿Stearns County,﻿Stearns County,﻿St. Wendlin,,﻿MN,,,,﻿stp.mn.0138,﻿Visited from St. Cloud,,,,,,,,,,,,1868,﻿,﻿,﻿St. Paul,StPaul
﻿stp.mn.0318,﻿station,not recorded,English,,,,,,﻿Meyers' Settlement,,﻿MN,,,,﻿stp.mn.0139,﻿Visited from Richmond,,,,,,,,,,,,1868,﻿,﻿,﻿St. Paul,StPaul
﻿stp.mn.0319,﻿station,not recorded,English,,,,﻿Stearns County,﻿Stearns County,﻿Schoenborn's Settlement,,﻿MN,,,,﻿stp.mn.0139,﻿Visited from Richmond,,,,,,,,,,,,1868,﻿,﻿,﻿St. Paul,StPaul
﻿stp.mn.0105,﻿church,not recorded,English,,,,﻿Meeker County,﻿Meeker County,﻿Forest City,﻿Forest City,﻿MN,,,,﻿stp.mn.0138,﻿Visited by Rev. F. Stukenkemper,,,,,,,,,,,,1868,﻿,﻿,﻿St. Paul,StPaul
﻿stp.mn.0256,﻿church,not recorded,English,"﻿new counties, scattering families",,,"﻿Kandiyohi, Monongalia, Pope, and Douglas",,,,﻿MN,,,,,﻿Visited occasionally,,,,,,,,,,,,1868,﻿,﻿,﻿St. Paul,StPaul
﻿stp.mn.0113,﻿church,not recorded,English,,,,﻿Morrison County,﻿Morrison County,﻿Belle Prairie,﻿Belle Prairie,﻿MN,,,,,﻿,,﻿jos_buh_001,﻿Rev.,﻿Joseph Buh,,,,,,,,1868,﻿,﻿,﻿St. Paul,StPaul
﻿stp.mn.0114,﻿church,not recorded,English,,,,﻿Morrison County,﻿Morrison County,﻿Little Falls,﻿Little Falls,﻿MN,,,,﻿stp.mn.0113,﻿Visited by Rev. Joseph Buh,,,,,,,,,,,,1868,﻿,﻿,﻿St. Paul,StPaul
﻿stp.mn.0115,﻿church,﻿Church of Holy Cross,English,,,,﻿Morrison County,﻿Morrison County,﻿Two Rivers,﻿Two Rivers,﻿MN,,,,﻿stp.mn.0113,﻿Visited by Rev. Joseph Buh,,,,,,,,,,,,1868,﻿,﻿,﻿St. Paul,StPaul
﻿stp.mn.0031,﻿church,﻿Church of St. Francis Xavier,English,,,,﻿Crow Wing County,﻿Crow Wing County,﻿Crow Wing,﻿Crow Wing,﻿MN,,,,,﻿,,﻿fra_x_pierz_001,﻿Rev.,﻿T. Pierze,,,,,,,,1868,﻿,﻿,﻿St. Paul,StPaul
﻿stp.mn.0031,﻿church,﻿Church of St. Francis Xavier,English,,,,﻿Crow Wing County,﻿Crow Wing County,﻿Crow Wing,﻿Crow Wing,﻿MN,,,,,,,﻿j_tomazin_001,﻿Rev.,﻿J. Tomazin,,,,,,,,1868,﻿,﻿,﻿St. Paul,StPaul
﻿stp.mn.0257,﻿church,not recorded,English,,﻿Fort Abercrombie,,﻿Johnson County,,,,﻿MN,,,,,,,﻿j_b_genin_001,﻿Rev.,﻿J. B. Genin,﻿O.M.S.,,,,,,,1868,﻿,﻿,﻿St. Paul,StPaul
﻿stp.mn.0208,﻿mission,not recorded,English,﻿Indian Mission,,,﻿Itasca County,﻿Itasca County,,﻿Fond du Lac Reservation,﻿MN,,,,﻿stp.mn.0031,﻿Attended to by Rev. Francis Pierze,,,,,,,,,,,,1868,﻿,﻿,﻿St. Paul,StPaul
﻿stp.mn.0208,﻿mission,not recorded,English,﻿Indian Mission,,,﻿Itasca County,﻿Itasca County,,﻿Fond du Lac Reservation,﻿MN,,,,﻿stp.mn.0031,﻿Attended to by Rev. J. Tomazin,,,,,,,,,,,,1868,﻿,﻿,﻿St. Paul,StPaul
﻿stp.mn.0208,﻿mission,not recorded,English,﻿Indian Mission,,,﻿Itasca County,﻿Itasca County,,﻿Fond du Lac Reservation,﻿MN,,,,﻿stp.mn.0113,﻿Attended to by Rev. J. Buh,,,,,,,,,,,,1868,﻿,﻿,﻿St. Paul,StPaul
﻿stp.mn.0210,﻿mission,not recorded,English,﻿Indian Mission,,,﻿Mille Lac County,﻿Mille Lacs County,,﻿Mille Lacs Lake,﻿MN,,,,﻿stp.mn.0031,﻿Attended to by Rev. Francis Pierze,,,,,,,,,,,,1868,﻿,﻿,﻿St. Paul,StPaul
﻿stp.mn.0210,﻿mission,not recorded,English,﻿Indian Mission,,,﻿Mille Lac County,﻿Mille Lacs County,,﻿Mille Lacs Lake,﻿MN,,,,﻿stp.mn.0031,﻿Attended to by Rev. J. Tomazin,,,,,,,,,,,,1868,﻿,﻿,﻿St. Paul,StPaul
﻿stp.mn.0210,﻿mission,not recorded,English,﻿Indian Mission,,,﻿Mille Lac County,﻿Mille Lacs County,,﻿Mille Lacs Lake,﻿MN,,,,﻿stp.mn.0113,﻿Attended to by Rev. J. Buh,,,,,,,,,,,,1868,﻿,﻿,﻿St. Paul,StPaul
﻿stp.mn.0211,﻿mission,not recorded,English,﻿Indian Mission,,,﻿Morrison County,﻿Morrison County,,﻿Buh Township,﻿MN,,,,﻿stp.mn.0031,﻿Attended to by Rev. Francis Pierze,,,,,,,,,,,,1868,﻿,﻿,﻿St. Paul,StPaul
﻿stp.mn.0211,﻿mission,not recorded,English,﻿Indian Mission,,,﻿Morrison County,﻿Morrison County,,﻿Buh Township,﻿MN,,,,﻿stp.mn.0031,﻿Attended to by Rev. J. Tomazin,,,,,,,,,,,,1868,﻿,﻿,﻿St. Paul,StPaul
﻿stp.mn.0211,﻿mission,not recorded,English,﻿Indian Mission,,,﻿Morrison County,﻿Morrison County,,﻿Buh Township,﻿MN,,,,﻿stp.mn.0113,﻿Attended to by Rev. J. Buh,,,,,,,,,,,,1868,﻿,﻿,﻿St. Paul,StPaul
﻿stp.mn.0212,﻿mission,not recorded,English,﻿Indian Mission,,,﻿Todd County,﻿Todd County,,﻿Long Prairie,﻿MN,,,,﻿stp.mn.0031,﻿Attended to by Rev. Francis Pierze,,,,,,,,,,,,1868,﻿,﻿,﻿St. Paul,StPaul
﻿stp.mn.0212,﻿mission,not recorded,English,﻿Indian Mission,,,﻿Todd County,﻿Todd County,,﻿Long Prairie,﻿MN,,,,﻿stp.mn.0031,﻿Attended to by Rev. J. Tomazin,,,,,,,,,,,,1868,﻿,﻿,﻿St. Paul,StPaul
﻿stp.mn.0212,﻿mission,not recorded,English,﻿Indian Mission,,,﻿Todd County,﻿Todd County,,﻿Long Prairie,﻿MN,,,,﻿stp.mn.0113,﻿Attended to by Rev. J. Buh,,,,,,,,,,,,1868,﻿,﻿,﻿St. Paul,StPaul
﻿stp.mn.0213,﻿mission,not recorded,English,﻿Indian Mission,,,﻿Ottertail County,﻿Otter Tail County,,﻿Otter Tail,﻿MN,,,,﻿stp.mn.0031,﻿Attended to by Rev. Francis Pierze,,,,,,,,,,,,1868,﻿,﻿,﻿St. Paul,StPaul
﻿stp.mn.0213,﻿mission,not recorded,English,﻿Indian Mission,,,﻿Ottertail County,﻿Otter Tail County,,﻿Otter Tail,﻿MN,,,,﻿stp.mn.0031,﻿Attended to by Rev. J. Tomazin,,,,,,,,,,,,1868,﻿,﻿,﻿St. Paul,StPaul
﻿stp.mn.0213,﻿mission,not recorded,English,﻿Indian Mission,,,﻿Ottertail County,﻿Otter Tail County,,﻿Otter Tail,﻿MN,,,,﻿stp.mn.0113,﻿Attended to by Rev. J. Buh,,,,,,,,,,,,1868,﻿,﻿,﻿St. Paul,StPaul
﻿stp.mn.0214,﻿mission,not recorded,English,﻿Indian Mission,,,﻿Cass County,﻿Cass County,,﻿Cass Lake,﻿MN,,,,﻿stp.mn.0031,﻿Attended to by Rev. Francis Pierze,,,,,,,,,,,,1868,﻿,﻿,﻿St. Paul,StPaul
﻿stp.mn.0214,﻿mission,not recorded,English,﻿Indian Mission,,,﻿Cass County,﻿Cass County,,﻿Cass Lake,﻿MN,,,,﻿stp.mn.0031,﻿Attended to by Rev. J. Tomazin,,,,,,,,,,,,1868,﻿,﻿,﻿St. Paul,StPaul
﻿stp.mn.0214,﻿mission,not recorded,English,﻿Indian Mission,,,﻿Cass County,﻿Cass County,,﻿Cass Lake,﻿MN,,,,﻿stp.mn.0113,﻿Attended to by Rev. J. Buh,,,,,,,,,,,,1868,﻿,﻿,﻿St. Paul,StPaul
﻿stp.mn.0214,﻿mission,not recorded,English,﻿Indian Mission,,,﻿Cass County,﻿Cass County,,﻿Leech Lake,﻿MN,,,,,,,,,,,,,,,,,1868,﻿,﻿,﻿St. Paul,StPaul
﻿stp.mn.0215,﻿mission,not recorded,English,﻿Indian Mission,,,﻿Polk County,﻿Polk County,,﻿Red Lake,﻿MN,,,,﻿stp.mn.0031,﻿Attended to by Rev. Francis Pierze,,,,,,,,,,,,1868,﻿,﻿,﻿St. Paul,StPaul
﻿stp.mn.0215,﻿mission,not recorded,English,﻿Indian Mission,,,﻿Polk County,﻿Polk County,,﻿Red Lake,﻿MN,,,,﻿stp.mn.0031,﻿Attended to by Rev. J. Tomazin,,,,,,,,,,,,1868,﻿,﻿,﻿St. Paul,StPaul
﻿stp.mn.0215,﻿mission,not recorded,English,﻿Indian Mission,,,﻿Polk County,﻿Polk County,,﻿Red Lake,﻿MN,,,,﻿stp.mn.0113,﻿Attended to by Rev. J. Buh,,,,,,,,,,,,1868,﻿,﻿,﻿St. Paul,StPaul
﻿stp.mn.0216,﻿mission,not recorded,English,﻿Indian Mission,,,﻿Aitken County,﻿Aitkin County,,﻿Big Sandy Lake,﻿MN,,,,﻿stp.mn.0031,﻿Attended to by Rev. Francis Pierze,,,,,,,,,,,,1868,﻿,﻿,﻿St. Paul,StPaul
﻿stp.mn.0216,﻿mission,not recorded,English,﻿Indian Mission,,,﻿Aitken County,﻿Aitkin County,,﻿Big Sandy Lake,﻿MN,,,,﻿stp.mn.0031,﻿Attended to by Rev. J. Tomazin,,,,,,,,,,,,1868,﻿,﻿,﻿St. Paul,StPaul
﻿stp.mn.0216,﻿mission,not recorded,English,﻿Indian Mission,,,﻿Aitken County,﻿Aitkin County,,﻿Big Sandy Lake,﻿MN,,,,﻿stp.mn.0113,﻿Attended to by Rev. J. Buh,,,,,,,,,,,,1868,﻿,﻿,﻿St. Paul,StPaul
﻿stp.mn.0217_01,﻿mission,﻿Mission of Half-Breeds and Chippewas,English,﻿Indian Mission,﻿at Pembina,,,﻿Pembina County,,﻿Pembina,,﻿ND,,,,﻿,,﻿f_richer_001,﻿Rev.,﻿F. Richer,﻿O.M.I.,,,,,,,1868,﻿,﻿,﻿St. Paul,StPaul
﻿stp.mn.0217_01,﻿mission,﻿Mission of Half-Breeds and Chippewas,English,﻿Indian Mission,﻿at Pembina,,,﻿Pembina County,,﻿Pembina,,,,,,﻿,,﻿f_ledue_001,﻿Rev.,﻿F. Ledue,﻿O.M.I.,,,,,,,1868,﻿,﻿,﻿St. Paul,StPaul
﻿stp.mn.0217_02,﻿mission,﻿Mission of Half-Breeds and Chippewas,English,﻿Indian Mission,"﻿at St. Joseph, Red River of the North",,,﻿Pembina County,﻿St. Joseph,﻿Walhalla,,﻿ND,,,,,,﻿f_richer_001,﻿Rev.,﻿F. Richer,﻿O.M.I.,,,,,,,1868,﻿,﻿,﻿St. Paul,StPaul
﻿stp.mn.0217_02,﻿mission,﻿Mission of Half-Breeds and Chippewas,English,﻿Indian Mission,"﻿at St. Joseph, Red River of the North",,,﻿Pembina County,﻿St. Joseph,﻿Walhalla,,,,,,,,﻿f_ledue_001,﻿Rev.,﻿F. Ledue,﻿O.M.I.,,,,,,,1868,﻿,﻿,﻿St. Paul,StPaul
﻿stp.mn.0218,﻿mission,﻿Mission of Fond du Lac,English,﻿Indian Mission,﻿near Superior City,,,﻿Douglas County,,,﻿MN,,46.71581695,-92.51326606,,"﻿Visited by Rev. John Chebul, of Bayfield, Wisconsin",,,,,,,,,,,,1868,﻿,﻿,﻿St. Paul,StPaul
﻿stp.mn.0219,﻿mission,not recorded,English,﻿Indian Mission,﻿north shore of Lake Superior,,,﻿Cook County,﻿Grand Portage,﻿Grand Portage,﻿MN,,,,,﻿Attended by the Jesuit Fathers at Fort William,,,,,,,,,,,,1868,﻿,﻿,﻿St. Paul,StPaul
﻿stp.mn.0220,﻿seminary,not recorded,English,"﻿Preparatory Seminary. The Theological Students of the Diocese are distributed between All-Hallows', Dublin; St. Vincent's Seminary, Pa., and St. Vincent's Seminary, Cape Girardeau, Mo.",,,,,﻿St. Paul,,﻿MN,,,,,,,,,,,,,,,,,1868,﻿,﻿,﻿St. Paul,StPaul
﻿stp.mn.0228_03,﻿abbey,﻿Abbey of St. Louis on the Lake,English,"﻿of the Order of St. Benedict. There are also houses attached to the abbey, at St. Paul's, St. Cloud, Shakopee, St. Joseph, and Richmond.","﻿near St. Cloud, Clinton P.O.",,﻿Stearns County,,,,﻿MN,,,,,,,﻿rup_seidenbusch_001,﻿Rt. Rev.,﻿Rupert Seidenbusch,﻿O.S.B.,﻿Abbot and Rector of the College,,﻿priest,﻿13 priests mostly engaged in missionary duties in various parts of the diocese,,,1868,﻿,﻿,﻿St. Paul,StPaul
﻿stp.mn.0228_03,﻿abbey,﻿Abbey of St. Louis on the Lake,English,"﻿of the Order of St. Benedict. There are also houses attached to the abbey, at St. Paul's, St. Cloud, Shakopee, St. Joseph, and Richmond.","﻿near St. Cloud, Clinton P.O.",,﻿Stearns County,,,,﻿MN,,,,,,,﻿ben_haindl_001,﻿Very Rev.,﻿Benedict Haindl,﻿O.S.B.,"﻿Prior, and Professor of Dogmatic Theology",,﻿priest,﻿15 scholastics,,,1868,﻿,﻿,﻿St. Paul,StPaul
﻿stp.mn.0228_03,﻿abbey,﻿Abbey of St. Louis on the Lake,English,"﻿of the Order of St. Benedict. There are also houses attached to the abbey, at St. Paul's, St. Cloud, Shakopee, St. Joseph, and Richmond.","﻿near St. Cloud, Clinton P.O.",,﻿Stearns County,,,,﻿MN,,,,,,,﻿wol_northmann_001,﻿Rev.,﻿Wolfgang Norttmann,﻿O.S.B.,"﻿Vice-Rector, and Professor of Church History, Latin, Greek, Mathematics, Book-keeping, and Music",,﻿priest,﻿14 lay brothers,,,1868,﻿,﻿,﻿St. Paul,StPaul
﻿stp.mn.0228_03,﻿abbey,﻿Abbey of St. Louis on the Lake,English,"﻿of the Order of St. Benedict. There are also houses attached to the abbey, at St. Paul's, St. Cloud, Shakopee, St. Joseph, and Richmond.","﻿near St. Cloud, Clinton P.O.",,﻿Stearns County,,,,﻿MN,,,,,,,﻿ale_edelbrock_001,﻿Rev.,﻿Alexius Edelbrock,﻿O.S.B.,"﻿Professor of Philosophy, Latin, Greek, History, English, and German",,﻿priest,﻿12 lay brothers,,,1868,﻿,﻿,﻿St. Paul,StPaul
﻿stp.mn.0228_03,﻿abbey,﻿Abbey of St. Louis on the Lake,English,"﻿of the Order of St. Benedict. There are also houses attached to the abbey, at St. Paul's, St. Cloud, Shakopee, St. Joseph, and Richmond.","﻿near St. Cloud, Clinton P.O.",,﻿Stearns County,,,,﻿MN,,,,,,,﻿aug_burns_001,﻿Rev.,﻿Augustine Burns,﻿O.S.B.,"﻿Professor of Moral Theology, Christian Doctrine, Rhetoric, English Grammar, and Composition",,﻿priest,﻿12 lay brothers,,,1868,﻿,﻿,﻿St. Paul,StPaul
﻿stp.mn.0228_03,﻿abbey,﻿Abbey of St. Louis on the Lake,English,"﻿of the Order of St. Benedict. There are also houses attached to the abbey, at St. Paul's, St. Cloud, Shakopee, St. Joseph, and Richmond.","﻿near St. Cloud, Clinton P.O.",,﻿Stearns County,,,,﻿MN,,,,,,,﻿val_stimmler_001,﻿Rev.,﻿Valentine Stimmler,﻿O.S.B.,"﻿Chief Disciplinarian, and Professor of Christian Doctrine, and Arithmetic",,﻿priest,﻿12 lay brothers,,,1868,﻿,﻿,﻿St. Paul,StPaul
﻿stp.mn.0228_03,﻿abbey,﻿Abbey of St. Louis on the Lake,English,"﻿of the Order of St. Benedict. There are also houses attached to the abbey, at St. Paul's, St. Cloud, Shakopee, St. Joseph, and Richmond.","﻿near St. Cloud, Clinton P.O.",,﻿Stearns County,,,,﻿MN,,,,,,,﻿and_schifferer_001,﻿Mr.,﻿Andrew Schifferer,,﻿Professor of Drawing,,﻿priest,﻿12 lay brothers,,,1868,﻿,﻿,﻿St. Paul,StPaul
﻿stp.mn.0228_03,﻿abbey,﻿Abbey of St. Louis on the Lake,English,"﻿of the Order of St. Benedict. There are also houses attached to the abbey, at St. Paul's, St. Cloud, Shakopee, St. Joseph, and Richmond.","﻿near St. Cloud, Clinton P.O.",,﻿Stearns County,,,,﻿MN,,,,,,,﻿nic_dreher_001,﻿Mr.,﻿Nicolaus Dreher,,﻿Professor of German,,﻿priest,﻿12 lay brothers,,,1868,﻿,﻿,﻿St. Paul,StPaul
﻿stp.mn.0225_04,﻿novitiate,not recorded,English,,,,,,﻿St. Paul,﻿St. Paul,﻿MN,,,,,,,,﻿Sister,﻿George,,﻿Superior,,﻿religious,﻿30 sisters,,,1868,﻿,﻿,﻿St. Paul,StPaul
﻿stp.mn.0225_02,﻿academy,not recorded,English,,,,,,﻿St. Paul,﻿St. Paul,﻿MN,,,,,,,,,,,,,,,,,1868,﻿,﻿,﻿St. Paul,StPaul
﻿stp.mn.0222,﻿convent,﻿St. Mary's Convent,English,,,,,,﻿St. Anthony,,﻿MN,,,,,,,,,,,,,,,﻿under charge of Sisters of St. Joseph,,1868,﻿,﻿,﻿St. Paul,StPaul
﻿stp.mn.0231_03,﻿academy,not recorded,English,,,,﻿Stearns County,,﻿St. Joseph,﻿St. Joseph,﻿MN,,,,,,,,﻿Sister,﻿Willebalda,,﻿Prioresss,,﻿religious,﻿Twelve nuns,﻿under charge of Nuns of St. Benedict,,1868,﻿,﻿,﻿St. Paul,StPaul
﻿stp.mn.0231_02,﻿convent,not recorded,English,,,,﻿Stearns County,,﻿St. Joseph,﻿St. Joseph,﻿MN,,,,,,,,﻿Sister,﻿Willebalda,,﻿Prioresss,,﻿religious,﻿Twelve nuns,﻿under charge of Nuns of St. Benedict,,1868,﻿,﻿,﻿St. Paul,StPaul
﻿stp.mn.0227_04,﻿academy,﻿St. Gertrude's Academy,English,,,,,,﻿Shakopee,,﻿MN,,,,,,,,﻿Sister,﻿Clara,,﻿Prioresss,,﻿religious,﻿Six nuns,﻿under charge of Nuns of St. Benedict,,1868,﻿,﻿,﻿St. Paul,StPaul
﻿stp.mn.0230_02,﻿academy,﻿Bethlehem Academy,English,,,,﻿Faribault County,﻿Faribault County,,,﻿MN,,,,,,,,﻿Sister,﻿Gertrude,,﻿Superior,,﻿religious,﻿5 sisters,﻿under charge of Sisters of the Third Order of St. Dominic,,1868,﻿,﻿,﻿St. Paul,StPaul
﻿stp.mn.0230_02,﻿academy,﻿Bethlehem Academy,English,,,,﻿Faribault County,﻿Faribault County,,,﻿MN,,,,,,,,,,,,,﻿student,﻿30 boarders and day-scholars,﻿under charge of Sisters of the Third Order of St. Dominic,,1868,﻿,﻿,﻿St. Paul,StPaul
﻿stp.mn.0240,﻿school,not recorded,English,,,,,,﻿Mankato,,﻿MN,,,,,,,,﻿Sister,﻿Ambrosia,,﻿Superior,,﻿religious,﻿Five sisters,﻿under charge of Sisters of Notre Dame,,1868,﻿,﻿,﻿St. Paul,StPaul
﻿stp.mn.0228_02,﻿college,﻿St. John's College,English,,"﻿P.O., Clinton",,﻿Stearns County,﻿Stearns County,,,﻿MN,,,,,,,﻿rup_seidenbusch_001,﻿Rt. Rev.,﻿R. Seidenbusch,,﻿Superior,,,,﻿Benedictine Fathers,,1868,﻿,﻿,﻿St. Paul,StPaul
﻿stp.mn.0229,﻿academy,﻿St. Joseph's Academy,English,,,,,,﻿St. Paul,,﻿MN,,,,,,,,,,,,,﻿student,﻿80 boarders and day-scholars,﻿Sisters of St. Joseph,,1868,﻿,﻿,﻿St. Paul,StPaul
﻿stp.mn.0231,﻿academy,﻿St. Benedict's Academy,English,,,,﻿Stearns County,﻿Stearns County,﻿St. Joseph,,﻿MN,,,,,,,,,,,,,,,﻿Sisters of St. Benedict,,1868,﻿,﻿,﻿St. Paul,StPaul
﻿stp.mn.0232,﻿academy,﻿Academy at Hokah,English,,,,﻿Houston County,﻿Houston County,,,﻿MN,,,,,,,,,,,,,,,﻿Sisters of Notre Dame,,1868,﻿,﻿,﻿St. Paul,StPaul
﻿stp.mn.0001_02,﻿school,﻿St. Paul Cathedral School,English,,,,,,﻿St. Paul,,﻿MN,,,,,,,,,,,,,﻿teacher,﻿655 scholars,"﻿under direction of the Sisters of St. Joseph, and secular teachers",,1868,﻿,﻿,﻿St. Paul,StPaul
﻿stp.mn.0002_02,﻿school,not recorded,English,"﻿German school, under direction of the Sisters of St. Joseph, and secular teachers",,,,﻿Ramsey County,﻿St. Paul,,﻿MN,,,,,,,,,,,,,﻿teacher,﻿500 scholars,,,1868,﻿,﻿,﻿St. Paul,StPaul
﻿stp.mn.0237,﻿school,not recorded,English,﻿School under the direction of the Sisters of St. Joseph,,,,,﻿Minneapolis,,﻿MN,,,,,,,,,,,,,﻿teacher,﻿200 scholars,,,1868,﻿,﻿,﻿St. Paul,StPaul
﻿stp.mn.0238,﻿school,not recorded,English,﻿School under direction of the Sisters of St. Joseph,,,,,﻿St. Anthony,,﻿MN,,,,,,,,,,,,,﻿teacher,﻿140 scholars,,,1868,﻿,﻿,﻿St. Paul,StPaul
﻿stp.mn.0258,﻿school,not recorded,English,﻿German Catholic School,,,,,﻿St. Anthony,,﻿MN,,,,,,,,,,,,,﻿teacher,﻿60 scholars,,,1868,﻿,﻿,﻿St. Paul,StPaul
﻿stp.mn.0227_02,﻿school,not recorded,English,,,,,,﻿Shakopee,,﻿MN,,,,,,,,,,,,,,,﻿School under direction of the Sisters of St. Benedict,,1868,﻿,﻿,﻿St. Paul,StPaul
﻿stp.mn.0240,﻿school,not recorded,English,,,,,,﻿Mankato,,﻿MN,,,,,,,,,,,,,﻿teacher,﻿250 scholars,﻿School under direction of the Sisters of Notre Dame,,1868,﻿,﻿,﻿St. Paul,StPaul
﻿stp.mn.0230_03,﻿school,not recorded,English,,,,﻿Faribault County,﻿Faribault County,,,﻿MN,,,,,,,,,,,,,﻿teacher,﻿225 scholars,"﻿Parochial Schools, under direction of the Sisters of St. Dominic",,1868,﻿,﻿,﻿St. Paul,StPaul
﻿stp.mn.0242,﻿school,not recorded,English,﻿Catholic Schools,,,,,﻿St. Cloud,,﻿MN,,,,,,,,,,,,,﻿teacher,﻿200 scholars,,,1868,﻿,﻿,﻿St. Paul,StPaul
﻿stp.mn.0259,﻿school,not recorded,English,﻿School under charge of secular teachers,,,,,﻿Carver,,﻿MN,,,,,,,,,,,,,,,,,1868,﻿,﻿,﻿St. Paul,StPaul
﻿stp.mn.0225_05,﻿hospital,﻿St. Joseph's Hospital,English,,,,,,﻿St. Paul,,﻿MN,,,,,,,,﻿Sister,﻿Alphonsus,,﻿Superior,,,,﻿under charge of the Sisters of St. Joseph,,1868,﻿,﻿,﻿St. Paul,StPaul
﻿stp.mn.0225_03,﻿asylum,﻿St. Joseph's Orphan Asylum,English,,,,,,﻿St. Paul,,﻿MN,,,,,,,,,,,,,﻿child,﻿72 orphans,﻿under charge of the Sisters of St. Joseph,,1868,﻿,﻿,﻿St. Paul,StPaul
﻿stp.mn.0227_03,﻿asylum,﻿Orphan Asylum,English,,,,,,﻿Shakopee,,﻿MN,,,,,,,,,,,,,,,﻿under charge of Sisters of St. Benedict,,1868,﻿,﻿,﻿St. Paul,StPaul
﻿stp.mn.0262,﻿asylum,﻿Orphan Asylum,English,,,,﻿Faribault County,﻿Faribault County,,,﻿MN,,,,,,,﻿geo_keller_001,﻿Rev.,﻿George Keller,,,,,,﻿under direction of Rev. George Keller,,1868,﻿,﻿,﻿St. Paul,StPaul
