instID,church_type,instName,language,instNote,placeName,region,county_orig,county_reg,city_orig,city_reg,state_orig,state_reg,latitude,longitude,attendingInstID,attendingChurch,attendingChurchFrequency,persID,persTitle,persName,persSuffix,persRole,persNote,memberType,member,affiliated,order,year,attendingPersID,attendingChurchNote,diocese,diocese_reg
﻿stp.mn.0001,﻿cathedral,﻿Cathedral of St. Paul,English,"﻿Mass at seven and half-past ten for English-speaking congregation, and at nine for the French congregation. Vespers at half-past three P.M.",﻿corner of Sixth and St. Peter streets,,,﻿Ramsey County,﻿St. Paul,﻿St. Paul,﻿MN,,,,,,,﻿tho_l_grace_001,﻿Right Rev.,﻿Thomas L. Grace,﻿D.D.,,,,,,,1866,﻿,﻿,﻿St. Paul,StPaul
﻿stp.mn.0001,﻿cathedral,﻿Cathedral of St. Paul,English,"﻿Mass at seven and half-past ten for English-speaking congregation, and at nine for the French congregation. Vespers at half-past three P.M.",﻿corner of Sixth and St. Peter streets,,,﻿Ramsey County,﻿St. Paul,﻿St. Paul,﻿MN,,,,,,,﻿a_ravoux_001,﻿Very Rev.,﻿A. Ravoux,﻿V.G.,,,,,,,1866,﻿,﻿,﻿St. Paul,StPaul
﻿stp.mn.0001,﻿cathedral,﻿Cathedral of St. Paul,English,"﻿Mass at seven and half-past ten for English-speaking congregation, and at nine for the French congregation. Vespers at half-past three P.M.",﻿corner of Sixth and St. Peter streets,,,﻿Ramsey County,﻿St. Paul,﻿St. Paul,﻿MN,,,,,,,﻿a_oster_001,﻿Rev.,﻿A. Oster,,,,,,,,1866,﻿,﻿,﻿St. Paul,StPaul
﻿stp.mn.0001,﻿cathedral,﻿Cathedral of St. Paul,English,"﻿Mass at seven and half-past ten for English-speaking congregation, and at nine for the French congregation. Vespers at half-past three P.M.",﻿corner of Sixth and St. Peter streets,,,﻿Ramsey County,﻿St. Paul,﻿St. Paul,﻿MN,,,,,,,﻿joh_ireland_001,﻿Rev.,﻿John Ireland,,,,,,,,1866,﻿,﻿,﻿St. Paul,StPaul
﻿stp.mn.0001,﻿cathedral,﻿Cathedral of St. Paul,English,"﻿Mass at seven and half-past ten for English-speaking congregation, and at nine for the French congregation. Vespers at half-past three P.M.",﻿corner of Sixth and St. Peter streets,,,﻿Ramsey County,﻿St. Paul,﻿St. Paul,﻿MN,,,,,,,,﻿Rev.,﻿L. E. Caillet,,,,,,,,1866,﻿,﻿,﻿St. Paul,StPaul
﻿stp.mn.0002,﻿church,﻿Assumption Church,﻿German,﻿Mass at seven and ten A.M. Vespers at three P.M.,"﻿Ninth street, between St. Peter and Vine streets",,,﻿Ramsey County,﻿St. Paul,﻿St. Paul,﻿MN,,,,,,,﻿cl_staub_001,﻿Rev.,﻿Cl. Staub,﻿O.S.B.,,,,,,,1866,﻿,﻿,﻿St. Paul,StPaul
﻿stp.mn.0002,﻿church,﻿Assumption Church,﻿German,﻿Mass at seven and ten A.M. Vespers at three P.M.,"﻿Ninth street, between St. Peter and Vine streets",,,﻿Ramsey County,﻿St. Paul,﻿St. Paul,﻿MN,,,,,,,﻿mat_stüremberg_001,﻿Rev.,﻿Math. Sturenburg,,,,,,,,1866,﻿,﻿,﻿St. Paul,StPaul
﻿stp.mn.0002,﻿chapel,﻿Chapel of St. Joseph's Academy,﻿German,﻿Mass at seven and ten A.M. Vespers at three P.M.,"﻿Ninth street, between St. Peter and Vine streets",,,﻿Ramsey County,﻿St. Paul,﻿St. Paul,﻿MN,,,,,,,,﻿Very Rev.,﻿Demetrius Marogna,﻿O.S.B.,,,,,,,1866,﻿,﻿,﻿St. Paul,StPaul
﻿stp.mn.0103,﻿church,﻿St. John's,English,,,,﻿Mower County,﻿Mower County,﻿Adamstown,﻿Adams,﻿MN,,,,﻿stp.mn.0129,﻿Visited from Faribault,,,,,,,,,,,,1866,﻿,﻿,﻿St. Paul,StPaul
﻿stp.mn.0008,﻿church,not recorded,English,,,,﻿Anoka County,﻿Anoka County,﻿Anoka,﻿Anoka,﻿MN,,,,﻿stp.mn.0073,﻿Visited from Dayton,,,,,,,,,,,,1866,﻿,﻿,﻿St. Paul,StPaul
﻿stp.mn.0070,﻿church,﻿St. Anthony of Padua,English,,,,﻿Hennepin County,﻿Hennepin County,﻿St. Anthony's Falls,﻿St. Anthony,﻿MN,,,,,,,,﻿Rev.,﻿John McDermott,,,,,,,,1866,﻿,﻿,﻿St. Paul,StPaul
﻿stp.mn.0071,﻿church,﻿St. Boniface,﻿German,,,,﻿Hennepin County,﻿Hennepin County,﻿St. Anthony's Falls,﻿St. Anthony,﻿MN,,,,,,,,﻿Rev.,﻿J. Tomasovic,,,,,,,,1866,﻿,﻿,﻿St. Paul,StPaul
﻿stp.mn.0169,﻿church,not recorded,English,,,,﻿Sibley County,﻿Sibley County,﻿Arlington,﻿Arlington,﻿MN,,,,﻿stp.mn.0164,﻿Visited from Henderson,,,,,,,,,,,,1866,﻿,﻿,﻿St. Paul,StPaul
﻿stp.mn.0169,﻿church,﻿St. Augustine's,English,,,,﻿Stearns County,﻿Sibley County,﻿Augusta,﻿Arlington,﻿MN,,,,,﻿Visited from St. Cloud,,,,,,,,,,,,1866,﻿,﻿,﻿St. Paul,StPaul
﻿stp.mn.0102,﻿church,﻿St. Augustine's,English,,,,﻿Mower County,﻿Mower County,﻿Austin,﻿Austin,﻿MN,,,,﻿stp.mn.0129,﻿Visited from Faribault,,,,,,,,,,,,1866,﻿,﻿,﻿St. Paul,StPaul
﻿stp.mn.0059,﻿church,﻿Church of ---,English,,,,﻿Freeborn County,﻿Steele County,﻿Beaver Lake,﻿Berlin Township,﻿MN,,,,﻿stp.mn.0129,﻿Visited from Faribault,,,,,,,,,,,,1866,﻿,﻿,﻿St. Paul,StPaul
﻿stp.mn.0063,﻿church,not recorded,English,,,,﻿Goodhue County,﻿Goodhue County,﻿Bell Creek,﻿Belle Creek Township,﻿MN,,,,,﻿Visited from Wabashaw,,,,,,,,,,,,1866,﻿,﻿,﻿St. Paul,StPaul
﻿stp.mn.0151,﻿church,﻿St. Martin's,English,,,,﻿Scott County,﻿Scott County,﻿Belle Plaine,﻿Belle Plaine,﻿MN,,,,,,,﻿ale_berghold_001,﻿Rev.,﻿Alex. Berghold,,,,,,,,1866,﻿,﻿,﻿St. Paul,StPaul
﻿stp.mn.0113,﻿church,not recorded,English,,,,﻿Morrison County,﻿Morrison County,﻿Belle Prairie,﻿Belle Prairie,﻿MN,,,,,,,﻿jos_buh_001,﻿Rev.,﻿Joseph Buh,,,,,,,,1866,﻿,﻿,﻿St. Paul,StPaul
﻿stp.mn.0113,﻿church,not recorded,English,,,,﻿Morrison County,﻿Morrison County,﻿Belle Prairie,﻿Belle Prairie,﻿MN,,,,,,,,﻿Rev.,﻿Jas. Trobie,,,,,,,,1866,﻿,﻿,﻿St. Paul,StPaul
﻿stp.mn.0113,﻿church,not recorded,English,,,,﻿Dakota County,﻿Morrison County,﻿Bell Wood,﻿Belle Prairie,﻿MN,,,,,﻿Visited from Hastings,,,,,,,,,,,,1866,﻿,﻿,﻿St. Paul,StPaul
﻿stp.mn.0161,﻿church,not recorded,English,,,,﻿Scott County,﻿Scott County,﻿St. Benedict,﻿Helena Township,﻿MN,,,,﻿stp.mn.0153,﻿Visited from New-Prague,,,,,,,,,,,,1866,﻿,﻿,﻿St. Paul,StPaul
﻿stp.mn.0022,﻿church,﻿St. Bernard's,English,,,,﻿Carver County,﻿Carver County,﻿Benton,﻿Benton Township,﻿MN,,,,﻿stp.mn.0019,﻿Visited from Waconia,,,,,,,,,,,,1866,﻿,﻿,﻿St. Paul,StPaul
﻿stp.mn.0183,﻿station,not recorded,English,,,,﻿Waseca County,﻿Waseca County,﻿Blooming Grove,﻿Blooming Grove Township maybe?,﻿MN,,,,﻿stp.mn.0129,﻿Visited from Faribault,,,,,,,,,,,,1866,﻿,﻿,﻿St. Paul,StPaul
﻿stp.mn.0084,﻿church,not recorded,English,,,,﻿Houston County,﻿Houston County,﻿Brownsville,﻿Brownsville,﻿MN,,,,﻿stp.mn.0085,﻿Visited from Hoka,,,,,,,,,,,,1866,﻿,﻿,﻿St. Paul,StPaul
﻿stp.mn.0034,﻿church,﻿St. John's,English,,,,﻿Dakota County,﻿Dakota County,﻿Byrnsville,﻿Burnsville,﻿MN,,,,,﻿Visited from Mendota,,,,,,,,,,,,1866,﻿,﻿,﻿St. Paul,StPaul
﻿stp.mn.0267,﻿church,﻿Holy Cross,English,,,,﻿Wright County,﻿Wright County,﻿Buffalo,,﻿MN,,,,﻿stp.mn.0174,﻿Visited from Frankfort,,,,,,,,,,,,1866,﻿,﻿,﻿St. Paul,StPaul
﻿stp.mn.0082,﻿station,not recorded,English,,,,﻿Hennepin County,﻿Hennepin County,﻿Cahill Settlement,﻿Edina,﻿MN,,,,﻿stp.mn.0070,﻿Visited from St. Anthony's Falls,,,,,,,,,,,,1866,﻿,﻿,﻿St. Paul,StPaul
﻿stp.mn.0083,﻿church,﻿St. John Baptist,English,,,,﻿Houston County,﻿Houston County,﻿Caledonia,﻿Caledonia,﻿MN,,,,,,,﻿e_essing_001,﻿Rev.,﻿E. Essing,,,,,,,,1866,﻿,﻿,﻿St. Paul,StPaul
﻿stp.mn.0069,﻿church,﻿Church of St. Pius',English,,,,﻿Goodhue County,﻿Goodhue County,﻿Cannon Falls,﻿Cannon Falls,﻿MN,,,,﻿stp.mn.0035,﻿Visited from New-Treves,,,,,,,,,,,,1866,﻿,﻿,﻿St. Paul,StPaul
﻿stp.mn.0069,﻿church,﻿Church of ----,English,,,,﻿Fillmore County,﻿Goodhue County,﻿Carrolltown,﻿Cannon Falls,﻿MN,,,,,﻿Visited from Rochester,,,,,,,,,,,,1866,﻿,﻿,﻿St. Paul,StPaul
﻿stp.mn.0268,﻿church,not recorded,English,,,,﻿Anoka County,﻿Anoka County,﻿Cedar Creek,,﻿MN,,,,﻿stp.mn.0073,﻿Visited from Dayton,,,,,,,,,,,,1866,﻿,﻿,﻿St. Paul,StPaul
﻿stp.mn.0154,﻿church,not recorded,English,,,,﻿Dakota County,,﻿Cedar Lake,﻿Cedar Lake Township,﻿MN,,,,﻿stp.mn.0153,﻿Visited from New-Prague,,,,,,,,,,,,1866,﻿,﻿,﻿St. Paul,StPaul
﻿stp.mn.0009,﻿church,not recorded,English,,,,﻿Anoka County,﻿Anoka County,﻿Centreville,﻿Centerville,﻿MN,,,,﻿stp.mn.0007,﻿Visited from Little Canada,,,,,,,,,,,,1866,﻿,﻿,﻿St. Paul,StPaul
﻿stp.mn.0009,﻿church,not recorded,English,,,,﻿Wabashaw County,﻿Anoka County,﻿Centreville,﻿Centerville,﻿MN,,,,,﻿Visited from Wabashaw,,,,,,,,,,,,1866,﻿,﻿,﻿St. Paul,StPaul
﻿stp.mn.0050,﻿church,﻿Church of ----,English,,,,﻿Fillmore County,﻿Fillmore County,﻿Chatfield,﻿Chatfield,﻿MN,,,,﻿stp.mn.0120,﻿Visited from Rochester,,,,,,,,,,,,1866,﻿,﻿,﻿St. Paul,StPaul
﻿stp.mn.0020,﻿church,﻿Guardian Angels,English,,,,﻿Carver County,﻿Carver County,﻿Chaska,﻿Chaska,﻿MN,,,,,,,﻿m_mayer_001,﻿Rev.,﻿M. Mayer,,,,,,,,1866,﻿,﻿,﻿St. Paul,StPaul
﻿stp.mn.0065,﻿church,not recorded,English,,,,﻿Goodhue County,﻿Goodhue County,﻿Cherry Grove,﻿Cherry Grove Township,﻿MN,,,,,﻿Visited from Wabashaw,,,,,,,,,,,,1866,﻿,﻿,﻿St. Paul,StPaul
﻿stp.mn.0269,﻿church,not recorded,English,,,,﻿Wabashaw County,﻿Wabasha County,﻿Chester,,﻿MN,,,,﻿stp.mn.0186,﻿Visited from Wabashaw,,,,,,,,,,,,1866,﻿,﻿,﻿St. Paul,StPaul
﻿stp.mn.0157,﻿church,not recorded,English,,,,﻿Scott County,﻿Scott County,﻿Clary Settlement,﻿Shakopee,﻿MN,,,,,﻿Visited from Mendota,,,,,,,,,,,,1866,﻿,﻿,﻿St. Paul,StPaul
﻿stp.mn.0093,﻿church,not recorded,English,,,,﻿Le Sueur County,﻿Le Sueur County,﻿Cleveland,﻿Cleveland,﻿MN,,,,﻿stp.mn.0116,﻿Visited from St. Peter,,,,,,,,,,,,1866,﻿,﻿,﻿St. Paul,StPaul
﻿stp.mn.0138,﻿church,﻿St. Clotilda's,English,,,,﻿Stearns County,﻿Stearns County,﻿St. Cloud,﻿St. Cloud,﻿MN,,,,,,,﻿ans_fraudendorfer_001,﻿Rev.,﻿Anscharius Frauenderfer,﻿O.S.B.,,,,,,,1866,﻿,﻿,﻿St. Paul,StPaul
﻿stp.mn.0138,﻿church,﻿St. Walburgis',﻿German,,,,﻿Hennepin County,﻿Stearns County,﻿Corcoran,﻿St. Cloud,﻿MN,,,,,﻿Visited from Frankfort,,﻿mei_stukenkemper_001,﻿Rev.,﻿Meinulph Stukenkemper,﻿O.S.B.,,,,,,,1866,﻿,﻿,﻿St. Paul,StPaul
﻿stp.mn.0138,﻿church,﻿St. ----,﻿Irish and French,,,,﻿Hennepin County,﻿Stearns County,﻿Corcoran,﻿St. Cloud,﻿MN,,,,,﻿Visited from Dayton,,,﻿Very Rev.,﻿Othmar Wirz,﻿O.S.B.,,,,,,,1866,﻿,﻿,﻿St. Paul,StPaul
﻿stp.mn.0018,﻿church,not recorded,English,,,,﻿Brown County,﻿Brown County,﻿Cottonwood,﻿Cottonwood Township,﻿MN,,,,﻿stp.mn.0012,﻿Visited from Mankato,,,,,,,,,,,,1866,﻿,﻿,﻿St. Paul,StPaul
﻿stp.mn.0031,﻿church,﻿St. Francis Xavier's,English,,,,﻿Todd County,﻿Crow Wing County,﻿Crow-Wing,﻿Crow Wing,﻿MN,,,,,,,﻿fra_x_pierz_001,﻿Rev.,﻿Fr.  Pierze,,,,,,,,1866,﻿,﻿,﻿St. Paul,StPaul
